time,q1,q2,q3,q4,q5,q6,ph_x,ph_y,ph_z,h,n_c,frameId,d,vr,vh
0.002,-3.20961e-07,-1.5708,1.5708,3.20961e-07,-2.13974e-07,2.13974e-07,1.25,0.3,0.65,0.42968,0,54,0.67968,-0,-0.024745
0.004,-2.89017e-06,-1.5708,1.5708,2.89017e-06,-1.92678e-06,1.92678e-06,1.25,0.300754,0.65,0.42975,0,54,0.679727,0.000155289,-0.0242169
0.006,-9.54975e-06,-1.5708,1.5708,9.54975e-06,-6.3665e-06,6.3665e-06,1.25,0.301508,0.65,0.429887,0,54,0.679774,0.000752938,-0.0236893
0.008,-2.05081e-05,-1.57081,1.5708,2.05081e-05,-1.3672e-05,1.3672e-05,1.24999,0.302262,0.65,0.430034,0,54,0.679821,0.00141802,-0.023163
0.01,-3.56607e-05,-1.57082,1.57081,3.56607e-05,-2.37738e-05,2.37738e-05,1.24998,0.303016,0.65,0.43018,0,54,0.679868,0.00207823,-0.022638
0.012,-5.48457e-05,-1.57083,1.57081,5.48457e-05,-3.65638e-05,3.65638e-05,1.24998,0.30377,0.65,0.430324,0,54,0.679916,0.00271985,-0.0221141
0.014,-7.78927e-05,-1.57085,1.57082,7.78927e-05,-5.19285e-05,5.19285e-05,1.24997,0.304524,0.65,0.430465,0,54,0.679964,0.00334051,-0.0215915
0.016,-0.000104633,-1.57087,1.57083,0.000104633,-6.97551e-05,6.97551e-05,1.24995,0.305278,0.65,0.430603,0,54,0.680012,0.00394001,-0.02107
0.018,-0.000134899,-1.57089,1.57084,0.000134899,-8.99329e-05,8.99329e-05,1.24994,0.306031,0.65,0.430738,0,54,0.68006,0.00451857,-0.0205496
0.02,-0.00016853,-1.57091,1.57085,0.00016853,-0.000112353,0.000112353,1.24992,0.306785,0.65,0.43087,0,54,0.680108,0.00507648,-0.0200303
0.022,-0.000205364,-1.57093,1.57086,0.000205364,-0.000136909,0.000136909,1.24991,0.307539,0.65,0.430999,0,54,0.680157,0.00561407,-0.0195119
0.024,-0.000245244,-1.57096,1.57087,0.000245244,-0.000163496,0.000163496,1.24989,0.308293,0.65,0.431125,0,54,0.680205,0.00613161,-0.0189944
0.026,-0.000288019,-1.57099,1.57088,0.000288019,-0.000192012,0.000192012,1.24986,0.309046,0.65,0.431248,0,54,0.680254,0.0066294,-0.0184779
0.028,-0.000333536,-1.57102,1.57089,0.000333536,-0.000222357,0.000222357,1.24984,0.3098,0.65,0.431368,0,54,0.680302,0.00710774,-0.0179621
0.03,-0.000381648,-1.57105,1.57091,0.000381648,-0.000254432,0.000254432,1.24981,0.310553,0.65,0.431485,0,54,0.68035,0.00756689,-0.0174472
0.032,-0.00043221,-1.57108,1.57092,0.00043221,-0.00028814,0.00028814,1.24979,0.311307,0.65,0.431599,0,54,0.680398,0.00800713,-0.016933
0.034,-0.00048508,-1.57112,1.57094,0.00048508,-0.000323387,0.000323387,1.24976,0.31206,0.65,0.43171,0,54,0.680446,0.00842873,-0.0164195
0.036,-0.00054012,-1.57116,1.57095,0.00054012,-0.00036008,0.00036008,1.24973,0.312813,0.65,0.431818,0,54,0.680494,0.00883194,-0.0159066
0.038,-0.000597193,-1.57119,1.57097,0.000597193,-0.000398129,0.000398129,1.24969,0.313566,0.65,0.431924,0,54,0.680541,0.00921702,-0.0153944
0.04,-0.000656165,-1.57123,1.57099,0.000656165,-0.000437444,0.000437444,1.24966,0.314319,0.65,0.432026,0,54,0.680588,0.00958421,-0.0148828
0.042,-0.000716906,-1.57127,1.57101,0.000716906,-0.000477937,0.000477937,1.24962,0.315072,0.65,0.432125,0,54,0.680635,0.00993378,-0.0143717
0.044,-0.000779286,-1.57132,1.57103,0.000779286,-0.000519524,0.000519524,1.24958,0.315825,0.65,0.432222,0,54,0.680682,0.0102659,-0.013861
0.046,-0.000843181,-1.57136,1.57106,0.000843181,-0.00056212,0.00056212,1.24954,0.316578,0.65,0.432315,0,54,0.680728,0.0105809,-0.0133509
0.048,-0.000908465,-1.5714,1.57108,0.000908465,-0.000605644,0.000605644,1.2495,0.31733,0.65,0.432405,0,54,0.680774,0.010879,-0.0128412
0.05,-0.00097502,-1.57145,1.5711,0.00097502,-0.000650013,0.000650013,1.24945,0.318082,0.65,0.432493,0,54,0.680819,0.0111604,-0.0123318
0.052,-0.00104273,-1.57149,1.57113,0.00104273,-0.00069515,0.00069515,1.24941,0.318835,0.65,0.432578,0,54,0.680864,0.0114252,-0.0118228
0.054,-0.00111147,-1.57154,1.57115,0.00111147,-0.000740977,0.000740977,1.24936,0.319587,0.65,0.432659,0,54,0.680908,0.0116739,-0.0113142
0.056,-0.00118113,-1.57158,1.57118,0.00118113,-0.000787418,0.000787418,1.24931,0.320338,0.65,0.432738,0,54,0.680952,0.0119064,-0.0108058
0.058,-0.0012516,-1.57163,1.57121,0.0012516,-0.000834399,0.000834399,1.24926,0.32109,0.65,0.432814,0,54,0.680995,0.0121232,-0.0102977
0.06,-0.00132277,-1.57168,1.57124,0.00132277,-0.000881847,0.000881847,1.2492,0.321842,0.65,0.432886,0,54,0.681038,0.0123243,-0.00978976
0.062,-0.00139453,-1.57173,1.57127,0.00139453,-0.000929689,0.000929689,1.24915,0.322593,0.65,0.432956,0,54,0.68108,0.01251,-0.00928205
0.064,-0.00146679,-1.57177,1.5713,0.00146679,-0.000977857,0.000977857,1.24909,0.323344,0.65,0.433023,0,54,0.681121,0.0126805,-0.00877449
0.066,-0.00153942,-1.57182,1.57133,0.00153942,-0.00102628,0.00102628,1.24903,0.324095,0.65,0.433087,0,54,0.681162,0.0128359,-0.00826707
0.068,-0.00161234,-1.57187,1.57136,0.00161234,-0.0010749,0.0010749,1.24897,0.324846,0.65,0.433148,0,54,0.681202,0.0129766,-0.00775975
0.07,-0.00168545,-1.57192,1.5714,0.00168545,-0.00112363,0.00112363,1.24891,0.325596,0.65,0.433207,0,54,0.681241,0.0131106,-0.0072525
0.072,-0.00175864,-1.57197,1.57143,0.00175864,-0.00117243,0.00117243,1.24884,0.326346,0.65,0.433266,0,54,0.681279,0.0132454,-0.00674531
0.074,-0.00183183,-1.57202,1.57147,0.00183183,-0.00122122,0.00122122,1.24877,0.327096,0.65,0.433324,0,54,0.681317,0.013381,-0.00623812
0.076,-0.00190492,-1.57207,1.5715,0.00190492,-0.00126995,0.00126995,1.2487,0.327846,0.65,0.433382,0,54,0.681354,0.0135172,-0.00573093
0.078,-0.00197782,-1.57212,1.57154,0.00197782,-0.00131854,0.00131854,1.24863,0.328596,0.65,0.433438,0,54,0.68139,0.0136539,-0.00522371
0.08,-0.00205044,-1.57217,1.57158,0.00205044,-0.00136696,0.00136696,1.24856,0.329345,0.65,0.433494,0,54,0.681426,0.0137909,-0.00471642
0.082,-0.00212269,-1.57222,1.57162,0.00212269,-0.00141512,0.00141512,1.24849,0.330094,0.65,0.43355,0,54,0.68146,0.0139283,-0.00420904
0.084,-0.00219448,-1.57227,1.57166,0.00219448,-0.00146299,0.00146299,1.24841,0.330842,0.65,0.433604,0,54,0.681494,0.0140658,-0.00370155
0.086,-0.00226575,-1.57232,1.5717,0.00226575,-0.0015105,0.0015105,1.24833,0.331591,0.65,0.433658,0,54,0.681528,0.0142034,-0.00319392
0.088,-0.00233639,-1.57237,1.57174,0.00233639,-0.00155759,0.00155759,1.24825,0.332339,0.65,0.433711,0,54,0.68156,0.0143409,-0.00268612
0.09,-0.00240633,-1.57242,1.57179,0.00240633,-0.00160422,0.00160422,1.24817,0.333087,0.65,0.433764,0,54,0.681592,0.0144783,-0.00217815
0.092,-0.0024755,-1.57247,1.57183,0.0024755,-0.00165033,0.00165033,1.24809,0.333834,0.65,0.433815,0,54,0.681623,0.0146155,-0.00166996
0.094,-0.00254381,-1.57252,1.57188,0.00254381,-0.00169587,0.00169587,1.248,0.334581,0.65,0.433866,0,54,0.681653,0.0147524,-0.00116154
0.096,-0.00261119,-1.57257,1.57193,0.00261119,-0.0017408,0.0017408,1.24791,0.335328,0.65,0.433916,0,54,0.681683,0.0148888,-0.000652875
0.098,-0.00267757,-1.57262,1.57197,0.00267757,-0.00178505,0.00178505,1.24782,0.336075,0.65,0.433965,0,54,0.681712,0.0150247,-0.000143933
0.1,-0.00274287,-1.57267,1.57202,0.00274287,-0.00182858,0.00182858,1.24773,0.336821,0.65,0.433961,0,54,0.68174,0.0151601,0.000365303
0.102,-0.00280702,-1.57273,1.57207,0.00280702,-0.00187135,0.00187135,1.24764,0.337567,0.65,0.433935,0,54,0.681767,0.0152948,0.000874853
0.104,-0.00286996,-1.57278,1.57212,0.00286996,-0.00191331,0.00191331,1.24754,0.338312,0.65,0.433909,0,54,0.681794,0.0154287,0.00138474
0.106,-0.00293161,-1.57283,1.57217,0.00293161,-0.00195441,0.00195441,1.24745,0.339057,0.65,0.433881,0,54,0.681819,0.0155618,0.00189497
0.108,-0.00299191,-1.57288,1.57223,0.00299191,-0.00199461,0.00199461,1.24735,0.339802,0.65,0.433853,0,54,0.681845,0.015694,0.00240558
0.11,-0.0030508,-1.57294,1.57228,0.0030508,-0.00203386,0.00203386,1.24725,0.340546,0.65,0.433824,0,54,0.681869,0.0158253,0.00291658
0.112,-0.0031082,-1.57299,1.57233,0.0031082,-0.00207213,0.00207213,1.24714,0.34129,0.65,0.433794,0,54,0.681892,0.0159556,0.00342798
0.114,-0.00316406,-1.57304,1.57239,0.00316406,-0.00210937,0.00210937,1.24704,0.342034,0.65,0.433762,0,54,0.681915,0.0160847,0.00393981
0.116,-0.00321832,-1.57309,1.57245,0.00321832,-0.00214555,0.00214555,1.24693,0.342777,0.65,0.43373,0,54,0.681937,0.0162127,0.00445208
0.118,-0.00327092,-1.57315,1.5725,0.00327092,-0.00218061,0.00218061,1.24683,0.34352,0.65,0.433697,0,54,0.681959,0.0163395,0.00496481
0.12,-0.00332179,-1.5732,1.57256,0.00332179,-0.00221453,0.00221453,1.24672,0.344262,0.65,0.433663,0,54,0.681979,0.016465,0.00547802
0.122,-0.00337089,-1.57325,1.57262,0.00337089,-0.00224726,0.00224726,1.24661,0.345004,0.65,0.433628,0,54,0.681999,0.0165892,0.00599171
0.124,-0.00341815,-1.57331,1.57268,0.00341815,-0.00227877,0.00227877,1.24649,0.345745,0.65,0.433592,0,54,0.682018,0.016712,0.0065059
0.126,-0.00346353,-1.57336,1.57274,0.00346353,-0.00230902,0.00230902,1.24638,0.346486,0.65,0.433555,0,54,0.682036,0.0168333,0.00702061
0.128,-0.00350696,-1.57342,1.57281,0.00350696,-0.00233797,0.00233797,1.24626,0.347227,0.65,0.433517,0,54,0.682054,0.0169532,0.00753586
0.13,-0.0035484,-1.57347,1.57287,0.0035484,-0.0023656,0.0023656,1.24614,0.347967,0.65,0.433478,0,54,0.68207,0.0170716,0.00805165
0.132,-0.0035878,-1.57353,1.57293,0.0035878,-0.00239186,0.00239186,1.24602,0.348707,0.65,0.433438,0,54,0.682086,0.0171884,0.00856801
0.134,-0.0036251,-1.57358,1.573,0.0036251,-0.00241673,0.00241673,1.2459,0.349446,0.65,0.433397,0,54,0.682101,0.0173036,0.00908493
0.136,-0.00366026,-1.57364,1.57307,0.00366026,-0.00244017,0.00244017,1.24577,0.350184,0.65,0.433355,0,54,0.682115,0.0174171,0.00960244
0.138,-0.00369322,-1.57369,1.57313,0.00369322,-0.00246215,0.00246215,1.24565,0.350922,0.65,0.433311,0,54,0.682129,0.017529,0.0101206
0.14,-0.00372395,-1.57375,1.5732,0.00372395,-0.00248264,0.00248264,1.24552,0.35166,0.65,0.433267,0,54,0.682142,0.0176391,0.0106393
0.142,-0.0037524,-1.5738,1.57327,0.0037524,-0.0025016,0.0025016,1.24539,0.352397,0.65,0.433221,0,54,0.682153,0.0177475,0.0111586
0.144,-0.00377852,-1.57386,1.57334,0.00377852,-0.00251902,0.00251902,1.24526,0.353134,0.65,0.433174,0,54,0.682165,0.0178541,0.0116786
0.146,-0.00380228,-1.57391,1.57341,0.00380228,-0.00253485,0.00253485,1.24512,0.35387,0.65,0.433126,0,54,0.682175,0.0179589,0.0121992
0.148,-0.00382362,-1.57397,1.57348,0.00382362,-0.00254908,0.00254908,1.24499,0.354606,0.65,0.433077,0,54,0.682184,0.0180619,0.0127205
0.15,-0.0038425,-1.57402,1.57356,0.0038425,-0.00256167,0.00256167,1.24485,0.355341,0.65,0.433027,0,54,0.682193,0.018163,0.0132424
0.152,-0.00385889,-1.57408,1.57363,0.00385889,-0.0025726,0.0025726,1.24471,0.356075,0.65,0.432976,0,54,0.682201,0.0182622,0.013765
0.154,-0.00387275,-1.57414,1.57371,0.00387275,-0.00258183,0.00258183,1.24457,0.356809,0.65,0.432923,0,54,0.682207,0.0183595,0.0142883
0.156,-0.00388404,-1.57419,1.57378,0.00388404,-0.00258936,0.00258936,1.24443,0.357542,0.65,0.432869,0,54,0.682214,0.0184548,0.0148123
0.158,-0.00389272,-1.57425,1.57386,0.00389272,-0.00259515,0.00259515,1.24429,0.358275,0.65,0.432814,0,54,0.682219,0.0185482,0.015337
0.16,-0.00389875,-1.57431,1.57394,0.00389875,-0.00259917,0.00259917,1.24414,0.359007,0.65,0.432758,0,54,0.682223,0.0186397,0.0158624
0.162,-0.00390211,-1.57436,1.57402,0.00390211,-0.0026014,0.0026014,1.24399,0.359739,0.65,0.432701,0,54,0.682227,0.0187292,0.0163885
0.164,-0.00390274,-1.57442,1.5741,0.00390274,-0.00260183,0.00260183,1.24384,0.36047,0.65,0.432642,0,54,0.68223,0.0188166,0.0169154
0.166,-0.00390063,-1.57448,1.57418,0.00390063,-0.00260042,0.00260042,1.24369,0.361201,0.65,0.432582,0,54,0.682231,0.0189021,0.0174429
0.168,-0.00389574,-1.57454,1.57426,0.00389574,-0.00259716,0.00259716,1.24354,0.36193,0.65,0.432521,0,54,0.682232,0.0189856,0.0179713
0.17,-0.00388803,-1.57459,1.57435,0.00388803,-0.00259202,0.00259202,1.24338,0.36266,0.65,0.432459,0,54,0.682233,0.019067,0.0185003
0.172,-0.00387748,-1.57465,1.57443,0.00387748,-0.00258498,0.00258498,1.24323,0.363388,0.65,0.432395,0,54,0.682232,0.0191465,0.0190302
0.174,-0.00386405,-1.57471,1.57451,0.00386405,-0.00257603,0.00257603,1.24307,0.364116,0.65,0.43233,0,54,0.68223,0.0192238,0.0195608
0.176,-0.00384771,-1.57477,1.5746,0.00384771,-0.00256514,0.00256514,1.24291,0.364844,0.65,0.432264,0,54,0.682228,0.0192992,0.0200921
0.178,-0.00382844,-1.57483,1.57469,0.00382844,-0.00255229,0.00255229,1.24275,0.36557,0.65,0.432196,0,54,0.682224,0.0193725,0.0206243
0.18,-0.00380621,-1.57489,1.57478,0.00380621,-0.00253747,0.00253747,1.24258,0.366296,0.65,0.432127,0,54,0.68222,0.0194437,0.0211572
0.182,-0.00378099,-1.57495,1.57487,0.00378099,-0.00252066,0.00252066,1.24242,0.367022,0.65,0.432057,0,54,0.682215,0.019513,0.0216909
0.184,-0.00375275,-1.575,1.57496,0.00375275,-0.00250183,0.00250183,1.24225,0.367747,0.65,0.431986,0,54,0.682209,0.0195801,0.0222254
0.186,-0.00372147,-1.57506,1.57505,0.00372147,-0.00248098,0.00248098,1.24208,0.368471,0.65,0.431913,0,54,0.682202,0.0196453,0.0227607
0.188,-0.00368713,-1.57512,1.57514,0.00368713,-0.00245809,0.00245809,1.24191,0.369194,0.65,0.431839,0,54,0.682194,0.0197084,0.0232968
0.19,-0.00364969,-1.57518,1.57523,0.00364969,-0.00243313,0.00243313,1.24174,0.369917,0.65,0.431764,0,54,0.682185,0.0197694,0.0238337
0.192,-0.00360914,-1.57524,1.57533,0.00360914,-0.00240609,0.00240609,1.24157,0.370639,0.65,0.431687,0,54,0.682175,0.0198285,0.0243714
0.194,-0.00356545,-1.5753,1.57542,0.00356545,-0.00237697,0.00237697,1.24139,0.37136,0.65,0.431609,0,54,0.682165,0.0198855,0.02491
0.196,-0.0035186,-1.57536,1.57552,0.0035186,-0.00234573,0.00234573,1.24121,0.372081,0.65,0.43153,0,54,0.682153,0.0199405,0.0254493
0.198,-0.00346857,-1.57542,1.57561,0.00346857,-0.00231238,0.00231238,1.24103,0.372801,0.65,0.431449,0,54,0.68214,0.0199935,0.0259895
0.2,-0.00341534,-1.57548,1.57571,0.00341534,-0.00227689,0.00227689,1.24085,0.37352,0.65,0.431367,0,54,0.682127,0.0200445,0.0265305
0.202,-0.00335888,-1.57554,1.57581,0.00335888,-0.00223925,0.00223925,1.24067,0.374238,0.65,0.431283,0,54,0.682112,0.0200935,0.0270724
0.204,-0.00329918,-1.5756,1.57591,0.00329918,-0.00219945,0.00219945,1.24049,0.374956,0.65,0.431198,0,54,0.682097,0.0201405,0.027615
0.206,-0.00323622,-1.57566,1.57601,0.00323622,-0.00215748,0.00215748,1.2403,0.375673,0.65,0.431112,0,54,0.682081,0.0201856,0.0281586
0.208,-0.00316998,-1.57573,1.57611,0.00316998,-0.00211332,0.00211332,1.24011,0.376389,0.65,0.431025,0,54,0.682064,0.0202288,0.0287029
0.21,-0.00310045,-1.57579,1.57622,0.00310045,-0.00206697,0.00206697,1.23992,0.377105,0.65,0.430936,0,54,0.682045,0.02027,0.0292481
0.212,-0.0030276,-1.57585,1.57632,0.0030276,-0.0020184,0.0020184,1.23973,0.37782,0.65,0.430845,0,54,0.682026,0.0203093,0.0297942
0.214,-0.00295142,-1.57591,1.57643,0.00295142,-0.00196761,0.00196761,1.23954,0.378534,0.65,0.430754,0,54,0.682006,0.0203467,0.0303411
0.216,-0.00287189,-1.57597,1.57653,0.00287189,-0.00191459,0.00191459,1.23934,0.379247,0.65,0.430661,0,54,0.681985,0.0203822,0.0308888
0.218,-0.002789,-1.57603,1.57664,0.002789,-0.00185933,0.00185933,1.23915,0.379959,0.65,0.430566,0,54,0.681963,0.0204159,0.0314374
0.22,-0.00270273,-1.5761,1.57675,0.00270273,-0.00180182,0.00180182,1.23895,0.380671,0.65,0.43047,0,54,0.681939,0.0204477,0.0319868
0.222,-0.00261307,-1.57616,1.57686,0.00261307,-0.00174205,0.00174205,1.23875,0.381382,0.65,0.430373,0,54,0.681915,0.0204777,0.0325372
0.224,-0.00252001,-1.57622,1.57697,0.00252001,-0.00168001,0.00168001,1.23855,0.382092,0.65,0.430274,0,54,0.68189,0.0205058,0.0330883
0.226,-0.00242353,-1.57628,1.57708,0.00242353,-0.00161568,0.00161568,1.23835,0.382801,0.65,0.430174,0,54,0.681864,0.0205322,0.0336403
0.228,-0.00232361,-1.57635,1.57719,0.00232361,-0.00154907,0.00154907,1.23814,0.38351,0.65,0.430073,0,54,0.681837,0.0205568,0.0341932
0.23,-0.00222026,-1.57641,1.5773,0.00222026,-0.00148017,0.00148017,1.23794,0.384217,0.65,0.42997,0,54,0.681809,0.0205797,0.034747
0.232,-0.00211344,-1.57647,1.57742,0.00211344,-0.00140896,0.00140896,1.23773,0.384924,0.65,0.429866,0,54,0.68178,0.0206009,0.0353016
0.234,-0.00200316,-1.57653,1.57753,0.00200316,-0.00133544,0.00133544,1.23752,0.38563,0.65,0.42976,0,54,0.68175,0.0206204,0.035857
0.236,-0.00188941,-1.5766,1.57765,0.00188941,-0.00125961,0.00125961,1.23731,0.386336,0.65,0.429653,0,54,0.681719,0.0206381,0.0364134
0.238,-0.00177217,-1.57666,1.57776,0.00177217,-0.00118145,0.00118145,1.2371,0.38704,0.65,0.429544,0,54,0.681686,0.0206543,0.0369705
0.24,-0.00165143,-1.57672,1.57788,0.00165143,-0.00110095,0.00110095,1.23688,0.387744,0.65,0.429435,0,54,0.681653,0.0206688,0.0375286
0.242,-0.00152718,-1.57679,1.578,0.00152718,-0.00101812,0.00101812,1.23667,0.388446,0.65,0.429323,0,54,0.681619,0.0206817,0.0380875
0.244,-0.00139942,-1.57685,1.57812,0.00139942,-0.00093295,0.00093295,1.23645,0.389148,0.65,0.429211,0,54,0.681584,0.020693,0.0386473
0.246,-0.00126814,-1.57692,1.57824,0.00126814,-0.000845428,0.000845428,1.23623,0.389849,0.65,0.429096,0,54,0.681548,0.0207028,0.0392079
0.248,-0.00113333,-1.57698,1.57836,0.00113333,-0.000755552,0.000755552,1.23601,0.390549,0.65,0.428981,0,54,0.68151,0.0207111,0.0397694
0.25,-0.000994976,-1.57705,1.57849,0.000994976,-0.000663317,0.000663317,1.23579,0.391248,0.65,0.428864,0,54,0.681472,0.0207179,0.0403318
0.252,-0.000853077,-1.57711,1.57861,0.000853077,-0.000568718,0.000568718,1.23556,0.391947,0.65,0.428746,0,54,0.681432,0.020723,0.040895
0.254,-0.000707627,-1.57717,1.57873,0.000707627,-0.000471751,0.000471751,1.23534,0.392644,0.65,0.428626,0,54,0.681392,0.0207264,0.0414591
0.256,-0.000558618,-1.57724,1.57886,0.000558618,-0.000372412,0.000372412,1.23511,0.393341,0.65,0.428505,0,54,0.681351,0.0207282,0.0420241
0.258,-0.000406044,-1.5773,1.57899,0.000406044,-0.000270696,0.000270696,1.23488,0.394037,0.65,0.428382,0,54,0.681308,0.0207285,0.0425899
0.26,-0.000249901,-1.57737,1.57911,0.000249901,-0.000166601,0.000166601,1.23465,0.394732,0.65,0.428258,0,54,0.681264,0.0207271,0.0431566
0.262,-9.01829e-05,-1.57744,1.57924,9.01829e-05,-6.01219e-05,6.01219e-05,1.23442,0.395426,0.65,0.428132,0,54,0.68122,0.0207243,0.0437241
0.264,7.31147e-05,-1.5775,1.57937,-7.31147e-05,4.87431e-05,-4.87431e-05,1.23419,0.396119,0.65,0.428005,0,54,0.681174,0.0207199,0.0442925
0.266,0.000239996,-1.57757,1.5795,-0.000239996,0.000159997,-0.000159997,1.23395,0.396811,0.65,0.427877,0,54,0.681127,0.0207141,0.0448617
0.268,0.000410468,-1.57763,1.57964,-0.000410468,0.000273645,-0.000273645,1.23371,0.397502,0.65,0.427747,0,54,0.681079,0.0207068,0.0454318
0.27,0.000584538,-1.5777,1.57977,-0.000584538,0.000389692,-0.000389692,1.23348,0.398192,0.65,0.42757,0,54,0.68103,0.0204329,0.0460027
0.272,0.000762209,-1.57776,1.5799,-0.000762209,0.000508139,-0.000508139,1.23324,0.398882,0.65,0.427392,0,54,0.680979,0.0201588,0.0465744
0.274,0.000943484,-1.57782,1.58003,-0.000943484,0.000628989,-0.000628989,1.23299,0.39957,0.65,0.427212,0,54,0.680927,0.0198843,0.0471468
0.276,0.00112837,-1.57789,1.58016,-0.00112837,0.000752244,-0.000752244,1.23275,0.400257,0.65,0.42703,0,54,0.680873,0.0196097,0.0477201
0.278,0.00131686,-1.57795,1.5803,-0.00131686,0.000877905,-0.000877905,1.23251,0.400944,0.65,0.426845,0,54,0.680817,0.0193272,0.0482941
0.28,0.00150896,-1.57801,1.58043,-0.00150896,0.00100597,-0.00100597,1.23226,0.40163,0.65,0.426658,0,54,0.68076,0.0190445,0.0488689
0.282,0.00170467,-1.57807,1.58056,-0.00170467,0.00113645,-0.00113645,1.23201,0.402314,0.65,0.426469,0,54,0.680701,0.0187617,0.0494444
0.284,0.001904,-1.57813,1.5807,-0.001904,0.00126933,-0.00126933,1.23176,0.402998,0.65,0.426279,0,54,0.68064,0.0184787,0.0500207
0.286,0.00210694,-1.57818,1.58083,-0.00210694,0.00140463,-0.00140463,1.23151,0.403681,0.65,0.426085,0,54,0.680578,0.0181885,0.0505978
0.288,0.0023135,-1.57824,1.58097,-0.0023135,0.00154233,-0.00154233,1.23126,0.404362,0.65,0.425889,0,54,0.680514,0.0178982,0.0511756
0.29,0.00252367,-1.5783,1.5811,-0.00252367,0.00168245,-0.00168245,1.23101,0.405043,0.65,0.425691,0,54,0.680449,0.0176079,0.0517542
0.292,0.00273746,-1.57835,1.58124,-0.00273746,0.00182497,-0.00182497,1.23075,0.405723,0.65,0.425483,0,54,0.680382,0.0172677,0.0523335
0.294,0.00295488,-1.5784,1.58137,-0.00295488,0.00196992,-0.00196992,1.2305,0.406402,0.65,0.425214,0,54,0.680312,0.0165865,0.0529135
0.296,0.00317592,-1.57845,1.5815,-0.00317592,0.00211728,-0.00211728,1.23024,0.407079,0.65,0.424937,0,54,0.680241,0.0158724,0.0534941
0.298,0.00340059,-1.5785,1.58164,-0.00340059,0.00226706,-0.00226706,1.22998,0.407756,0.65,0.424656,0,54,0.680166,0.0151534,0.0540754
0.3,0.00362889,-1.57855,1.58177,-0.00362889,0.00241926,-0.00241926,1.22972,0.408432,0.65,0.424371,0,54,0.68009,0.0144321,0.0546573
0.302,0.0038608,-1.57859,1.5819,-0.0038608,0.00257387,-0.00257387,1.22946,0.409106,0.65,0.424084,0,54,0.680011,0.0137088,0.0552398
0.304,0.00409634,-1.57863,1.58203,-0.00409634,0.00273089,-0.00273089,1.22919,0.40978,0.65,0.423793,0,54,0.679929,0.0129836,0.0558229
0.306,0.0043355,-1.57867,1.58216,-0.0043355,0.00289033,-0.00289033,1.22893,0.410453,0.65,0.423499,0,54,0.679845,0.0122565,0.0564066
0.308,0.00457827,-1.57871,1.58228,-0.00457827,0.00305218,-0.00305218,1.22866,0.411124,0.65,0.423201,0,54,0.679758,0.0115276,0.0569909
0.31,0.00482466,-1.57874,1.58241,-0.00482466,0.00321644,-0.00321644,1.22839,0.411795,0.65,0.422901,0,54,0.679669,0.010797,0.0575758
0.312,0.00507465,-1.57877,1.58254,-0.00507465,0.0033831,-0.0033831,1.22812,0.412465,0.65,0.422597,0,54,0.679577,0.0100648,0.0581613
0.314,0.00532826,-1.5788,1.58266,-0.00532826,0.00355217,-0.00355217,1.22785,0.413133,0.65,0.42229,0,54,0.679483,0.00933093,0.0587473
0.316,0.00558546,-1.57883,1.58279,-0.00558546,0.00372364,-0.00372364,1.22758,0.4138,0.65,0.421979,0,54,0.679386,0.00859552,0.059334
0.318,0.00584627,-1.57885,1.58291,-0.00584627,0.00389751,-0.00389751,1.2273,0.414467,0.65,0.421666,0,54,0.679287,0.00785864,0.0599212
0.32,0.00611067,-1.57887,1.58303,-0.00611067,0.00407378,-0.00407378,1.22703,0.415132,0.65,0.421349,0,54,0.679185,0.00712033,0.060509
0.322,0.00637866,-1.57889,1.58315,-0.00637866,0.00425244,-0.00425244,1.22675,0.415796,0.65,0.421029,0,54,0.679081,0.00638066,0.0610974
0.324,0.00665024,-1.57891,1.58327,-0.00665024,0.0044335,-0.0044335,1.22647,0.41646,0.65,0.420706,0,54,0.678974,0.00563969,0.0616863
0.326,0.0069254,-1.57892,1.58339,-0.0069254,0.00461694,-0.00461694,1.22619,0.417122,0.65,0.420379,0,54,0.678864,0.00489748,0.0622758
0.328,0.00720414,-1.57894,1.58351,-0.00720414,0.00480276,-0.00480276,1.22591,0.417783,0.65,0.42005,0,54,0.678752,0.00415409,0.0628658
0.33,0.00748645,-1.57895,1.58363,-0.00748645,0.00499097,-0.00499097,1.22563,0.418443,0.65,0.419717,0,54,0.678638,0.00340957,0.0634564
0.332,0.00777233,-1.57895,1.58374,-0.00777233,0.00518155,-0.00518155,1.22534,0.419102,0.65,0.419381,0,54,0.678521,0.00266398,0.0640475
0.334,0.00806176,-1.57896,1.58386,-0.00806176,0.00537451,-0.00537451,1.22506,0.419759,0.65,0.419042,0,54,0.678401,0.00191738,0.0646391
0.336,0.00835476,-1.57896,1.58397,-0.00835476,0.00556984,-0.00556984,1.22477,0.420416,0.65,0.4187,0,54,0.678279,0.00116982,0.0652313
0.338,0.0086513,-1.57896,1.58408,-0.0086513,0.00576753,-0.00576753,1.22448,0.421072,0.65,0.418355,0,54,0.678154,0.000421367,0.065824
0.34,0.00895138,-1.57896,1.5842,-0.00895138,0.00596759,-0.00596759,1.22419,0.421726,0.65,0.418007,0,54,0.678027,-0.000327931,0.0664172
0.342,0.009255,-1.57895,1.58431,-0.009255,0.00617,-0.00617,1.2239,0.42238,0.65,0.417655,0,54,0.677897,-0.00107802,0.0670109
0.344,0.00956215,-1.57895,1.58442,-0.00956215,0.00637477,-0.00637477,1.22361,0.423032,0.65,0.4173,0,54,0.677765,-0.00182884,0.0676051
0.346,0.00987283,-1.57894,1.58453,-0.00987283,0.00658188,-0.00658188,1.22332,0.423683,0.65,0.416941,0,54,0.67763,-0.00258034,0.0681999
0.348,0.010187,-1.57893,1.58463,-0.010187,0.00679134,-0.00679134,1.22302,0.424333,0.65,0.41658,0,54,0.677493,-0.00333246,0.0687951
0.35,0.0105047,-1.57891,1.58474,-0.0105047,0.00700314,-0.00700314,1.22273,0.424982,0.65,0.416215,0,54,0.677353,-0.00408516,0.0693908
0.352,0.0108259,-1.5789,1.58485,-0.0108259,0.00721727,-0.00721727,1.22243,0.42563,0.65,0.415846,0,54,0.67721,-0.00483838,0.069987
0.354,0.0111506,-1.57888,1.58495,-0.0111506,0.00743374,-0.00743374,1.22213,0.426277,0.65,0.415475,0,54,0.677065,-0.00559208,0.0705837
0.356,0.0114788,-1.57885,1.58505,-0.0114788,0.00765253,-0.00765253,1.22183,0.426923,0.65,0.4151,0,54,0.676918,-0.00634618,0.0711809
0.358,0.0118104,-1.57883,1.58516,-0.0118104,0.00787363,-0.00787363,1.22153,0.427567,0.65,0.414722,0,54,0.676768,-0.00710066,0.0717785
0.36,0.0121456,-1.5788,1.58526,-0.0121456,0.00809705,-0.00809705,1.22122,0.428211,0.65,0.41434,0,54,0.676615,-0.00785545,0.0723766
0.362,0.0124842,-1.57878,1.58536,-0.0124842,0.00832278,-0.00832278,1.22092,0.428853,0.65,0.413956,0,54,0.67646,-0.00861051,0.0729752
0.364,0.0128262,-1.57875,1.58546,-0.0128262,0.00855081,-0.00855081,1.22061,0.429494,0.65,0.413568,0,54,0.676302,-0.00936578,0.0735742
0.366,0.0131717,-1.57871,1.58556,-0.0131717,0.00878114,-0.00878114,1.22031,0.430134,0.65,0.413176,0,54,0.676141,-0.0101212,0.0741737
0.368,0.0135206,-1.57868,1.58565,-0.0135206,0.00901376,-0.00901376,1.22,0.430773,0.65,0.412782,0,54,0.675979,-0.0108768,0.0747736
0.37,0.013873,-1.57864,1.58575,-0.013873,0.00924867,-0.00924867,1.21969,0.431411,0.65,0.412384,0,54,0.675813,-0.0116324,0.075374
0.372,0.0142288,-1.5786,1.58584,-0.0142288,0.00948586,-0.00948586,1.21938,0.432047,0.65,0.411984,0,54,0.675645,-0.0123881,0.0759748
0.374,0.014588,-1.57855,1.58594,-0.014588,0.00972532,-0.00972532,1.21906,0.432683,0.65,0.411579,0,54,0.675475,-0.0131437,0.076576
0.376,0.0149506,-1.57851,1.58603,-0.0149506,0.00996705,-0.00996705,1.21875,0.433317,0.65,0.411172,0,54,0.675301,-0.0138993,0.0771776
0.378,0.0153166,-1.57846,1.58612,-0.0153166,0.010211,-0.010211,1.21843,0.43395,0.65,0.410762,0,54,0.675126,-0.0146547,0.0777797
0.38,0.0156859,-1.57841,1.58621,-0.0156859,0.0104573,-0.0104573,1.21812,0.434582,0.65,0.410348,0,54,0.674948,-0.01541,0.0783822
0.382,0.0160587,-1.57836,1.5863,-0.0160587,0.0107058,-0.0107058,1.2178,0.435213,0.65,0.409931,0,54,0.674767,-0.0161651,0.0789851
0.384,0.0164348,-1.5783,1.58639,-0.0164348,0.0109565,-0.0109565,1.21748,0.435843,0.65,0.409512,0,54,0.674584,-0.01692,0.0795884
0.386,0.0168142,-1.57824,1.58648,-0.0168142,0.0112095,-0.0112095,1.21716,0.436471,0.65,0.409089,0,54,0.674398,-0.0176745,0.0801921
0.388,0.0171971,-1.57818,1.58656,-0.0171971,0.0114647,-0.0114647,1.21684,0.437099,0.65,0.408662,0,54,0.67421,-0.0184287,0.0807962
0.39,0.0175832,-1.57812,1.58665,-0.0175832,0.0117221,-0.0117221,1.21652,0.437725,0.65,0.408233,0,54,0.674019,-0.0191825,0.0814007
0.392,0.0179727,-1.57806,1.58673,-0.0179727,0.0119818,-0.0119818,1.21619,0.43835,0.65,0.407801,0,54,0.673825,-0.019936,0.0820056
0.394,0.0183654,-1.57799,1.58681,-0.0183654,0.0122436,-0.0122436,1.21587,0.438974,0.65,0.407365,0,54,0.673629,-0.0206889,0.0826108
0.396,0.0187615,-1.57792,1.58689,-0.0187615,0.0125077,-0.0125077,1.21554,0.439596,0.65,0.406927,0,54,0.673431,-0.0214413,0.0832165
0.398,0.0191609,-1.57785,1.58697,-0.0191609,0.0127739,-0.0127739,1.21521,0.440218,0.65,0.406485,0,54,0.67323,-0.0221932,0.0838225
0.4,0.0195636,-1.57777,1.58705,-0.0195636,0.0130424,-0.0130424,1.21489,0.440838,0.65,0.40604,0,54,0.673026,-0.0229445,0.0844288
0.402,0.0199695,-1.57769,1.58713,-0.0199695,0.013313,-0.013313,1.21456,0.441457,0.65,0.405592,0,54,0.67282,-0.0236952,0.0850356
0.404,0.0203787,-1.57761,1.58721,-0.0203787,0.0135858,-0.0135858,1.21422,0.442075,0.65,0.405142,0,54,0.672612,-0.0244452,0.0856426
0.406,0.0207912,-1.57753,1.58728,-0.0207912,0.0138608,-0.0138608,1.21389,0.442692,0.65,0.404688,0,54,0.672401,-0.0251945,0.0862501
0.408,0.0212069,-1.57745,1.58735,-0.0212069,0.0141379,-0.0141379,1.21356,0.443308,0.65,0.404231,0,54,0.672187,-0.0259431,0.0868579
0.41,0.0216258,-1.57736,1.58743,-0.0216258,0.0144172,-0.0144172,1.21322,0.443922,0.65,0.403771,0,54,0.671971,-0.0266909,0.087466
0.412,0.0220479,-1.57727,1.5875,-0.0220479,0.0146986,-0.0146986,1.21289,0.444535,0.65,0.403308,0,54,0.671752,-0.0274379,0.0880744
0.414,0.0224733,-1.57718,1.58757,-0.0224733,0.0149822,-0.0149822,1.21255,0.445147,0.65,0.402842,0,54,0.671531,-0.028184,0.0886832
0.416,0.0229018,-1.57709,1.58764,-0.0229018,0.0152679,-0.0152679,1.21221,0.445758,0.65,0.402373,0,54,0.671307,-0.0289292,0.0892923
0.418,0.0233335,-1.57699,1.58771,-0.0233335,0.0155557,-0.0155557,1.21187,0.446368,0.65,0.401902,0,54,0.671081,-0.0296735,0.0899018
0.42,0.0237684,-1.57689,1.58777,-0.0237684,0.0158456,-0.0158456,1.21153,0.446976,0.65,0.401427,0,54,0.670852,-0.0304168,0.0905115
0.422,0.0242065,-1.57679,1.58784,-0.0242065,0.0161377,-0.0161377,1.21119,0.447583,0.65,0.400949,0,54,0.670621,-0.0311591,0.0911216
0.424,0.0246477,-1.57669,1.5879,-0.0246477,0.0164318,-0.0164318,1.21084,0.448189,0.65,0.400469,0,54,0.670388,-0.0319004,0.091732
0.426,0.0250921,-1.57658,1.58797,-0.0250921,0.0167281,-0.0167281,1.2105,0.448794,0.65,0.399985,0,54,0.670151,-0.0326406,0.0923427
0.428,0.0255396,-1.57647,1.58803,-0.0255396,0.0170264,-0.0170264,1.21015,0.449398,0.65,0.399499,0,54,0.669913,-0.0333797,0.0929537
0.43,0.0259902,-1.57636,1.58809,-0.0259902,0.0173268,-0.0173268,1.20981,0.45,0.65,0.39901,0,54,0.669672,-0.0341176,0.093565
0.432,0.0264439,-1.57625,1.58815,-0.0264439,0.0176293,-0.0176293,1.20946,0.450602,0.65,0.398517,0,54,0.669428,-0.0348544,0.0941765
0.434,0.0269007,-1.57613,1.58821,-0.0269007,0.0179338,-0.0179338,1.20911,0.451202,0.65,0.398022,0,54,0.669182,-0.03559,0.0947884
0.436,0.0273606,-1.57601,1.58826,-0.0273606,0.0182404,-0.0182404,1.20876,0.4518,0.65,0.397524,0,54,0.668933,-0.0363244,0.0954005
0.438,0.0278235,-1.57589,1.58832,-0.0278235,0.018549,-0.018549,1.20841,0.452398,0.65,0.397024,0,54,0.668682,-0.0370574,0.0960129
0.44,0.0282895,-1.57577,1.58837,-0.0282895,0.0188597,-0.0188597,1.20806,0.452994,0.65,0.39652,0,54,0.668429,-0.0377892,0.0966256
0.442,0.0287586,-1.57565,1.58843,-0.0287586,0.0191724,-0.0191724,1.2077,0.45359,0.65,0.396014,0,54,0.668173,-0.0385197,0.0972386
0.444,0.0292307,-1.57552,1.58848,-0.0292307,0.0194871,-0.0194871,1.20735,0.454184,0.65,0.395505,0,54,0.667914,-0.0392488,0.0978518
0.446,0.0297058,-1.57539,1.58853,-0.0297058,0.0198039,-0.0198039,1.20699,0.454776,0.65,0.394993,0,54,0.667653,-0.0399764,0.0984653
0.448,0.0301839,-1.57526,1.58858,-0.0301839,0.0201226,-0.0201226,1.20663,0.455368,0.65,0.394478,0,54,0.66739,-0.0407027,0.099079
0.45,0.030665,-1.57512,1.58863,-0.030665,0.0204433,-0.0204433,1.20628,0.455958,0.65,0.393961,0,54,0.667124,-0.0414275,0.099693
0.452,0.0311491,-1.57498,1.58868,-0.0311491,0.0207661,-0.0207661,1.20592,0.456547,0.65,0.39344,0,54,0.666856,-0.0421509,0.100307
0.454,0.0316362,-1.57484,1.58872,-0.0316362,0.0210908,-0.0210908,1.20556,0.457135,0.65,0.392917,0,54,0.666585,-0.0428727,0.100922
0.456,0.0321262,-1.5747,1.58877,-0.0321262,0.0214175,-0.0214175,1.20519,0.457722,0.65,0.392392,0,54,0.666312,-0.043593,0.101536
0.458,0.0326192,-1.57456,1.58881,-0.0326192,0.0217461,-0.0217461,1.20483,0.458307,0.65,0.391863,0,54,0.666036,-0.0443117,0.102151
0.46,0.0331151,-1.57441,1.58885,-0.0331151,0.0220768,-0.0220768,1.20447,0.458891,0.65,0.391332,0,54,0.665758,-0.0450288,0.102767
0.462,0.033614,-1.57426,1.58889,-0.033614,0.0224093,-0.0224093,1.2041,0.459474,0.65,0.390798,0,54,0.665478,-0.0457443,0.103382
0.464,0.0341157,-1.57411,1.58893,-0.0341157,0.0227438,-0.0227438,1.20374,0.460056,0.65,0.390262,0,54,0.665195,-0.0464582,0.103998
0.466,0.0346204,-1.57396,1.58897,-0.0346204,0.0230803,-0.0230803,1.20337,0.460637,0.65,0.389723,0,54,0.664909,-0.0471704,0.104613
0.468,0.0351279,-1.5738,1.58901,-0.0351279,0.0234186,-0.0234186,1.203,0.461216,0.65,0.389181,0,54,0.664622,-0.0478809,0.105229
0.47,0.0356383,-1.57364,1.58904,-0.0356383,0.0237589,-0.0237589,1.20263,0.461794,0.65,0.388637,0,54,0.664331,-0.0485896,0.105846
0.472,0.0361516,-1.57348,1.58908,-0.0361516,0.0241011,-0.0241011,1.20226,0.462371,0.65,0.38809,0,54,0.664039,-0.0492966,0.106462
0.474,0.0366677,-1.57332,1.58911,-0.0366677,0.0244452,-0.0244452,1.20189,0.462946,0.65,0.38754,0,54,0.663744,-0.0500019,0.107079
0.476,0.0371867,-1.57315,1.58914,-0.0371867,0.0247911,-0.0247911,1.20152,0.463521,0.65,0.386988,0,54,0.663447,-0.0507053,0.107696
0.478,0.0377085,-1.57299,1.58917,-0.0377085,0.025139,-0.025139,1.20114,0.464094,0.65,0.386433,0,54,0.663147,-0.0514069,0.108313
0.48,0.0382331,-1.57281,1.5892,-0.0382331,0.0254887,-0.0254887,1.20077,0.464666,0.65,0.385876,0,54,0.662845,-0.0521066,0.10893
0.482,0.0387605,-1.57264,1.58923,-0.0387605,0.0258403,-0.0258403,1.20039,0.465237,0.65,0.385316,0,54,0.66254,-0.0528045,0.109547
0.484,0.0392906,-1.57247,1.58926,-0.0392906,0.0261938,-0.0261938,1.20002,0.465806,0.65,0.384753,0,54,0.662233,-0.0535005,0.110165
0.486,0.0398236,-1.57229,1.58928,-0.0398236,0.0265491,-0.0265491,1.19964,0.466374,0.65,0.384188,0,54,0.661924,-0.0541946,0.110783
0.488,0.0403593,-1.57211,1.58931,-0.0403593,0.0269062,-0.0269062,1.19926,0.466941,0.65,0.383621,0,54,0.661612,-0.0548867,0.111401
0.49,0.0408978,-1.57193,1.58933,-0.0408978,0.0272652,-0.0272652,1.19888,0.467507,0.65,0.383051,0,54,0.661298,-0.0555768,0.112019
0.492,0.041439,-1.57174,1.58935,-0.041439,0.027626,-0.027626,1.1985,0.468071,0.65,0.382478,0,54,0.660982,-0.056265,0.112637
0.494,0.0419829,-1.57156,1.58937,-0.0419829,0.0279886,-0.0279886,1.19812,0.468635,0.65,0.381903,0,54,0.660663,-0.0569512,0.113256
0.496,0.0425295,-1.57137,1.58939,-0.0425295,0.028353,-0.028353,1.19773,0.469197,0.65,0.381326,0,54,0.660342,-0.0576353,0.113874
0.498,0.0430788,-1.57118,1.58941,-0.0430788,0.0287192,-0.0287192,1.19735,0.469757,0.65,0.380746,0,54,0.660019,-0.0583174,0.114493
0.5,0.0436309,-1.57098,1.58942,-0.0436309,0.0290872,-0.0290872,1.19697,0.470317,0.65,0.380164,0,54,0.659693,-0.0589974,0.115112
0.502,0.0441855,-1.57079,1.58944,-0.0441855,0.029457,-0.029457,1.19658,0.470875,0.65,0.379579,0,54,0.659365,-0.0596753,0.115731
0.504,0.0447429,-1.57059,1.58945,-0.0447429,0.0298286,-0.0298286,1.19619,0.471432,0.65,0.378992,0,54,0.659034,-0.0603511,0.11635
0.506,0.0453029,-1.57039,1.58947,-0.0453029,0.0302019,-0.0302019,1.1958,0.471988,0.65,0.378402,0,54,0.658702,-0.0610248,0.11697
0.508,0.0458655,-1.57019,1.58948,-0.0458655,0.030577,-0.030577,1.19542,0.472543,0.65,0.377811,0,54,0.658367,-0.0616963,0.117589
0.51,0.0464308,-1.56998,1.58949,-0.0464308,0.0309538,-0.0309538,1.19503,0.473096,0.65,0.377216,0,54,0.658029,-0.0623657,0.118209
0.512,0.0469986,-1.56977,1.5895,-0.0469986,0.0313324,-0.0313324,1.19464,0.473648,0.65,0.37662,0,54,0.65769,-0.0630328,0.118829
0.514,0.0475691,-1.56956,1.5895,-0.0475691,0.0317127,-0.0317127,1.19424,0.474199,0.65,0.376021,0,54,0.657348,-0.0636978,0.119449
0.516,0.0481421,-1.56935,1.58951,-0.0481421,0.0320947,-0.0320947,1.19385,0.474749,0.65,0.375419,0,54,0.657003,-0.0643605,0.120069
0.518,0.0487177,-1.56914,1.58952,-0.0487177,0.0324785,-0.0324785,1.19346,0.475297,0.65,0.374816,0,54,0.656657,-0.065021,0.120689
0.52,0.0492959,-1.56892,1.58952,-0.0492959,0.0328639,-0.0328639,1.19306,0.475844,0.65,0.37421,0,54,0.656308,-0.0656792,0.121309
0.522,0.0498766,-1.5687,1.58952,-0.0498766,0.0332511,-0.0332511,1.19267,0.47639,0.65,0.373602,0,54,0.655957,-0.0663351,0.12193
0.524,0.0504598,-1.56848,1.58952,-0.0504598,0.0336399,-0.0336399,1.19227,0.476934,0.65,0.372991,0,54,0.655603,-0.0669888,0.12255
0.526,0.0510456,-1.56826,1.58952,-0.0510456,0.0340304,-0.0340304,1.19187,0.477478,0.65,0.372378,0,54,0.655248,-0.0676401,0.123171
0.528,0.0516339,-1.56803,1.58952,-0.0516339,0.0344226,-0.0344226,1.19147,0.47802,0.65,0.371763,0,54,0.65489,-0.0682891,0.123791
0.53,0.0522246,-1.5678,1.58952,-0.0522246,0.0348164,-0.0348164,1.19107,0.478561,0.65,0.371146,0,54,0.654529,-0.0689357,0.124412
0.532,0.0528179,-1.56757,1.58951,-0.0528179,0.0352119,-0.0352119,1.19067,0.4791,0.65,0.370527,0,54,0.654167,-0.06958,0.125033
0.534,0.0534136,-1.56734,1.58951,-0.0534136,0.0356091,-0.0356091,1.19027,0.479639,0.65,0.369905,0,54,0.653802,-0.0702219,0.125654
0.536,0.0540118,-1.56711,1.5895,-0.0540118,0.0360078,-0.0360078,1.18987,0.480176,0.65,0.369281,0,54,0.653435,-0.0708614,0.126275
0.538,0.0546124,-1.56687,1.58949,-0.0546124,0.0364083,-0.0364083,1.18946,0.480712,0.65,0.368655,0,54,0.653066,-0.0714985,0.126896
0.54,0.0552154,-1.56663,1.58948,-0.0552154,0.0368103,-0.0368103,1.18906,0.481247,0.65,0.368027,0,54,0.652695,-0.0721331,0.127517
0.542,0.0558209,-1.56639,1.58947,-0.0558209,0.0372139,-0.0372139,1.18865,0.48178,0.65,0.367397,0,54,0.652321,-0.0727654,0.128139
0.544,0.0564288,-1.56615,1.58946,-0.0564288,0.0376192,-0.0376192,1.18825,0.482312,0.65,0.366764,0,54,0.651945,-0.0733951,0.12876
0.546,0.0570391,-1.5659,1.58945,-0.0570391,0.0380261,-0.0380261,1.18784,0.482843,0.65,0.36613,0,54,0.651567,-0.0740224,0.129382
0.548,0.0576517,-1.56565,1.58943,-0.0576517,0.0384345,-0.0384345,1.18743,0.483373,0.65,0.365493,0,54,0.651187,-0.0746472,0.130003
0.55,0.0582668,-1.5654,1.58942,-0.0582668,0.0388445,-0.0388445,1.18702,0.483901,0.65,0.364854,0,54,0.650804,-0.0752695,0.130625
0.552,0.0588842,-1.56515,1.5894,-0.0588842,0.0392561,-0.0392561,1.18661,0.484428,0.65,0.364213,0,54,0.65042,-0.0758893,0.131247
0.554,0.0595039,-1.56489,1.58938,-0.0595039,0.0396693,-0.0396693,1.1862,0.484954,0.65,0.36357,0,54,0.650033,-0.0765065,0.131868
0.556,0.0601259,-1.56464,1.58936,-0.0601259,0.040084,-0.040084,1.18579,0.485479,0.65,0.362925,0,54,0.649644,-0.0771212,0.13249
0.558,0.0607503,-1.56438,1.58934,-0.0607503,0.0405002,-0.0405002,1.18538,0.486002,0.65,0.362278,0,54,0.649253,-0.0777334,0.133112
0.56,0.061377,-1.56412,1.58932,-0.061377,0.040918,-0.040918,1.18497,0.486524,0.65,0.361629,0,54,0.648859,-0.0783429,0.133734
0.562,0.062006,-1.56385,1.58929,-0.062006,0.0413373,-0.0413373,1.18455,0.487045,0.65,0.360978,0,54,0.648464,-0.0789499,0.134356
0.564,0.0626373,-1.56359,1.58927,-0.0626373,0.0417582,-0.0417582,1.18414,0.487565,0.65,0.360325,0,54,0.648066,-0.0795543,0.134978
0.566,0.0632708,-1.56332,1.58924,-0.0632708,0.0421805,-0.0421805,1.18372,0.488083,0.65,0.35967,0,54,0.647666,-0.0801561,0.1356
0.568,0.0639066,-1.56305,1.58922,-0.0639066,0.0426044,-0.0426044,1.1833,0.4886,0.65,0.359013,0,54,0.647264,-0.0807553,0.136222
0.57,0.0645447,-1.56278,1.58919,-0.0645447,0.0430298,-0.0430298,1.18288,0.489116,0.65,0.358354,0,54,0.64686,-0.0813518,0.136844
0.572,0.065185,-1.5625,1.58916,-0.065185,0.0434566,-0.0434566,1.18247,0.489631,0.65,0.357693,0,54,0.646454,-0.0819457,0.137467
0.574,0.0658275,-1.56222,1.58913,-0.0658275,0.043885,-0.043885,1.18205,0.490144,0.65,0.35703,0,54,0.646045,-0.0825369,0.138089
0.576,0.0664722,-1.56194,1.58909,-0.0664722,0.0443148,-0.0443148,1.18162,0.490657,0.65,0.356365,0,54,0.645635,-0.0831255,0.138711
0.578,0.0671191,-1.56166,1.58906,-0.0671191,0.0447461,-0.0447461,1.1812,0.491168,0.65,0.355698,0,54,0.645222,-0.0837113,0.139333
0.58,0.0677682,-1.56138,1.58902,-0.0677682,0.0451788,-0.0451788,1.18078,0.491677,0.65,0.35503,0,54,0.644807,-0.0842945,0.139956
0.582,0.0684195,-1.56109,1.58899,-0.0684195,0.045613,-0.045613,1.18036,0.492186,0.65,0.354359,0,54,0.644391,-0.084875,0.140578
0.584,0.0690729,-1.56081,1.58895,-0.0690729,0.0460486,-0.0460486,1.17993,0.492693,0.65,0.353687,0,54,0.643972,-0.0854527,0.1412
0.586,0.0697285,-1.56052,1.58891,-0.0697285,0.0464857,-0.0464857,1.17951,0.493199,0.65,0.353013,0,54,0.643551,-0.0860278,0.141823
0.588,0.0703862,-1.56023,1.58887,-0.0703862,0.0469242,-0.0469242,1.17908,0.493703,0.65,0.352337,0,54,0.643128,-0.0866001,0.142445
0.59,0.0710461,-1.55993,1.58883,-0.0710461,0.0473641,-0.0473641,1.17866,0.494207,0.65,0.351659,0,54,0.642702,-0.0871696,0.143068
0.592,0.0717081,-1.55963,1.58878,-0.0717081,0.0478054,-0.0478054,1.17823,0.494709,0.65,0.350979,0,54,0.642275,-0.0877364,0.14369
0.594,0.0723721,-1.55934,1.58874,-0.0723721,0.0482481,-0.0482481,1.1778,0.49521,0.65,0.350297,0,54,0.641846,-0.0883004,0.144313
0.596,0.0730383,-1.55904,1.58869,-0.0730383,0.0486922,-0.0486922,1.17737,0.49571,0.65,0.349614,0,54,0.641414,-0.0888617,0.144935
0.598,0.0737065,-1.55873,1.58865,-0.0737065,0.0491377,-0.0491377,1.17694,0.496208,0.65,0.348929,0,54,0.640981,-0.0894201,0.145557
0.6,0.0743768,-1.55843,1.5886,-0.0743768,0.0495846,-0.0495846,1.17651,0.496705,0.65,0.348242,0,54,0.640545,-0.0899758,0.14618
0.602,0.0750492,-1.55812,1.58855,-0.0750492,0.0500328,-0.0500328,1.17608,0.497201,0.65,0.347553,0,54,0.640108,-0.0905286,0.146802
0.604,0.0757236,-1.55781,1.5885,-0.0757236,0.0504824,-0.0504824,1.17565,0.497696,0.65,0.346863,0,54,0.639668,-0.0910786,0.147425
0.606,0.0764001,-1.5575,1.58845,-0.0764001,0.0509334,-0.0509334,1.17521,0.498189,0.65,0.346171,0,54,0.639227,-0.0916258,0.148047
0.608,0.0770785,-1.55719,1.58839,-0.0770785,0.0513857,-0.0513857,1.17478,0.498682,0.65,0.345477,0,54,0.638783,-0.0921702,0.14867
0.61,0.077759,-1.55687,1.58834,-0.077759,0.0518393,-0.0518393,1.17434,0.499173,0.65,0.344782,0,54,0.638338,-0.0927117,0.149292
0.612,0.0784415,-1.55655,1.58828,-0.0784415,0.0522943,-0.0522943,1.17391,0.499662,0.65,0.344084,0,54,0.63789,-0.0932503,0.149914
0.614,0.0791259,-1.55624,1.58823,-0.0791259,0.0527506,-0.0527506,1.17347,0.500151,0.65,0.343386,0,54,0.63744,-0.0937861,0.150537
0.616,0.0798124,-1.55591,1.58817,-0.0798124,0.0532083,-0.0532083,1.17303,0.500638,0.65,0.342685,0,54,0.636989,-0.094319,0.151159
0.618,0.0805008,-1.55559,1.58811,-0.0805008,0.0536672,-0.0536672,1.1726,0.501124,0.65,0.341983,0,54,0.636535,-0.0948491,0.151781
0.62,0.0811911,-1.55526,1.58805,-0.0811911,0.0541274,-0.0541274,1.17216,0.501609,0.65,0.341279,0,54,0.63608,-0.0953762,0.152404
0.622,0.0818834,-1.55494,1.58798,-0.0818834,0.0545889,-0.0545889,1.17172,0.502092,0.65,0.340574,0,54,0.635622,-0.0959004,0.153026
0.624,0.0825776,-1.55461,1.58792,-0.0825776,0.0550518,-0.0550518,1.17128,0.502575,0.65,0.339867,0,54,0.635163,-0.0964218,0.153648
0.626,0.0832738,-1.55427,1.58786,-0.0832738,0.0555159,-0.0555159,1.17084,0.503056,0.65,0.339158,0,54,0.634701,-0.0969402,0.154271
0.628,0.0839718,-1.55394,1.58779,-0.0839718,0.0559812,-0.0559812,1.17039,0.503535,0.65,0.338448,0,54,0.634238,-0.0974556,0.154893
0.63,0.0846718,-1.5536,1.58772,-0.0846718,0.0564479,-0.0564479,1.16995,0.504014,0.65,0.337736,0,54,0.633773,-0.0979682,0.155515
0.632,0.0853736,-1.55327,1.58765,-0.0853736,0.0569157,-0.0569157,1.16951,0.504491,0.65,0.337023,0,54,0.633305,-0.0984778,0.156137
0.634,0.0860773,-1.55293,1.58758,-0.0860773,0.0573849,-0.0573849,1.16906,0.504967,0.65,0.336308,0,54,0.632836,-0.0989844,0.156759
0.636,0.0867829,-1.55258,1.58751,-0.0867829,0.0578553,-0.0578553,1.16862,0.505442,0.65,0.335592,0,54,0.632365,-0.0994881,0.157381
0.638,0.0874903,-1.55224,1.58744,-0.0874903,0.0583269,-0.0583269,1.16817,0.505916,0.65,0.334874,0,54,0.631892,-0.0999889,0.158003
0.64,0.0881996,-1.55189,1.58737,-0.0881996,0.0587997,-0.0587997,1.16772,0.506388,0.65,0.334155,0,54,0.631417,-0.100487,0.158625
0.642,0.0889107,-1.55154,1.58729,-0.0889107,0.0592738,-0.0592738,1.16728,0.506859,0.65,0.333434,0,54,0.63094,-0.100981,0.159247
0.644,0.0896236,-1.55119,1.58722,-0.0896236,0.0597491,-0.0597491,1.16683,0.507329,0.65,0.332711,0,54,0.630461,-0.101473,0.159869
0.646,0.0903383,-1.55084,1.58714,-0.0903383,0.0602255,-0.0602255,1.16638,0.507798,0.65,0.331988,0,54,0.62998,-0.101962,0.160491
0.648,0.0910548,-1.55049,1.58706,-0.0910548,0.0607032,-0.0607032,1.16593,0.508265,0.65,0.331262,0,54,0.629498,-0.102448,0.161112
0.65,0.0917731,-1.55013,1.58698,-0.0917731,0.0611821,-0.0611821,1.16548,0.508731,0.65,0.330536,0,54,0.629013,-0.102931,0.161734
0.652,0.0924932,-1.54977,1.5869,-0.0924932,0.0616621,-0.0616621,1.16503,0.509196,0.65,0.329808,0,54,0.628527,-0.10341,0.162356
0.654,0.0932151,-1.54941,1.58682,-0.0932151,0.0621434,-0.0621434,1.16458,0.50966,0.65,0.329078,0,54,0.628039,-0.103887,0.162977
0.656,0.0939387,-1.54905,1.58673,-0.0939387,0.0626258,-0.0626258,1.16412,0.510122,0.65,0.328347,0,54,0.627549,-0.104361,0.163599
0.658,0.094664,-1.54868,1.58665,-0.094664,0.0631093,-0.0631093,1.16367,0.510583,0.65,0.327615,0,54,0.627057,-0.104831,0.16422
0.66,0.0953911,-1.54832,1.58656,-0.0953911,0.0635941,-0.0635941,1.16322,0.511043,0.65,0.326882,0,54,0.626563,-0.105299,0.164841
0.662,0.0961199,-1.54795,1.58647,-0.0961199,0.0640799,-0.0640799,1.16276,0.511502,0.65,0.326147,0,54,0.626068,-0.105763,0.165463
0.664,0.0968504,-1.54758,1.58639,-0.0968504,0.0645669,-0.0645669,1.1623,0.51196,0.65,0.32541,0,54,0.62557,-0.106225,0.166084
0.666,0.0975826,-1.5472,1.5863,-0.0975826,0.0650551,-0.0650551,1.16185,0.512416,0.65,0.324673,0,54,0.625071,-0.106683,0.166705
0.668,0.0983166,-1.54683,1.5862,-0.0983166,0.0655444,-0.0655444,1.16139,0.512871,0.65,0.323934,0,54,0.62457,-0.107139,0.167326
0.67,0.0990522,-1.54645,1.58611,-0.0990522,0.0660348,-0.0660348,1.16093,0.513325,0.65,0.323193,0,54,0.624067,-0.107591,0.167947
0.672,0.0997894,-1.54607,1.58602,-0.0997894,0.0665263,-0.0665263,1.16047,0.513777,0.65,0.322452,0,54,0.623562,-0.10804,0.168568
0.674,0.100528,-1.54569,1.58592,-0.100528,0.0670189,-0.0670189,1.16001,0.514229,0.65,0.321709,0,54,0.623056,-0.108486,0.169189
0.676,0.101269,-1.54531,1.58583,-0.101269,0.0675126,-0.0675126,1.15955,0.514679,0.65,0.320965,0,54,0.622548,-0.108929,0.169809
0.678,0.102011,-1.54493,1.58573,-0.102011,0.0680074,-0.0680074,1.15909,0.515127,0.65,0.32022,0,54,0.622038,-0.109369,0.17043
0.68,0.102755,-1.54454,1.58563,-0.102755,0.0685033,-0.0685033,1.15863,0.515575,0.65,0.319473,0,54,0.621526,-0.109806,0.171051
0.682,0.1035,-1.54415,1.58553,-0.1035,0.0690003,-0.0690003,1.15817,0.516021,0.65,0.318725,0,54,0.621012,-0.110239,0.171671
0.684,0.104248,-1.54376,1.58543,-0.104248,0.0694984,-0.0694984,1.15771,0.516467,0.65,0.317976,0,54,0.620497,-0.11067,0.172291
0.686,0.104996,-1.54337,1.58533,-0.104996,0.0699975,-0.0699975,1.15724,0.516911,0.65,0.317226,0,54,0.61998,-0.111097,0.172912
0.688,0.105747,-1.54298,1.58522,-0.105747,0.0704977,-0.0704977,1.15678,0.517353,0.65,0.316475,0,54,0.619461,-0.111521,0.173532
0.69,0.106498,-1.54258,1.58512,-0.106498,0.0709989,-0.0709989,1.15631,0.517795,0.65,0.315722,0,54,0.618941,-0.111943,0.174152
0.692,0.107252,-1.54218,1.58501,-0.107252,0.0715012,-0.0715012,1.15585,0.518235,0.65,0.314968,0,54,0.618418,-0.11236,0.174772
0.694,0.108007,-1.54178,1.58491,-0.108007,0.0720045,-0.0720045,1.15538,0.518674,0.65,0.314214,0,54,0.617894,-0.112775,0.175392
0.696,0.108763,-1.54138,1.5848,-0.108763,0.0725089,-0.0725089,1.15491,0.519112,0.65,0.313458,0,54,0.617368,-0.113187,0.176011
0.698,0.109521,-1.54098,1.58469,-0.109521,0.0730143,-0.0730143,1.15445,0.519548,0.65,0.3127,0,54,0.616841,-0.113595,0.176631
0.7,0.110281,-1.54057,1.58458,-0.110281,0.0735207,-0.0735207,1.15398,0.519984,0.65,0.311942,0,54,0.616312,-0.114001,0.177251
0.702,0.111042,-1.54016,1.58447,-0.111042,0.0740281,-0.0740281,1.15351,0.520418,0.65,0.311183,0,54,0.615781,-0.114403,0.17787
0.704,0.111805,-1.53976,1.58435,-0.111805,0.0745366,-0.0745366,1.15304,0.520851,0.65,0.310422,0,54,0.615248,-0.114801,0.178489
0.706,0.112569,-1.53934,1.58424,-0.112569,0.075046,-0.075046,1.15257,0.521282,0.65,0.309661,0,54,0.614714,-0.115197,0.179108
0.708,0.113335,-1.53893,1.58412,-0.113335,0.0755565,-0.0755565,1.1521,0.521713,0.65,0.308898,0,54,0.614178,-0.11559,0.179727
0.71,0.114102,-1.53852,1.58401,-0.114102,0.0760679,-0.0760679,1.15163,0.522142,0.65,0.308135,0,54,0.61364,-0.115979,0.180346
0.712,0.11487,-1.5381,1.58389,-0.11487,0.0765803,-0.0765803,1.15115,0.52257,0.65,0.30737,0,54,0.613101,-0.116365,0.180965
0.714,0.115641,-1.53768,1.58377,-0.115641,0.0770937,-0.0770937,1.15068,0.522997,0.65,0.306605,0,54,0.61256,-0.116748,0.181584
0.716,0.116412,-1.53726,1.58365,-0.116412,0.077608,-0.077608,1.15021,0.523423,0.65,0.305838,0,54,0.612018,-0.117127,0.182202
0.718,0.117185,-1.53684,1.58353,-0.117185,0.0781234,-0.0781234,1.14973,0.523847,0.65,0.305071,0,54,0.611473,-0.117504,0.182821
0.72,0.117959,-1.53641,1.5834,-0.117959,0.0786396,-0.0786396,1.14926,0.52427,0.65,0.304302,0,54,0.610928,-0.117877,0.183439
0.722,0.118735,-1.53599,1.58328,-0.118735,0.0791569,-0.0791569,1.14878,0.524692,0.65,0.303532,0,54,0.61038,-0.118247,0.184057
0.724,0.119513,-1.53556,1.58315,-0.119513,0.0796751,-0.0796751,1.1483,0.525113,0.65,0.302762,0,54,0.609831,-0.118613,0.184675
0.726,0.120291,-1.53513,1.58303,-0.120291,0.0801942,-0.0801942,1.14783,0.525532,0.65,0.30199,0,54,0.60928,-0.118977,0.185293
0.728,0.121071,-1.5347,1.5829,-0.121071,0.0807142,-0.0807142,1.14735,0.52595,0.65,0.301218,0,54,0.608728,-0.119337,0.185911
0.73,0.121853,-1.53426,1.58277,-0.121853,0.0812352,-0.0812352,1.14687,0.526367,0.65,0.300445,0,54,0.608174,-0.119694,0.186528
0.732,0.122636,-1.53383,1.58264,-0.122636,0.0817571,-0.0817571,1.14639,0.526783,0.65,0.299671,0,54,0.607618,-0.120047,0.187146
0.734,0.12342,-1.53339,1.58251,-0.12342,0.0822799,-0.0822799,1.14591,0.527198,0.65,0.298896,0,54,0.607061,-0.120398,0.187763
0.736,0.124206,-1.53295,1.58238,-0.124206,0.0828037,-0.0828037,1.14543,0.527611,0.65,0.29812,0,54,0.606503,-0.120745,0.18838
0.738,0.124992,-1.53251,1.58224,-0.124992,0.0833283,-0.0833283,1.14495,0.528023,0.65,0.297343,0,54,0.605942,-0.121088,0.188997
0.74,0.125781,-1.53207,1.58211,-0.125781,0.0838539,-0.0838539,1.14447,0.528434,0.65,0.296565,0,54,0.605381,-0.121429,0.189614
0.742,0.12657,-1.53162,1.58197,-0.12657,0.0843803,-0.0843803,1.14399,0.528844,0.65,0.295787,0,54,0.604817,-0.121766,0.190231
0.744,0.127361,-1.53118,1.58184,-0.127361,0.0849076,-0.0849076,1.1435,0.529252,0.65,0.295008,0,54,0.604252,-0.1221,0.190847
0.746,0.128154,-1.53073,1.5817,-0.128154,0.0854358,-0.0854358,1.14302,0.52966,0.65,0.294227,0,54,0.603686,-0.12243,0.191464
0.748,0.128947,-1.53028,1.58156,-0.128947,0.0859649,-0.0859649,1.14253,0.530066,0.65,0.293447,0,54,0.603118,-0.122757,0.19208
0.75,0.129742,-1.52983,1.58142,-0.129742,0.0864948,-0.0864948,1.14205,0.530471,0.65,0.292665,0,54,0.602548,-0.123081,0.192696
0.752,0.130538,-1.52937,1.58128,-0.130538,0.0870256,-0.0870256,1.14156,0.530874,0.65,0.291883,0,54,0.601977,-0.123402,0.193312
0.754,0.131336,-1.52892,1.58113,-0.131336,0.0875573,-0.0875573,1.14108,0.531277,0.65,0.291099,0,54,0.601405,-0.123719,0.193927
0.756,0.132135,-1.52846,1.58099,-0.132135,0.0880898,-0.0880898,1.14059,0.531678,0.65,0.290315,0,54,0.60083,-0.124033,0.194543
0.758,0.132935,-1.528,1.58085,-0.132935,0.0886232,-0.0886232,1.1401,0.532078,0.65,0.289531,0,54,0.600255,-0.124343,0.195158
0.76,0.133736,-1.52754,1.5807,-0.133736,0.0891574,-0.0891574,1.13962,0.532477,0.65,0.288745,0,54,0.599678,-0.12465,0.195773
0.762,0.134539,-1.52708,1.58055,-0.134539,0.0896925,-0.0896925,1.13913,0.532875,0.65,0.287959,0,54,0.599099,-0.124954,0.196388
0.764,0.135343,-1.52661,1.5804,-0.135343,0.0902283,-0.0902283,1.13864,0.533271,0.65,0.287173,0,54,0.598519,-0.125254,0.197003
0.766,0.136148,-1.52615,1.58025,-0.136148,0.090765,-0.090765,1.13815,0.533666,0.65,0.286385,0,54,0.597938,-0.125551,0.197618
0.768,0.136954,-1.52568,1.5801,-0.136954,0.0913026,-0.0913026,1.13766,0.53406,0.65,0.285597,0,54,0.597355,-0.125845,0.198232
0.77,0.137761,-1.52521,1.57995,-0.137761,0.0918409,-0.0918409,1.13717,0.534453,0.65,0.284808,0,54,0.59677,-0.126135,0.198846
0.772,0.13857,-1.52474,1.5798,-0.13857,0.09238,-0.09238,1.13668,0.534845,0.65,0.284019,0,54,0.596184,-0.126422,0.199461
0.774,0.13938,-1.52427,1.57964,-0.13938,0.09292,-0.09292,1.13618,0.535235,0.65,0.283229,0,54,0.595597,-0.126706,0.200074
0.776,0.140191,-1.52379,1.57949,-0.140191,0.0934607,-0.0934607,1.13569,0.535624,0.65,0.282438,0,54,0.595008,-0.126986,0.200688
0.778,0.141003,-1.52332,1.57933,-0.141003,0.0940023,-0.0940023,1.1352,0.536012,0.65,0.281647,0,54,0.594418,-0.127262,0.201302
0.78,0.141817,-1.52284,1.57917,-0.141817,0.0945446,-0.0945446,1.1347,0.536399,0.65,0.280855,0,54,0.593826,-0.127535,0.201915
0.782,0.142632,-1.52236,1.57901,-0.142632,0.0950877,-0.0950877,1.13421,0.536784,0.65,0.280063,0,54,0.593233,-0.127805,0.202528
0.784,0.143447,-1.52188,1.57885,-0.143447,0.0956316,-0.0956316,1.13371,0.537169,0.65,0.27927,0,54,0.592639,-0.128072,0.203141
0.786,0.144264,-1.52139,1.57869,-0.144264,0.0961763,-0.0961763,1.13322,0.537552,0.65,0.278476,0,54,0.592043,-0.128335,0.203753
0.788,0.145083,-1.52091,1.57853,-0.145083,0.0967217,-0.0967217,1.13272,0.537934,0.65,0.277682,0,54,0.591446,-0.128594,0.204366
0.79,0.145902,-1.52042,1.57837,-0.145902,0.0972679,-0.0972679,1.13223,0.538315,0.65,0.276888,0,54,0.590847,-0.12885,0.204978
0.792,0.146722,-1.51993,1.5782,-0.146722,0.0978148,-0.0978148,1.13173,0.538694,0.65,0.276093,0,54,0.590247,-0.129103,0.20559
0.794,0.147544,-1.51944,1.57804,-0.147544,0.0983625,-0.0983625,1.13123,0.539073,0.65,0.275297,0,54,0.589646,-0.129352,0.206202
0.796,0.148366,-1.51895,1.57787,-0.148366,0.098911,-0.098911,1.13073,0.53945,0.65,0.274501,0,54,0.589043,-0.129597,0.206813
0.798,0.14919,-1.51846,1.5777,-0.14919,0.0994601,-0.0994601,1.13023,0.539826,0.65,0.273705,0,54,0.588439,-0.129839,0.207425
0.8,0.150015,-1.51796,1.57753,-0.150015,0.10001,-0.10001,1.12973,0.5402,0.65,0.272908,0,54,0.587834,-0.130078,0.208036
0.802,0.150841,-1.51747,1.57736,-0.150841,0.100561,-0.100561,1.12923,0.540574,0.65,0.272111,0,54,0.587227,-0.130313,0.208647
0.804,0.151668,-1.51697,1.57719,-0.151668,0.101112,-0.101112,1.12873,0.540946,0.65,0.271313,0,54,0.586619,-0.130545,0.209258
0.806,0.152496,-1.51647,1.57702,-0.152496,0.101664,-0.101664,1.12823,0.541318,0.65,0.270515,0,54,0.586009,-0.130773,0.209868
0.808,0.153325,-1.51596,1.57685,-0.153325,0.102217,-0.102217,1.12773,0.541687,0.65,0.269716,0,54,0.585399,-0.130998,0.210478
0.81,0.154156,-1.51546,1.57667,-0.154156,0.102771,-0.102771,1.12723,0.542056,0.65,0.268917,0,54,0.584787,-0.131219,0.211088
0.812,0.154987,-1.51496,1.5765,-0.154987,0.103325,-0.103325,1.12672,0.542424,0.65,0.268118,0,54,0.584173,-0.131437,0.211698
0.814,0.15582,-1.51445,1.57632,-0.15582,0.10388,-0.10388,1.12622,0.54279,0.65,0.267318,0,54,0.583559,-0.131651,0.212307
0.816,0.156653,-1.51394,1.57614,-0.156653,0.104435,-0.104435,1.12571,0.543155,0.65,0.266518,0,54,0.582943,-0.131861,0.212917
0.818,0.157487,-1.51343,1.57596,-0.157487,0.104992,-0.104992,1.12521,0.543519,0.65,0.265718,0,54,0.582325,-0.132068,0.213526
0.82,0.158323,-1.51292,1.57578,-0.158323,0.105549,-0.105549,1.1247,0.543882,0.65,0.264917,0,54,0.581707,-0.132272,0.214134
0.822,0.159159,-1.51241,1.5756,-0.159159,0.106106,-0.106106,1.1242,0.544244,0.65,0.264116,0,54,0.581087,-0.132472,0.214743
0.824,0.159997,-1.51189,1.57542,-0.159997,0.106665,-0.106665,1.12369,0.544604,0.65,0.263315,0,54,0.580466,-0.132668,0.215351
0.826,0.160836,-1.51137,1.57524,-0.160836,0.107224,-0.107224,1.12318,0.544964,0.65,0.262514,0,54,0.579844,-0.132861,0.215959
0.828,0.161675,-1.51086,1.57505,-0.161675,0.107783,-0.107783,1.12268,0.545322,0.65,0.261712,0,54,0.57922,-0.13305,0.216567
0.83,0.162516,-1.51034,1.57487,-0.162516,0.108344,-0.108344,1.12217,0.545678,0.65,0.26091,0,54,0.578596,-0.133235,0.217174
0.832,0.163357,-1.50981,1.57468,-0.163357,0.108905,-0.108905,1.12166,0.546034,0.65,0.260108,0,54,0.57797,-0.133417,0.217781
0.834,0.1642,-1.50929,1.5745,-0.1642,0.109466,-0.109466,1.12115,0.546389,0.65,0.259305,0,54,0.577343,-0.133596,0.218388
0.836,0.165043,-1.50877,1.57431,-0.165043,0.110029,-0.110029,1.12064,0.546742,0.65,0.258503,0,54,0.576714,-0.133771,0.218995
0.838,0.165888,-1.50824,1.57412,-0.165888,0.110592,-0.110592,1.12013,0.547094,0.65,0.2577,0,54,0.576085,-0.133942,0.219601
0.84,0.166733,-1.50771,1.57393,-0.166733,0.111155,-0.111155,1.11962,0.547445,0.65,0.256897,0,54,0.575454,-0.134109,0.220207
0.842,0.16758,-1.50718,1.57374,-0.16758,0.11172,-0.11172,1.11911,0.547795,0.65,0.256093,0,54,0.574822,-0.134273,0.220813
0.844,0.168427,-1.50665,1.57354,-0.168427,0.112285,-0.112285,1.1186,0.548143,0.65,0.25529,0,54,0.574189,-0.134434,0.221418
0.846,0.169275,-1.50612,1.57335,-0.169275,0.11285,-0.11285,1.11808,0.54849,0.65,0.254487,0,54,0.573554,-0.13459,0.222023
0.848,0.170124,-1.50558,1.57315,-0.170124,0.113416,-0.113416,1.11757,0.548837,0.65,0.253683,0,54,0.572919,-0.134743,0.222628
0.85,0.170974,-1.50505,1.57296,-0.170974,0.113983,-0.113983,1.11706,0.549182,0.65,0.252879,0,54,0.572282,-0.134892,0.223233
0.852,0.171825,-1.50451,1.57276,-0.171825,0.11455,-0.11455,1.11654,0.549525,0.65,0.252075,0,54,0.571644,-0.135038,0.223837
0.854,0.172677,-1.50397,1.57256,-0.172677,0.115118,-0.115118,1.11603,0.549868,0.65,0.251272,0,54,0.571005,-0.13518,0.224441
0.856,0.17353,-1.50343,1.57236,-0.17353,0.115687,-0.115687,1.11552,0.550209,0.65,0.250468,0,54,0.570365,-0.135318,0.225045
0.858,0.174384,-1.50289,1.57216,-0.174384,0.116256,-0.116256,1.115,0.55055,0.65,0.249664,0,54,0.569724,-0.135453,0.225648
0.86,0.175239,-1.50234,1.57196,-0.175239,0.116826,-0.116826,1.11448,0.550889,0.65,0.24886,0,54,0.569082,-0.135584,0.226251
0.862,0.176094,-1.5018,1.57176,-0.176094,0.117396,-0.117396,1.11397,0.551227,0.65,0.248056,0,54,0.568438,-0.135711,0.226854
0.864,0.176951,-1.50125,1.57156,-0.176951,0.117967,-0.117967,1.11345,0.551563,0.65,0.247252,0,54,0.567794,-0.135834,0.227456
0.866,0.177808,-1.5007,1.57135,-0.177808,0.118539,-0.118539,1.11293,0.551899,0.65,0.246447,0,54,0.567148,-0.135954,0.228058
0.868,0.178666,-1.50015,1.57115,-0.178666,0.119111,-0.119111,1.11241,0.552233,0.65,0.245643,0,54,0.566502,-0.13607,0.22866
0.87,0.179525,-1.4996,1.57094,-0.179525,0.119684,-0.119684,1.1119,0.552566,0.65,0.244839,0,54,0.565854,-0.136182,0.229261
0.872,0.180385,-1.49905,1.57074,-0.180385,0.120257,-0.120257,1.11138,0.552898,0.65,0.244035,0,54,0.565205,-0.136291,0.229862
0.874,0.181246,-1.49849,1.57053,-0.181246,0.120831,-0.120831,1.11086,0.553229,0.65,0.243232,0,54,0.564555,-0.136396,0.230463
0.876,0.182108,-1.49794,1.57032,-0.182108,0.121405,-0.121405,1.11034,0.553559,0.65,0.242428,0,54,0.563904,-0.136497,0.231064
0.878,0.18297,-1.49738,1.57011,-0.18297,0.12198,-0.12198,1.10982,0.553887,0.65,0.241624,0,54,0.563252,-0.136594,0.231664
0.88,0.183833,-1.49682,1.5699,-0.183833,0.122555,-0.122555,1.1093,0.554214,0.65,0.24082,0,54,0.562599,-0.136687,0.232263
0.882,0.184697,-1.49626,1.56968,-0.184697,0.123132,-0.123132,1.10877,0.554541,0.65,0.240017,0,54,0.561945,-0.136777,0.232863
0.884,0.185562,-1.4957,1.56947,-0.185562,0.123708,-0.123708,1.10825,0.554865,0.65,0.239214,0,54,0.561289,-0.136863,0.233462
0.886,0.186428,-1.49513,1.56926,-0.186428,0.124285,-0.124285,1.10773,0.555189,0.65,0.23841,0,54,0.560633,-0.136945,0.23406
0.888,0.187294,-1.49457,1.56904,-0.187294,0.124863,-0.124863,1.10721,0.555512,0.65,0.237607,0,54,0.559976,-0.137023,0.234658
0.89,0.188162,-1.494,1.56883,-0.188162,0.125441,-0.125441,1.10668,0.555833,0.65,0.236805,0,54,0.559318,-0.137097,0.235256
0.892,0.18903,-1.49343,1.56861,-0.18903,0.12602,-0.12602,1.10616,0.556153,0.65,0.236002,0,54,0.558659,-0.137168,0.235854
0.894,0.189899,-1.49286,1.56839,-0.189899,0.126599,-0.126599,1.10563,0.556472,0.65,0.235199,0,54,0.557999,-0.137235,0.236451
0.896,0.190769,-1.49229,1.56817,-0.190769,0.127179,-0.127179,1.10511,0.55679,0.65,0.234397,0,54,0.557337,-0.137297,0.237048
0.898,0.191639,-1.49172,1.56795,-0.191639,0.127759,-0.127759,1.10458,0.557107,0.65,0.233595,0,54,0.556675,-0.137356,0.237644
0.9,0.19251,-1.49115,1.56773,-0.19251,0.12834,-0.12834,1.10406,0.557422,0.65,0.232793,0,54,0.556012,-0.137411,0.23824
0.902,0.193382,-1.49057,1.56751,-0.193382,0.128922,-0.128922,1.10353,0.557737,0.65,0.231992,0,54,0.555348,-0.137463,0.238835
0.904,0.194255,-1.48999,1.56728,-0.194255,0.129503,-0.129503,1.103,0.55805,0.65,0.231191,0,54,0.554683,-0.13751,0.23943
0.906,0.195129,-1.48942,1.56706,-0.195129,0.130086,-0.130086,1.10248,0.558362,0.65,0.23039,0,54,0.554017,-0.137553,0.240025
0.908,0.196003,-1.48884,1.56683,-0.196003,0.130669,-0.130669,1.10195,0.558673,0.65,0.229589,0,54,0.553351,-0.137593,0.240619
0.91,0.196878,-1.48825,1.56661,-0.196878,0.131252,-0.131252,1.10142,0.558982,0.65,0.228789,0,54,0.552683,-0.137628,0.241213
0.912,0.197754,-1.48767,1.56638,-0.197754,0.131836,-0.131836,1.10089,0.559291,0.65,0.227989,0,54,0.552014,-0.13766,0.241807
0.914,0.19863,-1.48709,1.56615,-0.19863,0.13242,-0.13242,1.10036,0.559598,0.65,0.22719,0,54,0.551345,-0.137688,0.2424
0.916,0.199507,-1.4865,1.56592,-0.199507,0.133005,-0.133005,1.09983,0.559904,0.65,0.226391,0,54,0.550674,-0.137711,0.242992
0.918,0.200385,-1.48591,1.56569,-0.200385,0.13359,-0.13359,1.0993,0.560209,0.65,0.225592,0,54,0.550003,-0.137731,0.243585
0.92,0.201264,-1.48532,1.56546,-0.201264,0.134176,-0.134176,1.09877,0.560513,0.65,0.224794,0,54,0.549331,-0.137747,0.244176
0.922,0.202143,-1.48473,1.56523,-0.202143,0.134762,-0.134762,1.09824,0.560815,0.65,0.223996,0,54,0.548658,-0.137759,0.244768
0.924,0.203023,-1.48414,1.565,-0.203023,0.135349,-0.135349,1.09771,0.561117,0.65,0.223198,0,54,0.547984,-0.137766,0.245358
0.926,0.203904,-1.48355,1.56476,-0.203904,0.135936,-0.135936,1.09718,0.561417,0.65,0.222401,0,54,0.547309,-0.13777,0.245949
0.928,0.204786,-1.48296,1.56453,-0.204786,0.136524,-0.136524,1.09664,0.561716,0.65,0.221604,0,54,0.546633,-0.13777,0.246539
0.93,0.205668,-1.48236,1.56429,-0.205668,0.137112,-0.137112,1.09611,0.562014,0.65,0.220808,0,54,0.545957,-0.137766,0.247128
0.932,0.206551,-1.48176,1.56406,-0.206551,0.1377,-0.1377,1.09558,0.562311,0.65,0.220013,0,54,0.545279,-0.137758,0.247717
0.934,0.207434,-1.48116,1.56382,-0.207434,0.138289,-0.138289,1.09504,0.562607,0.65,0.219218,0,54,0.544601,-0.137745,0.248306
0.936,0.208318,-1.48056,1.56358,-0.208318,0.138879,-0.138879,1.09451,0.562901,0.65,0.218423,0,54,0.543922,-0.137729,0.248894
0.938,0.209203,-1.47996,1.56334,-0.209203,0.139469,-0.139469,1.09397,0.563194,0.65,0.217629,0,54,0.543242,-0.137708,0.249481
0.94,0.210089,-1.47936,1.5631,-0.210089,0.140059,-0.140059,1.09344,0.563486,0.65,0.216836,0,54,0.542562,-0.137684,0.250068
0.942,0.210975,-1.47875,1.56286,-0.210975,0.14065,-0.14065,1.0929,0.563777,0.65,0.216043,0,54,0.541881,-0.137655,0.250655
0.944,0.211862,-1.47815,1.56262,-0.211862,0.141241,-0.141241,1.09237,0.564067,0.65,0.21525,0,54,0.541199,-0.137623,0.251241
0.946,0.212749,-1.47754,1.56237,-0.212749,0.141833,-0.141833,1.09183,0.564356,0.65,0.214459,0,54,0.540516,-0.137586,0.251826
0.948,0.213637,-1.47693,1.56213,-0.213637,0.142425,-0.142425,1.09129,0.564643,0.65,0.213668,0,54,0.539832,-0.137545,0.252411
0.95,0.214526,-1.47632,1.56188,-0.214526,0.143017,-0.143017,1.09076,0.56493,0.65,0.212877,0,54,0.539148,-0.1375,0.252996
0.952,0.215416,-1.47571,1.56164,-0.215416,0.14361,-0.14361,1.09022,0.565215,0.65,0.212088,0,54,0.538463,-0.13745,0.25358
0.954,0.216306,-1.4751,1.56139,-0.216306,0.144204,-0.144204,1.08968,0.565499,0.65,0.211299,0,54,0.537777,-0.137397,0.254163
0.956,0.217196,-1.47449,1.56114,-0.217196,0.144797,-0.144797,1.08914,0.565781,0.65,0.21051,0,54,0.53709,-0.13734,0.254746
0.958,0.218087,-1.47387,1.56089,-0.218087,0.145392,-0.145392,1.0886,0.566063,0.65,0.209722,0,54,0.536403,-0.137278,0.255328
0.96,0.218979,-1.47325,1.56064,-0.218979,0.145986,-0.145986,1.08806,0.566343,0.65,0.208935,0,54,0.535715,-0.137212,0.25591
0.962,0.219872,-1.47264,1.56039,-0.219872,0.146581,-0.146581,1.08752,0.566623,0.65,0.208149,0,54,0.535026,-0.137142,0.256491
0.964,0.220765,-1.47202,1.56014,-0.220765,0.147177,-0.147177,1.08698,0.566901,0.65,0.207364,0,54,0.534337,-0.137067,0.257072
0.966,0.221658,-1.47139,1.55989,-0.221658,0.147772,-0.147772,1.08644,0.567178,0.65,0.206579,0,54,0.533647,-0.136989,0.257652
0.968,0.222553,-1.47077,1.55963,-0.222553,0.148368,-0.148368,1.0859,0.567454,0.65,0.205795,0,54,0.532956,-0.136906,0.258232
0.97,0.223448,-1.47015,1.55938,-0.223448,0.148965,-0.148965,1.08536,0.567728,0.65,0.205012,0,54,0.532264,-0.136819,0.258811
0.972,0.224343,-1.46952,1.55912,-0.224343,0.149562,-0.149562,1.08481,0.568002,0.65,0.20423,0,54,0.531572,-0.136728,0.259389
0.974,0.225239,-1.4689,1.55887,-0.225239,0.150159,-0.150159,1.08427,0.568274,0.65,0.203448,0,54,0.53088,-0.136632,0.259967
0.976,0.226136,-1.46827,1.55861,-0.226136,0.150757,-0.150757,1.08373,0.568545,0.65,0.202668,0,54,0.530186,-0.136532,0.260544
0.978,0.227033,-1.46764,1.55835,-0.227033,0.151355,-0.151355,1.08319,0.568815,0.65,0.201888,0,54,0.529492,-0.136428,0.26112
0.98,0.22793,-1.46701,1.55809,-0.22793,0.151954,-0.151954,1.08264,0.569084,0.65,0.201109,0,54,0.528798,-0.13632,0.261696
0.982,0.228829,-1.46638,1.55783,-0.228829,0.152552,-0.152552,1.0821,0.569352,0.65,0.200331,0,54,0.528103,-0.136207,0.262272
0.984,0.229728,-1.46575,1.55757,-0.229728,0.153152,-0.153152,1.08155,0.569618,0.65,0.199554,0,54,0.527407,-0.13609,0.262846
0.986,0.230627,-1.46511,1.55731,-0.230627,0.153751,-0.153751,1.08101,0.569884,0.65,0.198778,0,54,0.52671,-0.135968,0.26342
0.988,0.231527,-1.46448,1.55705,-0.231527,0.154351,-0.154351,1.08046,0.570148,0.65,0.198003,0,54,0.526013,-0.135842,0.263994
0.99,0.232427,-1.46384,1.55679,-0.232427,0.154951,-0.154951,1.07992,0.570411,0.65,0.197229,0,54,0.525316,-0.135712,0.264566
0.992,0.233328,-1.4632,1.55652,-0.233328,0.155552,-0.155552,1.07937,0.570673,0.65,0.196456,0,54,0.524618,-0.135577,0.265138
0.994,0.23423,-1.46256,1.55626,-0.23423,0.156153,-0.156153,1.07882,0.570934,0.65,0.195683,0,54,0.523919,-0.135438,0.26571
0.996,0.235132,-1.46192,1.55599,-0.235132,0.156755,-0.156755,1.07827,0.571193,0.65,0.194912,0,54,0.52322,-0.135295,0.26628
0.998,0.236034,-1.46128,1.55573,-0.236034,0.157356,-0.157356,1.07773,0.571452,0.65,0.194142,0,54,0.52252,-0.135147,0.26685
1,0.236937,-1.46064,1.55546,-0.236937,0.157958,-0.157958,1.07718,0.571709,0.65,0.193373,0,54,0.52182,-0.134995,0.26742
1.002,0.237841,-1.45999,1.55519,-0.237841,0.158561,-0.158561,1.07663,0.571965,0.65,0.192605,0,54,0.521119,-0.134838,0.267988
1.004,0.238745,-1.45935,1.55492,-0.238745,0.159163,-0.159163,1.07608,0.57222,0.65,0.191838,0,54,0.520418,-0.134677,0.268556
1.006,0.23965,-1.4587,1.55465,-0.23965,0.159766,-0.159766,1.07553,0.572474,0.65,0.191072,0,54,0.519716,-0.134511,0.269123
1.008,0.240555,-1.45805,1.55438,-0.240555,0.16037,-0.16037,1.07498,0.572726,0.65,0.190308,0,54,0.519014,-0.134341,0.26969
1.01,0.24146,-1.4574,1.55411,-0.24146,0.160974,-0.160974,1.07443,0.572978,0.65,0.189544,0,54,0.518311,-0.134166,0.270255
1.012,0.242366,-1.45675,1.55383,-0.242366,0.161578,-0.161578,1.07388,0.573228,0.65,0.188782,0,54,0.517608,-0.133987,0.27082
1.014,0.243273,-1.4561,1.55356,-0.243273,0.162182,-0.162182,1.07333,0.573477,0.65,0.188021,0,54,0.516904,-0.133803,0.271385
1.016,0.24418,-1.45544,1.55329,-0.24418,0.162787,-0.162787,1.07278,0.573725,0.65,0.187261,0,54,0.5162,-0.133615,0.271948
1.018,0.245088,-1.45479,1.55301,-0.245088,0.163392,-0.163392,1.07223,0.573972,0.65,0.186502,0,54,0.515496,-0.133422,0.272511
1.02,0.245996,-1.45413,1.55273,-0.245996,0.163997,-0.163997,1.07167,0.574218,0.65,0.185744,0,54,0.514791,-0.133224,0.273073
1.022,0.246904,-1.45347,1.55246,-0.246904,0.164603,-0.164603,1.07112,0.574462,0.65,0.184988,0,54,0.514085,-0.133022,0.273634
1.024,0.247813,-1.45282,1.55218,-0.247813,0.165209,-0.165209,1.07057,0.574705,0.65,0.184233,0,54,0.513379,-0.132815,0.274194
1.026,0.248722,-1.45216,1.5519,-0.248722,0.165815,-0.165815,1.07002,0.574948,0.65,0.183479,0,54,0.512673,-0.132604,0.274754
1.028,0.249632,-1.4515,1.55162,-0.249632,0.166422,-0.166422,1.06946,0.575189,0.65,0.182727,0,54,0.511967,-0.132388,0.275312
1.03,0.250543,-1.45083,1.55134,-0.250543,0.167028,-0.167028,1.06891,0.575429,0.65,0.181976,0,54,0.51126,-0.132168,0.27587
1.032,0.251453,-1.45017,1.55106,-0.251453,0.167636,-0.167636,1.06835,0.575667,0.65,0.181226,0,54,0.510552,-0.131942,0.276427
1.034,0.252365,-1.4495,1.55078,-0.252365,0.168243,-0.168243,1.0678,0.575905,0.65,0.180478,0,54,0.509845,-0.131712,0.276983
1.036,0.253276,-1.44884,1.55049,-0.253276,0.168851,-0.168851,1.06724,0.576141,0.65,0.179731,0,54,0.509137,-0.131478,0.277539
1.038,0.254188,-1.44817,1.55021,-0.254188,0.169459,-0.169459,1.06669,0.576377,0.65,0.178985,0,54,0.508428,-0.131238,0.278093
1.04,0.255101,-1.4475,1.54993,-0.255101,0.170067,-0.170067,1.06613,0.576611,0.65,0.178241,0,54,0.507719,-0.130994,0.278647
1.042,0.256014,-1.44683,1.54964,-0.256014,0.170676,-0.170676,1.06557,0.576844,0.65,0.177498,0,54,0.50701,-0.130746,0.279199
1.044,0.256927,-1.44616,1.54935,-0.256927,0.171285,-0.171285,1.06502,0.577075,0.65,0.176757,0,54,0.506301,-0.130492,0.279751
1.046,0.257841,-1.44549,1.54907,-0.257841,0.171894,-0.171894,1.06446,0.577306,0.65,0.176017,0,54,0.505591,-0.130234,0.280302
1.048,0.258755,-1.44482,1.54878,-0.258755,0.172503,-0.172503,1.0639,0.577536,0.65,0.175279,0,54,0.504881,-0.129971,0.280852
1.05,0.25967,-1.44414,1.54849,-0.25967,0.173113,-0.173113,1.06335,0.577764,0.65,0.174542,0,54,0.504171,-0.129703,0.281401
1.052,0.260585,-1.44347,1.5482,-0.260585,0.173723,-0.173723,1.06279,0.577991,0.65,0.173806,0,54,0.503461,-0.12943,0.281949
1.054,0.2615,-1.44279,1.54791,-0.2615,0.174333,-0.174333,1.06223,0.578217,0.65,0.173073,0,54,0.50275,-0.129152,0.282496
1.056,0.262416,-1.44211,1.54762,-0.262416,0.174944,-0.174944,1.06167,0.578442,0.65,0.17234,0,54,0.502039,-0.12887,0.283043
1.058,0.263332,-1.44143,1.54733,-0.263332,0.175555,-0.175555,1.06111,0.578666,0.65,0.17161,0,54,0.501328,-0.128583,0.283588
1.06,0.264249,-1.44075,1.54704,-0.264249,0.176166,-0.176166,1.06055,0.578888,0.65,0.170881,0,54,0.500616,-0.12829,0.284132
1.062,0.265166,-1.44007,1.54674,-0.265166,0.176777,-0.176777,1.05999,0.57911,0.65,0.170153,0,54,0.499905,-0.127993,0.284675
1.064,0.266083,-1.43939,1.54645,-0.266083,0.177389,-0.177389,1.05943,0.57933,0.65,0.169427,0,54,0.499193,-0.127691,0.285218
1.066,0.267001,-1.4387,1.54615,-0.267001,0.178,-0.178,1.05887,0.579549,0.65,0.168703,0,54,0.498481,-0.127384,0.285759
1.068,0.267919,-1.43802,1.54586,-0.267919,0.178612,-0.178612,1.05831,0.579767,0.65,0.167981,0,54,0.497768,-0.127073,0.286299
1.07,0.268837,-1.43733,1.54556,-0.268837,0.179225,-0.179225,1.05775,0.579984,0.65,0.16726,0,54,0.497056,-0.126756,0.286838
1.072,0.269756,-1.43664,1.54526,-0.269756,0.179837,-0.179837,1.05718,0.580199,0.65,0.166541,0,54,0.496343,-0.126434,0.287376
1.074,0.270675,-1.43595,1.54497,-0.270675,0.18045,-0.18045,1.05662,0.580414,0.65,0.165824,0,54,0.495631,-0.126107,0.287913
1.076,0.271595,-1.43526,1.54467,-0.271595,0.181063,-0.181063,1.05606,0.580627,0.65,0.165108,0,54,0.494918,-0.125775,0.288449
1.078,0.272515,-1.43457,1.54437,-0.272515,0.181677,-0.181677,1.05549,0.580839,0.65,0.164394,0,54,0.494205,-0.125439,0.288984
1.08,0.273435,-1.43388,1.54407,-0.273435,0.18229,-0.18229,1.05493,0.581051,0.65,0.163682,0,54,0.493492,-0.125097,0.289518
1.082,0.274356,-1.43318,1.54377,-0.274356,0.182904,-0.182904,1.05437,0.58126,0.65,0.162972,0,54,0.492778,-0.12475,0.290051
1.084,0.275277,-1.43249,1.54346,-0.275277,0.183518,-0.183518,1.0538,0.581469,0.65,0.162264,0,54,0.492065,-0.124398,0.290582
1.086,0.276198,-1.43179,1.54316,-0.276198,0.184132,-0.184132,1.05324,0.581677,0.65,0.161557,0,54,0.491352,-0.124041,0.291113
1.088,0.27712,-1.4311,1.54286,-0.27712,0.184746,-0.184746,1.05267,0.581883,0.65,0.160853,0,54,0.490638,-0.123679,0.291642
1.09,0.278042,-1.4304,1.54255,-0.278042,0.185361,-0.185361,1.05211,0.582088,0.65,0.16015,0,54,0.489925,-0.123311,0.29217
1.092,0.278964,-1.4297,1.54225,-0.278964,0.185976,-0.185976,1.05154,0.582292,0.65,0.159449,0,54,0.489211,-0.122939,0.292697
1.094,0.279887,-1.429,1.54194,-0.279887,0.186591,-0.186591,1.05098,0.582495,0.65,0.15875,0,54,0.488497,-0.122561,0.293222
1.096,0.28081,-1.4283,1.54164,-0.28081,0.187206,-0.187206,1.05041,0.582697,0.65,0.158054,0,54,0.487784,-0.122178,0.293747
1.098,0.281733,-1.42759,1.54133,-0.281733,0.187822,-0.187822,1.04984,0.582898,0.65,0.157359,0,54,0.48707,-0.12179,0.29427
1.1,0.282656,-1.42689,1.54102,-0.282656,0.188438,-0.188438,1.04928,0.583097,0.65,0.156666,0,54,0.486356,-0.121397,0.294792
1.102,0.28358,-1.42619,1.54071,-0.28358,0.189054,-0.189054,1.04871,0.583296,0.65,0.155975,0,54,0.485643,-0.120999,0.295313
1.104,0.284505,-1.42548,1.5404,-0.284505,0.18967,-0.18967,1.04814,0.583493,0.65,0.155286,0,54,0.484929,-0.120595,0.295832
1.106,0.285429,-1.42477,1.54009,-0.285429,0.190286,-0.190286,1.04757,0.583689,0.65,0.154599,0,54,0.484215,-0.120186,0.296351
1.108,0.286354,-1.42406,1.53978,-0.286354,0.190903,-0.190903,1.04701,0.583884,0.65,0.153914,0,54,0.483502,-0.119772,0.296867
1.11,0.287279,-1.42335,1.53947,-0.287279,0.191519,-0.191519,1.04644,0.584077,0.65,0.153231,0,54,0.482788,-0.119353,0.297383
1.112,0.288205,-1.42264,1.53916,-0.288205,0.192136,-0.192136,1.04587,0.58427,0.65,0.152551,0,54,0.482075,-0.118928,0.297897
1.114,0.28913,-1.42193,1.53884,-0.28913,0.192754,-0.192754,1.0453,0.584461,0.65,0.151872,0,54,0.481361,-0.118498,0.29841
1.116,0.290056,-1.42122,1.53853,-0.290056,0.193371,-0.193371,1.04473,0.584652,0.65,0.151196,0,54,0.480648,-0.118062,0.298922
1.118,0.290983,-1.42051,1.53822,-0.290983,0.193988,-0.193988,1.04416,0.584841,0.65,0.150522,0,54,0.479935,-0.117621,0.299432
1.12,0.291909,-1.41979,1.5379,-0.291909,0.194606,-0.194606,1.04359,0.585029,0.65,0.14985,0,54,0.479222,-0.117175,0.299941
1.122,0.292836,-1.41907,1.53758,-0.292836,0.195224,-0.195224,1.04302,0.585215,0.65,0.14918,0,54,0.478509,-0.116723,0.300448
1.124,0.293763,-1.41836,1.53727,-0.293763,0.195842,-0.195842,1.04245,0.585401,0.65,0.148513,0,54,0.477796,-0.116266,0.300954
1.126,0.29469,-1.41764,1.53695,-0.29469,0.19646,-0.19646,1.04187,0.585585,0.65,0.147848,0,54,0.477083,-0.115804,0.301459
1.128,0.295618,-1.41692,1.53663,-0.295618,0.197079,-0.197079,1.0413,0.585769,0.65,0.147185,0,54,0.476371,-0.115336,0.301962
1.13,0.296546,-1.4162,1.53631,-0.296546,0.197697,-0.197697,1.04073,0.585951,0.65,0.146524,0,54,0.475658,-0.114862,0.302463
1.132,0.297474,-1.41548,1.53599,-0.297474,0.198316,-0.198316,1.04016,0.586132,0.65,0.145866,0,54,0.474946,-0.114383,0.302963
1.134,0.298403,-1.41475,1.53567,-0.298403,0.198935,-0.198935,1.03959,0.586312,0.65,0.14521,0,54,0.474234,-0.113899,0.303462
1.136,0.299331,-1.41403,1.53535,-0.299331,0.199554,-0.199554,1.03901,0.58649,0.65,0.144556,0,54,0.473522,-0.113409,0.303959
1.138,0.30026,-1.41331,1.53503,-0.30026,0.200174,-0.200174,1.03844,0.586668,0.65,0.143905,0,54,0.472811,-0.112913,0.304454
1.14,0.301189,-1.41258,1.53471,-0.301189,0.200793,-0.200793,1.03787,0.586844,0.65,0.143256,0,54,0.4721,-0.112412,0.304948
1.142,0.302119,-1.41185,1.53438,-0.302119,0.201413,-0.201413,1.03729,0.587019,0.65,0.14261,0,54,0.471389,-0.111905,0.305441
1.144,0.303049,-1.41112,1.53406,-0.303049,0.202032,-0.202032,1.03672,0.587194,0.65,0.141966,0,54,0.470678,-0.111393,0.305932
1.146,0.303978,-1.4104,1.53373,-0.303978,0.202652,-0.202652,1.03614,0.587366,0.65,0.141325,0,54,0.469967,-0.110875,0.306421
1.148,0.304909,-1.40967,1.53341,-0.304909,0.203272,-0.203272,1.03557,0.587538,0.65,0.140686,0,54,0.469257,-0.110352,0.306908
1.15,0.305839,-1.40893,1.53308,-0.305839,0.203893,-0.203893,1.03499,0.587709,0.65,0.140049,0,54,0.468547,-0.109822,0.307394
1.152,0.30677,-1.4082,1.53276,-0.30677,0.204513,-0.204513,1.03442,0.587878,0.65,0.139415,0,54,0.467838,-0.109287,0.307878
1.154,0.3077,-1.40747,1.53243,-0.3077,0.205134,-0.205134,1.03384,0.588046,0.65,0.138784,0,54,0.467128,-0.108747,0.308361
1.156,0.308631,-1.40673,1.5321,-0.308631,0.205754,-0.205754,1.03326,0.588214,0.65,0.138155,0,54,0.466419,-0.108201,0.308842
1.158,0.309563,-1.406,1.53177,-0.309563,0.206375,-0.206375,1.03269,0.58838,0.65,0.137529,0,54,0.465711,-0.107648,0.309321
1.16,0.310494,-1.40526,1.53144,-0.310494,0.206996,-0.206996,1.03211,0.588544,0.65,0.136905,0,54,0.465003,-0.107091,0.309798
1.162,0.311426,-1.40452,1.53111,-0.311426,0.207617,-0.207617,1.03153,0.588708,0.65,0.136284,0,54,0.464295,-0.106527,0.310274
1.164,0.312358,-1.40379,1.53078,-0.312358,0.208238,-0.208238,1.03096,0.58887,0.65,0.135666,0,54,0.463587,-0.105958,0.310747
1.166,0.31329,-1.40305,1.53045,-0.31329,0.20886,-0.20886,1.03038,0.589032,0.65,0.13505,0,54,0.46288,-0.105383,0.311219
1.168,0.314222,-1.40231,1.53012,-0.314222,0.209481,-0.209481,1.0298,0.589192,0.65,0.134437,0,54,0.462174,-0.104802,0.31169
1.17,0.315155,-1.40156,1.52978,-0.315155,0.210103,-0.210103,1.02922,0.589351,0.65,0.133827,0,54,0.461468,-0.104215,0.312158
1.172,0.316087,-1.40082,1.52945,-0.316087,0.210725,-0.210725,1.02864,0.589509,0.65,0.133219,0,54,0.460762,-0.103622,0.312624
1.174,0.31702,-1.40008,1.52912,-0.31702,0.211347,-0.211347,1.02806,0.589665,0.65,0.132615,0,54,0.460057,-0.103023,0.313089
1.176,0.317953,-1.39933,1.52878,-0.317953,0.211969,-0.211969,1.02748,0.589821,0.65,0.132013,0,54,0.459352,-0.102419,0.313551
1.178,0.318886,-1.39859,1.52845,-0.318886,0.212591,-0.212591,1.0269,0.589975,0.65,0.131414,0,54,0.458647,-0.101809,0.314012
1.18,0.31982,-1.39784,1.52811,-0.31982,0.213213,-0.213213,1.02632,0.590129,0.65,0.130817,0,54,0.457944,-0.101192,0.314471
1.182,0.320753,-1.39709,1.52777,-0.320753,0.213836,-0.213836,1.02574,0.590281,0.65,0.130224,0,54,0.45724,-0.10057,0.314927
1.184,0.321687,-1.39634,1.52744,-0.321687,0.214458,-0.214458,1.02516,0.590431,0.65,0.129633,0,54,0.456538,-0.0999417,0.315382
1.186,0.322621,-1.39559,1.5271,-0.322621,0.215081,-0.215081,1.02458,0.590581,0.65,0.129046,0,54,0.455835,-0.0993074,0.315835
1.188,0.323555,-1.39484,1.52676,-0.323555,0.215703,-0.215703,1.024,0.59073,0.65,0.128461,0,54,0.455134,-0.0986671,0.316286
1.19,0.324489,-1.39409,1.52642,-0.324489,0.216326,-0.216326,1.02342,0.590877,0.65,0.127879,0,54,0.454433,-0.0980208,0.316734
1.192,0.325424,-1.39334,1.52608,-0.325424,0.216949,-0.216949,1.02284,0.591023,0.65,0.1273,0,54,0.453732,-0.0973684,0.317181
1.194,0.326359,-1.39259,1.52574,-0.326359,0.217572,-0.217572,1.02226,0.591168,0.65,0.126724,0,54,0.453032,-0.09671,0.317625
1.196,0.327293,-1.39183,1.5254,-0.327293,0.218196,-0.218196,1.02167,0.591312,0.65,0.126152,0,54,0.452333,-0.0960455,0.318067
1.198,0.328228,-1.39107,1.52505,-0.328228,0.218819,-0.218819,1.02109,0.591455,0.65,0.125582,0,54,0.451634,-0.0953748,0.318507
1.2,0.329163,-1.39032,1.52471,-0.329163,0.219442,-0.219442,1.02051,0.591597,0.65,0.125008,0,53,0.455373,-0.114529,0.309288
1.202,0.330098,-1.38956,1.52437,-0.330098,0.220066,-0.220066,1.01992,0.591737,0.65,0.124397,0,53,0.454651,-0.113899,0.309751
1.204,0.331034,-1.3888,1.52402,-0.331034,0.220689,-0.220689,1.01934,0.591876,0.65,0.123789,0,53,0.45393,-0.113262,0.310212
1.206,0.331969,-1.38804,1.52368,-0.331969,0.221313,-0.221313,1.01876,0.592014,0.65,0.123184,0,53,0.453209,-0.112619,0.310671
1.208,0.332905,-1.38728,1.52333,-0.332905,0.221937,-0.221937,1.01817,0.592151,0.65,0.122582,0,53,0.452489,-0.111969,0.311129
1.21,0.333841,-1.38652,1.52299,-0.333841,0.22256,-0.22256,1.01759,0.592287,0.65,0.121984,0,53,0.45177,-0.111314,0.311584
1.212,0.334777,-1.38576,1.52264,-0.334777,0.223184,-0.223184,1.017,0.592422,0.65,0.121388,0,53,0.451051,-0.110652,0.312037
1.214,0.335713,-1.38499,1.52229,-0.335713,0.223808,-0.223808,1.01642,0.592555,0.65,0.120795,0,53,0.450332,-0.109985,0.312488
1.216,0.336649,-1.38423,1.52195,-0.336649,0.224433,-0.224433,1.01583,0.592687,0.65,0.120205,0,53,0.449615,-0.109311,0.312936
1.218,0.337585,-1.38346,1.5216,-0.337585,0.225057,-0.225057,1.01525,0.592819,0.65,0.119618,0,53,0.448897,-0.10863,0.313383
1.22,0.338522,-1.3827,1.52125,-0.338522,0.225681,-0.225681,1.01466,0.592948,0.65,0.119034,0,53,0.448181,-0.107944,0.313828
1.222,0.339458,-1.38193,1.5209,-0.339458,0.226305,-0.226305,1.01408,0.593077,0.65,0.118454,0,53,0.447465,-0.107251,0.31427
1.224,0.340395,-1.38116,1.52055,-0.340395,0.22693,-0.22693,1.01349,0.593205,0.65,0.117877,0,53,0.44675,-0.106552,0.31471
1.226,0.341331,-1.38039,1.5202,-0.341331,0.227554,-0.227554,1.0129,0.593331,0.65,0.117303,0,53,0.446035,-0.105846,0.315148
1.228,0.342268,-1.37962,1.51985,-0.342268,0.228179,-0.228179,1.01232,0.593456,0.65,0.116732,0,53,0.445322,-0.105135,0.315584
1.23,0.343205,-1.37885,1.51949,-0.343205,0.228804,-0.228804,1.01173,0.593581,0.65,0.116164,0,53,0.444608,-0.104417,0.316018
1.232,0.344142,-1.37808,1.51914,-0.344142,0.229428,-0.229428,1.01114,0.593703,0.65,0.115599,0,53,0.443896,-0.103692,0.316449
1.234,0.345079,-1.3773,1.51879,-0.345079,0.230053,-0.230053,1.01055,0.593825,0.65,0.115038,0,53,0.443185,-0.102961,0.316878
1.236,0.346017,-1.37653,1.51843,-0.346017,0.230678,-0.230678,1.00997,0.593946,0.65,0.11448,0,53,0.442474,-0.102224,0.317304
1.238,0.346954,-1.37576,1.51808,-0.346954,0.231303,-0.231303,1.00938,0.594065,0.65,0.113926,0,53,0.441764,-0.10148,0.317728
1.24,0.347892,-1.37498,1.51773,-0.347892,0.231928,-0.231928,1.00879,0.594183,0.65,0.113374,0,53,0.441054,-0.10073,0.31815
1.242,0.348829,-1.3742,1.51737,-0.348829,0.232553,-0.232553,1.0082,0.594301,0.65,0.112826,0,53,0.440346,-0.099973,0.318569
1.244,0.349767,-1.37342,1.51701,-0.349767,0.233178,-0.233178,1.00761,0.594416,0.65,0.112282,0,53,0.439638,-0.0992097,0.318986
1.246,0.350704,-1.37265,1.51666,-0.350704,0.233803,-0.233803,1.00702,0.594531,0.65,0.111741,0,53,0.438932,-0.09844,0.319401
1.248,0.351642,-1.37187,1.5163,-0.351642,0.234428,-0.234428,1.00643,0.594645,0.65,0.111203,0,53,0.438226,-0.0976636,0.319813
1.25,0.35258,-1.37109,1.51594,-0.35258,0.235053,-0.235053,1.00584,0.594757,0.65,0.110669,0,53,0.437521,-0.0968808,0.320222
1.252,0.353518,-1.3703,1.51558,-0.353518,0.235679,-0.235679,1.00525,0.594868,0.65,0.110138,0,53,0.436817,-0.0960913,0.320629
1.254,0.354456,-1.36952,1.51522,-0.354456,0.236304,-0.236304,1.00466,0.594978,0.65,0.109611,0,53,0.436113,-0.0952952,0.321033
1.256,0.355394,-1.36874,1.51486,-0.355394,0.236929,-0.236929,1.00407,0.595087,0.65,0.109087,0,53,0.435411,-0.0944925,0.321434
1.258,0.356332,-1.36795,1.5145,-0.356332,0.237555,-0.237555,1.00348,0.595195,0.65,0.108567,0,53,0.43471,-0.0936832,0.321833
1.26,0.35727,-1.36717,1.51414,-0.35727,0.23818,-0.23818,1.00289,0.595301,0.65,0.107887,0,43,0.452087,-0.162042,0.300918
1.262,0.358209,-1.36638,1.51378,-0.358209,0.238806,-0.238806,1.0023,0.595407,0.65,0.107073,2,54,0.424911,-0.0623634,0.329848
1.264,0.359147,-1.3656,1.51342,-0.359147,0.239431,-0.239431,1.0017,0.595511,0.65,0.105841,2,54,0.424224,-0.06393,0.330217
1.266,0.360085,-1.36481,1.51306,-0.360085,0.240057,-0.240057,1.00111,0.595614,0.65,0.104607,2,54,0.423539,-0.0655021,0.330583
1.268,0.361023,-1.36402,1.51269,-0.361024,0.240683,-0.240682,1.00052,0.595716,0.65,0.103371,2,54,0.422855,-0.0670796,0.330945
1.27,0.361958,-1.36323,1.51233,-0.361964,0.241309,-0.241308,0.999927,0.595816,0.65,0.102131,2,54,0.422173,-0.0686768,0.331306
1.272,0.362888,-1.36244,1.51196,-0.362905,0.241937,-0.241934,0.999335,0.595916,0.65,0.100877,2,54,0.421495,-0.0703268,0.331667
1.274,0.363813,-1.36165,1.5116,-0.363848,0.242567,-0.242559,0.998742,0.596014,0.65,0.0996215,2,54,0.420816,-0.071975,0.332022
1.276,0.364733,-1.36085,1.51123,-0.364793,0.243197,-0.243185,0.998148,0.596111,0.65,0.0983646,2,54,0.420136,-0.0736218,0.332373
1.278,0.365648,-1.36006,1.51086,-0.36574,0.243829,-0.243811,0.997554,0.596207,0.65,0.0971064,2,54,0.419455,-0.0752674,0.33272
1.28,0.366558,-1.35926,1.51049,-0.366688,0.244463,-0.244436,0.99696,0.596302,0.65,0.0958469,2,54,0.418773,-0.0769121,0.333061
1.282,0.367463,-1.35846,1.51012,-0.367638,0.245098,-0.245062,0.996366,0.596395,0.65,0.0945861,2,54,0.41809,-0.0785558,0.333398
1.284,0.368363,-1.35766,1.50975,-0.36859,0.245734,-0.245687,0.995771,0.596488,0.65,0.0933241,2,54,0.417406,-0.0801986,0.333731
1.286,0.369258,-1.35686,1.50938,-0.369543,0.246371,-0.246313,0.995177,0.596579,0.65,0.0920609,2,54,0.416721,-0.0818404,0.334058
1.288,0.370147,-1.35606,1.50901,-0.370498,0.24701,-0.246938,0.994581,0.596669,0.65,0.0907965,2,54,0.416036,-0.0834813,0.334381
1.29,0.371031,-1.35526,1.50863,-0.371456,0.24765,-0.247564,0.993986,0.596758,0.65,0.0896773,2,54,0.415349,-0.08466,0.3347
1.292,0.371906,-1.35445,1.50826,-0.372415,0.248293,-0.24819,0.99339,0.596846,0.65,0.0884185,3,54,0.408102,-0.0666648,0.332803
1.294,0.372774,-1.35365,1.50788,-0.373377,0.248937,-0.248815,0.992794,0.596932,0.65,0.0871438,3,54,0.407388,-0.0682775,0.333146
1.296,0.373635,-1.35284,1.5075,-0.374342,0.249583,-0.24944,0.992198,0.597017,0.65,0.085867,3,54,0.406673,-0.0698898,0.333485
1.298,0.374489,-1.35203,1.50712,-0.375308,0.250231,-0.250066,0.991601,0.597102,0.65,0.0845882,3,54,0.405956,-0.071502,0.333818
1.3,0.375336,-1.35123,1.50674,-0.376277,0.250881,-0.250691,0.991004,0.597185,0.65,0.0833072,3,54,0.405237,-0.0731141,0.334145
1.302,0.376175,-1.35041,1.50636,-0.377248,0.251532,-0.251317,0.990407,0.597266,0.65,0.0820242,3,54,0.404517,-0.0747261,0.334467
1.304,0.377007,-1.3496,1.50598,-0.378222,0.252185,-0.251942,0.989809,0.597347,0.65,0.0807392,3,54,0.403796,-0.0763381,0.334784
1.306,0.377833,-1.34879,1.5056,-0.379197,0.25284,-0.252567,0.989212,0.597426,0.65,0.0794522,3,54,0.403072,-0.07795,0.335095
1.308,0.378651,-1.34797,1.50522,-0.380174,0.253496,-0.253193,0.988613,0.597505,0.65,0.0781633,3,54,0.402348,-0.0795618,0.335401
1.31,0.379463,-1.34716,1.50483,-0.381154,0.254154,-0.253818,0.988015,0.597582,0.65,0.0768726,3,54,0.401622,-0.0811736,0.335702
1.312,0.380268,-1.34634,1.50444,-0.382135,0.254814,-0.254443,0.987416,0.597658,0.65,0.07558,3,54,0.400894,-0.0827854,0.335997
1.314,0.381066,-1.34552,1.50406,-0.383119,0.255475,-0.255068,0.986817,0.597732,0.65,0.0742856,3,54,0.400165,-0.0843971,0.336287
1.316,0.381857,-1.3447,1.50367,-0.384104,0.256138,-0.255693,0.986218,0.597806,0.65,0.0729895,3,54,0.399435,-0.0860087,0.336571
1.318,0.382642,-1.34388,1.50328,-0.385091,0.256802,-0.256318,0.985618,0.597878,0.65,0.0716917,3,54,0.398704,-0.0876203,0.33685
1.32,0.383421,-1.34306,1.50289,-0.38608,0.257468,-0.256944,0.985018,0.597949,0.65,0.0703922,3,54,0.397971,-0.0892318,0.337124
1.322,0.384193,-1.34224,1.5025,-0.387071,0.258135,-0.257569,0.984418,0.598019,0.65,0.0690911,3,54,0.397237,-0.0908433,0.337392
1.324,0.384959,-1.34142,1.50211,-0.388064,0.258803,-0.258194,0.983818,0.598088,0.65,0.0677884,3,54,0.396501,-0.0924546,0.337655
1.326,0.385718,-1.34059,1.50172,-0.389058,0.259473,-0.258819,0.983217,0.598155,0.65,0.0664843,3,54,0.395765,-0.0940658,0.337912
1.328,0.386471,-1.33976,1.50133,-0.390054,0.260145,-0.259444,0.982616,0.598222,0.65,0.0651787,3,54,0.395027,-0.095677,0.338164
1.33,0.387218,-1.33894,1.50094,-0.391052,0.260817,-0.260068,0.982015,0.598287,0.65,0.0638716,3,54,0.394289,-0.097288,0.33841
1.332,0.387959,-1.33811,1.50054,-0.392051,0.261491,-0.260693,0.981413,0.598351,0.65,0.0625633,3,54,0.393549,-0.0988988,0.338651
1.334,0.388693,-1.33728,1.50015,-0.393052,0.262167,-0.261318,0.980811,0.598414,0.65,0.0612536,3,54,0.392808,-0.100509,0.338887
1.336,0.389419,-1.33645,1.49975,-0.394056,0.262844,-0.261943,0.980209,0.598475,0.65,0.0601635,3,54,0.392067,-0.101445,0.339118
1.338,0.390138,-1.33562,1.49935,-0.395061,0.263522,-0.262568,0.979606,0.598536,0.65,0.058907,4,54,0.382763,-0.077532,0.337125
1.34,0.39085,-1.33479,1.49896,-0.396068,0.264202,-0.263192,0.979004,0.598595,0.65,0.0575803,4,54,0.381992,-0.0791368,0.337392
1.342,0.391553,-1.33395,1.49856,-0.397077,0.264884,-0.263817,0.978401,0.598653,0.65,0.0562515,4,54,0.38122,-0.0807424,0.337652
1.344,0.39225,-1.33312,1.49816,-0.398089,0.265568,-0.264442,0.977797,0.598709,0.65,0.0549209,4,54,0.380446,-0.0823489,0.337907
1.346,0.392939,-1.33228,1.49776,-0.399102,0.266253,-0.265066,0.977194,0.598765,0.65,0.0535884,4,54,0.379671,-0.0839562,0.338155
1.348,0.39362,-1.33145,1.49736,-0.400117,0.266939,-0.265691,0.97659,0.598819,0.65,0.0522541,4,54,0.378895,-0.0855644,0.338398
1.35,0.394294,-1.33061,1.49696,-0.401134,0.267627,-0.266315,0.975985,0.598872,0.65,0.0509181,4,54,0.378117,-0.0871733,0.338635
1.352,0.394961,-1.32977,1.49656,-0.402153,0.268317,-0.26694,0.975381,0.598924,0.65,0.0495804,4,54,0.377338,-0.0887831,0.338865
1.354,0.39562,-1.32893,1.49616,-0.403173,0.269008,-0.267564,0.974776,0.598975,0.65,0.0482426,4,54,0.376559,-0.09039,0.33909
1.356,0.396273,-1.32809,1.49575,-0.404196,0.2697,-0.268188,0.974171,0.599025,0.65,0.0469052,4,54,0.375779,-0.0919932,0.339308
1.358,0.396919,-1.32725,1.49535,-0.40522,0.270394,-0.268813,0.973566,0.599073,0.65,0.0455682,4,54,0.374998,-0.0935927,0.339521
1.36,0.397557,-1.32641,1.49495,-0.406246,0.271089,-0.269437,0.97296,0.59912,0.65,0.0442317,4,54,0.374217,-0.0951889,0.339727
1.362,0.398189,-1.32556,1.49454,-0.407273,0.271785,-0.270061,0.972354,0.599166,0.65,0.0428956,4,54,0.373435,-0.0967817,0.339928
1.364,0.398814,-1.32472,1.49414,-0.408302,0.272483,-0.270685,0.971748,0.599211,0.65,0.04156,4,54,0.372653,-0.0983715,0.340123
1.366,0.399433,-1.32388,1.49373,-0.409333,0.273182,-0.271309,0.971141,0.599254,0.65,0.0402249,4,54,0.37187,-0.0999582,0.340311
1.368,0.400045,-1.32303,1.49333,-0.410365,0.273882,-0.271933,0.970534,0.599296,0.65,0.0388904,4,54,0.371088,-0.101542,0.340494
1.37,0.40065,-1.32219,1.49292,-0.411399,0.274583,-0.272557,0.969927,0.599337,0.65,0.0375564,4,54,0.370305,-0.103123,0.34067
1.372,0.401249,-1.32134,1.49251,-0.412434,0.275286,-0.273181,0.96932,0.599377,0.65,0.036223,4,54,0.369521,-0.104701,0.34084
1.374,0.401842,-1.32049,1.49211,-0.41347,0.27599,-0.273805,0.968712,0.599416,0.65,0.0348902,4,54,0.368738,-0.106277,0.341004
1.376,0.402428,-1.31965,1.4917,-0.414508,0.276694,-0.274429,0.968104,0.599453,0.65,0.0335582,4,54,0.367954,-0.10785,0.341162
1.378,0.403009,-1.3188,1.4913,-0.415548,0.2774,-0.275052,0.967496,0.599489,0.65,0.0322268,4,54,0.36717,-0.109421,0.341314
1.38,0.403583,-1.31795,1.49089,-0.416589,0.278107,-0.275676,0.966888,0.599524,0.65,0.0308962,4,54,0.366387,-0.110989,0.34146
1.382,0.40415,-1.3171,1.49048,-0.417631,0.278816,-0.2763,0.966279,0.599558,0.65,0.0298925,4,54,0.365613,-0.111599,0.341604
1.384,0.404712,-1.31625,1.49008,-0.418674,0.279525,-0.276923,0.96567,0.59959,0.65,0.029095,4,54,0.364845,-0.111605,0.341746
1.386,0.405268,-1.31541,1.48967,-0.419719,0.280235,-0.277547,0.965061,0.599622,0.65,0.0282974,4,54,0.364077,-0.111614,0.341882
1.388,0.405817,-1.31456,1.48927,-0.420765,0.280947,-0.27817,0.964451,0.599652,0.65,0.0275069,4,54,0.363309,-0.111607,0.342012
1.39,0.406361,-1.31371,1.48886,-0.421813,0.281659,-0.278793,0.963841,0.599681,0.65,0.026723,4,54,0.362542,-0.111584,0.342136
1.392,0.406899,-1.31286,1.48846,-0.422862,0.282372,-0.279417,0.963231,0.599708,0.65,0.0259457,4,54,0.361775,-0.111546,0.342254
1.394,0.407431,-1.31201,1.48805,-0.423911,0.283087,-0.28004,0.96262,0.599734,0.65,0.0251751,4,54,0.361008,-0.111492,0.342365
1.396,0.407958,-1.31116,1.48765,-0.424963,0.283802,-0.280663,0.96201,0.59976,0.65,0.0244109,4,54,0.360242,-0.111424,0.34247
1.398,0.408478,-1.31031,1.48725,-0.426015,0.284518,-0.281286,0.961399,0.599783,0.65,0.0236545,4,54,0.359476,-0.111338,0.342567
1.4,0.408994,-1.30946,1.48684,-0.427068,0.285236,-0.281909,0.960788,0.599806,0.65,0.0229045,4,54,0.358711,-0.111239,0.342658
1.402,0.409504,-1.30862,1.48644,-0.428123,0.285954,-0.282532,0.960176,0.599827,0.65,0.022161,4,54,0.357946,-0.111125,0.342742
1.404,0.410009,-1.30777,1.48604,-0.42918,0.286674,-0.283155,0.959564,0.599847,0.65,0.021424,4,54,0.357182,-0.110998,0.34282
1.406,0.410509,-1.30692,1.48563,-0.430238,0.287395,-0.283778,0.958952,0.599866,0.65,0.0206935,4,54,0.356418,-0.110856,0.342891
1.408,0.411004,-1.30607,1.48523,-0.431299,0.288118,-0.284401,0.95834,0.599884,0.65,0.0199694,4,54,0.355655,-0.110701,0.342956
1.41,0.411495,-1.30522,1.48483,-0.432363,0.288843,-0.285024,0.957728,0.5999,0.65,0.0192518,4,54,0.354893,-0.110532,0.343014
1.412,0.411982,-1.30437,1.48443,-0.433429,0.289571,-0.285647,0.957115,0.599916,0.65,0.0185406,4,54,0.354131,-0.110349,0.343066
1.414,0.412465,-1.30352,1.48403,-0.434499,0.290301,-0.28627,0.956503,0.59993,0.65,0.0178357,4,54,0.35337,-0.110154,0.343112
1.416,0.412944,-1.30268,1.48363,-0.435571,0.291033,-0.286893,0.95589,0.599942,0.65,0.0171351,4,54,0.35261,-0.109951,0.343151
1.418,0.413419,-1.30183,1.48323,-0.436648,0.291768,-0.287516,0.955277,0.599954,0.65,0.0164363,4,54,0.35185,-0.109749,0.343183
1.42,0.413891,-1.30098,1.48283,-0.437728,0.292506,-0.288138,0.954663,0.599964,0.65,0.0157443,4,54,0.351092,-0.109533,0.343209
1.422,0.41436,-1.30013,1.48243,-0.438811,0.293247,-0.288761,0.95405,0.599973,0.65,0.0150588,4,54,0.350334,-0.109304,0.343228
1.424,0.414823,-1.29928,1.48203,-0.439895,0.293988,-0.289384,0.953436,0.59998,0.65,0.0143811,4,54,0.349578,-0.109059,0.34324
1.426,0.415282,-1.29844,1.48164,-0.440979,0.29473,-0.290007,0.952823,0.599987,0.65,0.0137069,4,54,0.348822,-0.10881,0.343245
1.428,0.415736,-1.29759,1.48124,-0.442062,0.295471,-0.290629,0.952209,0.599992,0.65,0.0130361,4,54,0.348068,-0.108558,0.343242
1.43,0.416185,-1.29674,1.48084,-0.443146,0.296212,-0.291252,0.951594,0.599996,0.65,0.0123714,4,54,0.347314,-0.108295,0.343232
1.432,0.416629,-1.2959,1.48044,-0.444229,0.296952,-0.291874,0.950979,0.599998,0.65,0.0117133,4,54,0.346562,-0.108019,0.343215
1.434,0.417068,-1.29506,1.48005,-0.445312,0.297692,-0.292496,0.950364,0.6,0.65,0.0110619,4,54,0.34581,-0.10773,0.343191
1.436,0.417502,-1.29422,1.47965,-0.446394,0.298432,-0.293118,0.949749,0.6,0.65,0.0104172,4,54,0.34506,-0.107428,0.343159
1.438,0.417932,-1.29338,1.47926,-0.447476,0.299172,-0.29374,0.949134,0.599999,0.65,0.00977929,4,54,0.34431,-0.107114,0.34312
1.44,0.418357,-1.29254,1.47886,-0.448557,0.299911,-0.294362,0.948518,0.599996,0.65,0.00914801,4,54,0.343562,-0.106786,0.343074
1.442,0.418778,-1.2917,1.47847,-0.449638,0.30065,-0.294984,0.947902,0.599993,0.65,0.0085234,4,54,0.342815,-0.106446,0.343021
1.444,0.419194,-1.29086,1.47807,-0.450719,0.301389,-0.295605,0.947285,0.599988,0.65,0.00790543,4,54,0.342069,-0.106094,0.34296
1.446,0.419606,-1.29003,1.47768,-0.451799,0.302127,-0.296227,0.946669,0.599982,0.65,0.00729411,4,54,0.341324,-0.105729,0.342892
1.448,0.420014,-1.28919,1.47729,-0.452878,0.302865,-0.296848,0.946052,0.599974,0.65,0.0066894,4,54,0.340581,-0.105352,0.342817
1.45,0.420418,-1.28836,1.47689,-0.453958,0.303603,-0.297469,0.945434,0.599965,0.65,0.00609129,4,54,0.339839,-0.104963,0.342733
1.452,0.420817,-1.28753,1.4765,-0.455036,0.30434,-0.29809,0.944817,0.599955,0.65,0.00549976,4,54,0.339098,-0.104563,0.342643
1.454,0.421213,-1.2867,1.47611,-0.456114,0.305076,-0.298711,0.944199,0.599944,0.65,0.0049148,4,54,0.338359,-0.10415,0.342545
1.456,0.421605,-1.28587,1.47572,-0.457192,0.305813,-0.299332,0.943581,0.599931,0.65,0.00433639,4,54,0.337621,-0.103726,0.342439
1.458,0.421993,-1.28505,1.47532,-0.458269,0.306548,-0.299953,0.942963,0.599917,0.65,0.0037645,4,54,0.336884,-0.10329,0.342325
1.46,0.422377,-1.28422,1.47493,-0.459345,0.307284,-0.300573,0.942345,0.599902,0.65,0.00319911,4,54,0.336149,-0.102843,0.342204
1.462,0.422757,-1.2834,1.47454,-0.460421,0.308019,-0.301194,0.941726,0.599886,0.65,0.0026402,4,54,0.335415,-0.102385,0.342076
1.464,0.423134,-1.28258,1.47415,-0.461496,0.308753,-0.301814,0.941107,0.599868,0.65,0.00208776,4,54,0.334683,-0.101916,0.341939
1.466,0.423507,-1.28176,1.47376,-0.462571,0.309487,-0.302434,0.940487,0.599849,0.65,0.00154175,4,54,0.333952,-0.101436,0.341795
1.468,0.423877,-1.28095,1.47337,-0.463645,0.31022,-0.303055,0.939868,0.599829,0.65,0.00100215,4,54,0.333223,-0.100945,0.341643
1.47,0.424244,-1.28013,1.47298,-0.464718,0.310953,-0.303675,0.939248,0.599807,0.65,0.000468944,4,54,0.332495,-0.100443,0.341483
1.472,0.424607,-1.27932,1.4726,-0.465791,0.311685,-0.304295,0.938628,0.599784,0.65,-5.79055e-05,4,54,0.331769,-0.0999305,0.341315
1.474,0.424967,-1.27851,1.47221,-0.466863,0.312417,-0.304914,0.938008,0.59976,0.65,-0.000578421,4,54,0.331045,-0.0994079,0.341139
1.476,0.425324,-1.2777,1.47182,-0.467935,0.313149,-0.305534,0.937387,0.599735,0.65,-0.00109192,4,54,0.330322,-0.0988724,0.340956
1.478,0.425678,-1.27691,1.47143,-0.469006,0.31388,-0.306153,0.936767,0.599708,0.65,-0.00159677,4,54,0.329601,-0.0983168,0.34077
1.48,0.426031,-1.27613,1.47104,-0.470078,0.314612,-0.306773,0.936145,0.59968,0.65,-0.00209956,4,54,0.328881,-0.0977596,0.34058
1.482,0.426381,-1.27535,1.47066,-0.47115,0.315343,-0.307392,0.935524,0.599651,0.65,-0.00259837,4,54,0.328162,-0.0971957,0.340386
1.484,0.42673,-1.27459,1.47027,-0.472221,0.316074,-0.308011,0.934902,0.59962,0.65,-0.00309301,4,54,0.327444,-0.0966246,0.340187
1.486,0.427077,-1.27384,1.46989,-0.473293,0.316806,-0.30863,0.93428,0.599588,0.65,-0.00358347,4,54,0.326728,-0.0960463,0.339985
1.488,0.427423,-1.2731,1.4695,-0.474364,0.317537,-0.309248,0.933658,0.599555,0.65,-0.0040698,4,54,0.326013,-0.0954611,0.339779
1.49,0.427767,-1.27237,1.46912,-0.475435,0.318268,-0.309867,0.933035,0.59952,0.65,-0.00455205,4,54,0.325299,-0.094869,0.339568
1.492,0.428109,-1.27165,1.46873,-0.476506,0.318999,-0.310485,0.932413,0.599484,0.65,-0.00503027,4,54,0.324587,-0.0942702,0.339354
1.494,0.428451,-1.27094,1.46835,-0.477577,0.319729,-0.311103,0.931789,0.599447,0.65,-0.00550449,4,54,0.323876,-0.0936648,0.339135
1.496,0.428792,-1.27023,1.46796,-0.478647,0.32046,-0.311721,0.931166,0.599408,0.65,-0.00597477,4,54,0.323167,-0.093053,0.338913
1.498,0.429132,-1.26954,1.46758,-0.479717,0.32119,-0.312339,0.930542,0.599368,0.65,-0.00644115,4,54,0.322459,-0.092435,0.338687
1.5,0.429471,-1.26886,1.4672,-0.480787,0.321919,-0.312957,0.929919,0.599327,0.65,-0.00690367,4,54,0.321752,-0.0918108,0.338456
1.502,0.429809,-1.26818,1.46681,-0.481856,0.322649,-0.313575,0.929294,0.599285,0.65,-0.00736238,4,54,0.321047,-0.0911806,0.338222
1.504,0.430147,-1.26752,1.46643,-0.482924,0.323379,-0.314192,0.92867,0.599241,0.65,-0.0078173,4,54,0.320343,-0.0905447,0.337984
1.506,0.430484,-1.26686,1.46605,-0.483991,0.324108,-0.31481,0.928045,0.599196,0.65,-0.00826845,4,54,0.31964,-0.089903,0.337742
1.508,0.430821,-1.26622,1.46567,-0.485056,0.324838,-0.315427,0.92742,0.599149,0.65,-0.00871587,4,54,0.318939,-0.0892557,0.337495
1.51,0.431157,-1.26558,1.46529,-0.486119,0.325569,-0.316044,0.926795,0.599101,0.65,-0.00915955,4,54,0.31824,-0.0886028,0.337245
1.512,0.431493,-1.26495,1.46491,-0.487179,0.326299,-0.316661,0.92617,0.599052,0.65,-0.00959949,4,54,0.317542,-0.0879446,0.33699
1.514,0.431828,-1.26432,1.46453,-0.488237,0.327031,-0.317278,0.925544,0.599002,0.65,-0.0100357,4,54,0.316846,-0.087281,0.336731
1.516,0.432163,-1.26371,1.46415,-0.489292,0.327763,-0.317894,0.924918,0.59895,0.65,-0.0104682,4,54,0.316151,-0.0866122,0.336467
1.518,0.432497,-1.2631,1.46377,-0.490344,0.328496,-0.318511,0.924292,0.598896,0.65,-0.0108969,4,54,0.315458,-0.0859381,0.336199
1.52,0.432831,-1.26249,1.46339,-0.491392,0.32923,-0.319127,0.923666,0.598842,0.65,-0.0113218,4,54,0.314766,-0.0852589,0.335926
1.522,0.433164,-1.2619,1.46301,-0.492437,0.329965,-0.319744,0.923039,0.598786,0.65,-0.011743,4,54,0.314076,-0.0845745,0.335648
1.524,0.433498,-1.26131,1.46263,-0.493478,0.330702,-0.32036,0.922412,0.598729,0.65,-0.0121603,4,54,0.313388,-0.0838851,0.335366
1.526,0.43383,-1.26073,1.46225,-0.494514,0.331439,-0.320976,0.921785,0.59867,0.65,-0.0125738,4,54,0.312701,-0.0831907,0.335078
1.528,0.434163,-1.26015,1.46187,-0.495547,0.332178,-0.321592,0.921158,0.59861,0.65,-0.0129835,4,54,0.312016,-0.0824913,0.334785
1.53,0.434495,-1.25958,1.4615,-0.496575,0.332919,-0.322207,0.920531,0.598549,0.65,-0.0133892,4,54,0.311332,-0.0817869,0.334487
1.532,0.434827,-1.25901,1.46112,-0.4976,0.333659,-0.322823,0.919903,0.598486,0.65,-0.0137888,4,54,0.310651,-0.0810715,0.334184
1.534,0.435159,-1.25845,1.46074,-0.498622,0.334401,-0.323439,0.919275,0.598422,0.65,-0.0141741,4,54,0.309973,-0.0803226,0.333876
1.536,0.435492,-1.25789,1.46037,-0.499642,0.335142,-0.324054,0.918647,0.598357,0.65,-0.0145577,4,54,0.309297,-0.079575,0.333563
1.538,0.435826,-1.25734,1.45999,-0.50066,0.335884,-0.324669,0.918019,0.59829,0.65,-0.0149373,4,54,0.308622,-0.0788227,0.333245
1.54,0.436159,-1.2568,1.45962,-0.501674,0.336626,-0.325284,0.91739,0.598222,0.65,-0.0153133,4,54,0.30795,-0.0780662,0.332921
1.542,0.436493,-1.25626,1.45924,-0.502686,0.337369,-0.325899,0.916762,0.598153,0.65,-0.0156855,4,54,0.307279,-0.0773057,0.332592
1.544,0.436827,-1.25572,1.45887,-0.503694,0.338112,-0.326514,0.916133,0.598082,0.65,-0.0160539,4,54,0.30661,-0.076541,0.332257
1.546,0.437162,-1.25519,1.45849,-0.504699,0.338857,-0.327129,0.915504,0.59801,0.65,-0.0164185,4,54,0.305943,-0.0757723,0.331917
1.548,0.437496,-1.25467,1.45812,-0.505701,0.339601,-0.327744,0.914875,0.597937,0.65,-0.0167792,4,54,0.305278,-0.0749995,0.331571
1.55,0.437832,-1.25414,1.45775,-0.506699,0.340347,-0.328358,0.914245,0.597862,0.65,-0.017136,4,54,0.304615,-0.0742226,0.331218
1.552,0.438167,-1.25362,1.45737,-0.507693,0.341093,-0.328973,0.913616,0.597786,0.65,-0.0174889,4,54,0.303955,-0.0734417,0.33086
1.554,0.438503,-1.25311,1.457,-0.508684,0.34184,-0.329587,0.912986,0.597708,0.65,-0.0178379,4,54,0.303296,-0.0726568,0.330495
1.556,0.438838,-1.2526,1.45663,-0.509671,0.342588,-0.330201,0.912357,0.597629,0.65,-0.0181828,4,54,0.302639,-0.0718678,0.330123
1.558,0.439174,-1.25209,1.45626,-0.510654,0.343337,-0.330815,0.911727,0.597549,0.65,-0.0185237,4,54,0.301984,-0.0710749,0.329745
1.56,0.439511,-1.25158,1.45588,-0.511633,0.344087,-0.331429,0.911097,0.597467,0.65,-0.0188605,4,54,0.301332,-0.0702779,0.32936
1.562,0.439847,-1.25108,1.45551,-0.512609,0.344838,-0.332043,0.910467,0.597384,0.65,-0.0191931,4,54,0.300681,-0.0694769,0.328968
1.564,0.440184,-1.25058,1.45514,-0.51358,0.34559,-0.332657,0.909836,0.597299,0.65,-0.0195216,4,54,0.300033,-0.0686719,0.328569
1.566,0.440521,-1.25008,1.45477,-0.514547,0.346343,-0.33327,0.909206,0.597213,0.65,-0.0198459,4,54,0.299387,-0.0678627,0.328163
1.568,0.440858,-1.24958,1.4544,-0.51551,0.347097,-0.333884,0.908575,0.597126,0.65,-0.0201659,4,54,0.298743,-0.0670495,0.32775
1.57,0.441197,-1.24909,1.45403,-0.516471,0.34785,-0.334497,0.907945,0.597038,0.65,-0.0204553,4,54,0.298106,-0.066158,0.327331
1.572,0.441536,-1.2486,1.45366,-0.517429,0.348604,-0.33511,0.907314,0.596948,0.65,-0.0207458,4,54,0.29747,-0.0652787,0.326904
1.574,0.441877,-1.24811,1.45329,-0.518385,0.349358,-0.335723,0.906683,0.596856,0.65,-0.021032,4,54,0.296836,-0.0643947,0.326471
1.576,0.442218,-1.24763,1.45293,-0.519337,0.350113,-0.336336,0.906052,0.596763,0.65,-0.0213144,4,54,0.296205,-0.0635084,0.326031
1.578,0.442561,-1.24715,1.45256,-0.520286,0.350868,-0.336949,0.905421,0.596669,0.65,-0.0215932,4,54,0.295577,-0.0626195,0.325584
1.58,0.442904,-1.24667,1.45219,-0.521231,0.351624,-0.337562,0.90479,0.596574,0.65,-0.0218683,4,54,0.29495,-0.0617282,0.325131
1.582,0.443249,-1.24619,1.45182,-0.522173,0.352381,-0.338174,0.904158,0.596477,0.65,-0.0221398,4,54,0.294327,-0.0608346,0.324671
1.584,0.443595,-1.24572,1.45146,-0.523111,0.353138,-0.338786,0.903527,0.596379,0.65,-0.0224077,4,54,0.293705,-0.0599388,0.324204
1.586,0.443942,-1.24526,1.45109,-0.524045,0.353897,-0.339398,0.902895,0.596279,0.65,-0.022672,4,54,0.293086,-0.0590408,0.32373
1.588,0.44429,-1.24479,1.45072,-0.524975,0.354657,-0.34001,0.902264,0.596178,0.65,-0.0229301,4,54,0.29247,-0.0581305,0.323253
1.59,0.444639,-1.24433,1.45036,-0.5259,0.355419,-0.340622,0.901632,0.596075,0.65,-0.0231834,4,54,0.291855,-0.0572135,0.322769
1.592,0.444989,-1.24387,1.44999,-0.526821,0.356181,-0.341234,0.901,0.595971,0.65,-0.0234305,4,54,0.291244,-0.0562869,0.322277
1.594,0.445341,-1.24342,1.44963,-0.527737,0.356946,-0.341845,0.900368,0.595866,0.65,-0.0236708,4,54,0.290634,-0.0553467,0.321778
1.596,0.445694,-1.24297,1.44926,-0.528649,0.357712,-0.342457,0.899736,0.595759,0.65,-0.0239083,4,54,0.290028,-0.0544068,0.321273
1.598,0.446048,-1.24252,1.4489,-0.529555,0.358481,-0.343068,0.899104,0.595651,0.65,-0.0241442,4,54,0.289423,-0.0534722,0.32076
1.6,0.446403,-1.24208,1.44853,-0.530456,0.359251,-0.343679,0.898472,0.595542,0.65,-0.0243803,4,54,0.288821,-0.052548,0.320239
1.602,0.44676,-1.24164,1.44817,-0.531352,0.360024,-0.344289,0.897839,0.595431,0.65,-0.0246195,4,54,0.288222,-0.0516439,0.319711
1.604,0.447118,-1.2412,1.44781,-0.532242,0.360799,-0.3449,0.897207,0.595318,0.65,-0.0248578,4,54,0.287625,-0.0507488,0.319173
1.606,0.447477,-1.24077,1.44744,-0.533126,0.361576,-0.34551,0.896575,0.595205,0.65,-0.0250892,4,54,0.28703,-0.0498426,0.318626
1.608,0.447838,-1.24034,1.44708,-0.534005,0.362356,-0.34612,0.895942,0.595089,0.65,-0.0253472,4,53,0.287365,-0.0516072,0.319017
1.61,0.4482,-1.23991,1.44672,-0.534878,0.363139,-0.34673,0.895309,0.594973,0.65,-0.0256545,4,53,0.286747,-0.0508252,0.318566
1.612,0.448564,-1.23949,1.44636,-0.535746,0.363924,-0.34734,0.894676,0.594855,0.65,-0.0259491,4,53,0.286134,-0.0500151,0.318109
1.614,0.448931,-1.23907,1.44599,-0.53661,0.364711,-0.347949,0.894044,0.594735,0.65,-0.0262186,4,53,0.285526,-0.0491413,0.317645
1.616,0.449299,-1.23865,1.44563,-0.537468,0.3655,-0.348558,0.893411,0.594614,0.65,-0.0264897,4,53,0.284921,-0.0482809,0.317176
1.618,0.44967,-1.23824,1.44527,-0.538322,0.366291,-0.349168,0.892778,0.594492,0.65,-0.0267625,4,53,0.284317,-0.0474347,0.3167
1.62,0.450043,-1.23784,1.44491,-0.53917,0.367085,-0.349776,0.892145,0.594368,0.65,-0.0270308,4,53,0.283715,-0.0465832,0.316217
1.622,0.450419,-1.23743,1.44455,-0.540013,0.367881,-0.350385,0.891512,0.594243,0.65,-0.0272956,4,53,0.283117,-0.0457289,0.315729
1.624,0.450796,-1.23703,1.44419,-0.540851,0.36868,-0.350994,0.890879,0.594117,0.65,-0.0275576,4,53,0.28252,-0.0448751,0.315235
1.626,0.451176,-1.23664,1.44383,-0.541684,0.369481,-0.351602,0.890246,0.593989,0.65,-0.0278162,4,53,0.281926,-0.0440192,0.314736
1.628,0.451559,-1.23625,1.44347,-0.54251,0.370286,-0.35221,0.889612,0.593859,0.65,-0.0280714,4,53,0.281335,-0.0431609,0.314231
1.63,0.451943,-1.23586,1.44312,-0.543331,0.371094,-0.352818,0.888979,0.593729,0.65,-0.0283148,4,53,0.280747,-0.0422712,0.313729
1.632,0.45233,-1.23548,1.44276,-0.544146,0.371905,-0.353425,0.888346,0.593596,0.65,-0.0285612,4,53,0.280162,-0.0414021,0.31322
1.634,0.452719,-1.2351,1.4424,-0.544955,0.372719,-0.354032,0.887713,0.593463,0.65,-0.0288038,4,53,0.27958,-0.0405296,0.312706
1.636,0.453111,-1.23472,1.44204,-0.545759,0.373537,-0.354639,0.887079,0.593327,0.65,-0.0290435,4,53,0.279,-0.0396568,0.312185
1.638,0.453507,-1.23435,1.44168,-0.546561,0.374354,-0.355246,0.886446,0.593191,0.65,-0.0292364,4,53,0.278429,-0.0386566,0.311657
1.64,0.453907,-1.23398,1.44133,-0.547363,0.37517,-0.355853,0.885813,0.593053,0.65,-0.0293158,4,53,0.277877,-0.0373362,0.311116
1.642,0.454313,-1.23361,1.44097,-0.548166,0.375983,-0.35646,0.885179,0.592913,0.65,-0.0293927,4,53,0.277331,-0.0360249,0.310568
1.644,0.454724,-1.23325,1.44061,-0.548969,0.376794,-0.357066,0.884546,0.592773,0.65,-0.0294644,4,43,0.279287,-0.0255574,0.341942
1.646,0.455139,-1.23288,1.44026,-0.549774,0.377603,-0.357672,0.883913,0.59263,0.65,-0.0301318,4,43,0.278584,-0.025448,0.341921
1.648,0.45556,-1.23252,1.4399,-0.550579,0.378409,-0.358278,0.88328,0.592487,0.65,-0.0307616,4,43,0.277883,-0.0252224,0.341895
1.65,0.455986,-1.23216,1.43955,-0.551386,0.379213,-0.358884,0.882647,0.592342,0.65,-0.031361,4,43,0.277185,-0.0249069,0.341868
1.652,0.456416,-1.2318,1.43919,-0.552193,0.380014,-0.35949,0.882015,0.592195,0.65,-0.0319625,4,43,0.27649,-0.0246088,0.341835
1.654,0.456852,-1.23145,1.43884,-0.553001,0.380813,-0.360095,0.881382,0.592047,0.65,-0.0325643,4,43,0.275797,-0.0243197,0.341799
1.656,0.457292,-1.23109,1.43848,-0.553811,0.381609,-0.360701,0.88075,0.591898,0.65,-0.0331581,4,43,0.275106,-0.0240135,0.341758
1.658,0.457738,-1.23074,1.43813,-0.554622,0.382402,-0.361306,0.880117,0.591747,0.65,-0.0337468,4,43,0.274417,-0.0237007,0.341712
1.66,0.458188,-1.23039,1.43778,-0.555434,0.383192,-0.36191,0.879485,0.591595,0.65,-0.0343298,4,43,0.273731,-0.0233787,0.341662
1.662,0.458644,-1.23004,1.43742,-0.556247,0.38398,-0.362515,0.878852,0.591441,0.65,-0.034907,4,43,0.273047,-0.0230476,0.341606
1.664,0.459104,-1.22969,1.43707,-0.557062,0.384765,-0.363119,0.87822,0.591286,0.65,-0.0354785,4,43,0.272365,-0.0227076,0.341547
1.666,0.459568,-1.22934,1.43672,-0.557877,0.385547,-0.363723,0.877588,0.59113,0.65,-0.0360443,4,43,0.271686,-0.0223586,0.341482
1.668,0.460038,-1.229,1.43637,-0.558694,0.386327,-0.364327,0.876956,0.590972,0.65,-0.0366042,4,43,0.271009,-0.0220007,0.341412
1.67,0.460512,-1.22866,1.43602,-0.559513,0.387104,-0.364931,0.876325,0.590813,0.65,-0.0371592,4,43,0.270335,-0.0216367,0.341336
1.672,0.460991,-1.22832,1.43567,-0.560332,0.387878,-0.365534,0.875693,0.590652,0.65,-0.0377101,4,43,0.269663,-0.0212693,0.341256
1.674,0.461475,-1.22798,1.43531,-0.561153,0.388649,-0.366137,0.875062,0.59049,0.65,-0.038252,4,43,0.268993,-0.0208826,0.341171
1.676,0.461963,-1.22764,1.43496,-0.561975,0.389417,-0.36674,0.87443,0.590326,0.65,-0.0387796,4,43,0.268327,-0.0204622,0.34108
1.678,0.462456,-1.22731,1.43461,-0.562799,0.390183,-0.367342,0.873799,0.590161,0.65,-0.0393639,4,41,0.266768,-0.00949681,0.355593
1.68,0.462953,-1.22697,1.43426,-0.563624,0.390946,-0.367944,0.873168,0.589994,0.65,-0.0399896,4,41,0.266081,-0.00929013,0.355592
1.682,0.463454,-1.22664,1.43391,-0.56445,0.391706,-0.368546,0.872537,0.589827,0.65,-0.0406031,4,41,0.265397,-0.00905414,0.355586
1.684,0.46396,-1.22631,1.43356,-0.565278,0.392462,-0.369148,0.871906,0.589657,0.65,-0.0412111,4,41,0.264716,-0.00881095,0.355575
1.686,0.46447,-1.22598,1.43322,-0.566107,0.393216,-0.369749,0.871275,0.589486,0.65,-0.0418109,4,41,0.264037,-0.00855203,0.355558
1.688,0.464985,-1.22565,1.43287,-0.566938,0.393967,-0.37035,0.870644,0.589314,0.65,-0.0423928,4,41,0.263361,-0.0082471,0.355537
1.69,0.465504,-1.22532,1.43252,-0.56777,0.394714,-0.37095,0.870014,0.58914,0.65,-0.0429864,4,41,0.262687,-0.00798968,0.355508
1.692,0.466027,-1.225,1.43217,-0.568605,0.395458,-0.371551,0.869383,0.588965,0.65,-0.0436184,4,41,0.262009,-0.00785031,0.355476
1.694,0.466555,-1.22468,1.43182,-0.569441,0.396199,-0.372151,0.868753,0.588789,0.65,-0.04418,4,41,0.261342,-0.00751363,0.355435
1.696,0.467086,-1.22435,1.43148,-0.570279,0.396937,-0.37275,0.868123,0.588611,0.65,-0.044739,4,41,0.260677,-0.00718026,0.355389
1.698,0.467621,-1.22403,1.43113,-0.571117,0.397672,-0.373349,0.867493,0.588431,0.65,-0.0452902,4,41,0.260016,-0.00683234,0.355336
1.7,0.468161,-1.22371,1.43078,-0.571957,0.398404,-0.373948,0.866863,0.58825,0.65,-0.0458355,4,41,0.259356,-0.00647656,0.355277
1.702,0.468704,-1.2234,1.43044,-0.572799,0.399134,-0.374546,0.866234,0.588068,0.65,-0.0463746,4,41,0.2587,-0.00611185,0.355212
1.704,0.46925,-1.22308,1.43009,-0.573642,0.39986,-0.375145,0.865604,0.587884,0.65,-0.0469074,4,41,0.258046,-0.00573831,0.35514
1.706,0.469802,-1.22276,1.42975,-0.574489,0.400574,-0.375742,0.864975,0.587699,0.65,-0.0471346,4,41,0.257432,-0.00443172,0.355125
1.708,0.470358,-1.22245,1.4294,-0.57534,0.401282,-0.376339,0.864345,0.587512,0.65,-0.0475366,4,41,0.256808,-0.00370325,0.355071
1.71,0.470917,-1.22214,1.42906,-0.576194,0.40199,-0.376936,0.863716,0.587324,0.65,-0.0478457,4,41,0.25619,-0.00265556,0.355058
1.712,0.471482,-1.22182,1.42871,-0.577053,0.402693,-0.377533,0.863088,0.587134,0.65,-0.0481599,4,41,0.25558,-0.00167205,0.355008
1.714,0.47205,-1.22151,1.42837,-0.577917,0.403389,-0.378129,0.862459,0.586943,0.65,-0.0484425,4,41,0.254974,-0.000593178,0.354955
1.716,0.472622,-1.2212,1.42802,-0.578783,0.404078,-0.378725,0.86183,0.586751,0.65,-0.0475433,4,43,0.255633,-0.00842454,0.33839
1.718,0.473197,-1.22089,1.42768,-0.579652,0.404761,-0.37932,0.861202,0.586557,0.65,-0.0478732,4,43,0.255037,-0.00759477,0.338211
1.72,0.473775,-1.22058,1.42734,-0.580524,0.405433,-0.379915,0.860574,0.586362,0.65,-0.0481621,4,43,0.254446,-0.00664488,0.338026
1.722,0.474356,-1.22027,1.427,-0.581398,0.406094,-0.380509,0.859946,0.586165,0.65,-0.0484398,4,43,0.253859,-0.00567341,0.337829
1.724,0.47494,-1.21995,1.42665,-0.582275,0.406746,-0.381103,0.859318,0.585966,0.65,-0.0487146,4,43,0.253274,-0.00470293,0.337624
1.726,0.475527,-1.21964,1.42631,-0.583155,0.407391,-0.381697,0.85869,0.585766,0.65,-0.0490088,4,43,0.252689,-0.00379624,0.337419
1.728,0.476117,-1.21933,1.42597,-0.584037,0.408025,-0.38229,0.858062,0.585565,0.65,-0.0492956,4,43,0.252106,-0.00288138,0.337197
1.73,0.476709,-1.21902,1.42563,-0.584922,0.408651,-0.382882,0.857434,0.585362,0.65,-0.0495903,4,43,0.251525,-0.00198792,0.336988
1.732,0.477305,-1.21871,1.42529,-0.58581,0.409272,-0.383474,0.856807,0.585158,0.65,-0.0499086,4,43,0.250942,-0.00118075,0.336761
1.734,0.477903,-1.2184,1.42495,-0.586701,0.409882,-0.384066,0.85618,0.584952,0.65,-0.0501542,4,43,0.250371,-0.000173521,0.336503
1.736,0.478503,-1.21809,1.42461,-0.587594,0.410479,-0.384657,0.855553,0.584745,0.65,-0.0459676,3,43,0.256594,-0.00736083,0.336374
1.738,0.479106,-1.21777,1.42427,-0.588491,0.411064,-0.385247,0.854926,0.584536,0.65,-0.0462319,3,43,0.256002,-0.00636042,0.336113
1.74,0.479712,-1.21746,1.42393,-0.589391,0.411638,-0.385837,0.854299,0.584326,0.65,-0.0464917,3,43,0.255413,-0.00535106,0.33585
1.742,0.48032,-1.21715,1.42359,-0.590293,0.412201,-0.386427,0.853672,0.584114,0.65,-0.0467507,3,43,0.254826,-0.00434988,0.335578
1.744,0.480931,-1.21684,1.42325,-0.591199,0.412755,-0.387016,0.853045,0.583901,0.65,-0.0470063,3,43,0.254242,-0.00334782,0.335297
1.746,0.481544,-1.21653,1.42291,-0.592107,0.413301,-0.387604,0.852419,0.583686,0.65,-0.0472575,3,43,0.25366,-0.00234181,0.335006
1.748,0.482159,-1.21622,1.42257,-0.593019,0.413839,-0.388192,0.851792,0.58347,0.65,-0.047504,3,43,0.25308,-0.00133134,0.334704
1.75,0.482777,-1.21591,1.42223,-0.593934,0.41437,-0.38878,0.851166,0.583252,0.65,-0.0477462,3,43,0.252503,-0.000317347,0.334394
1.752,0.483397,-1.21559,1.42189,-0.594852,0.414887,-0.389367,0.85054,0.583033,0.65,-0.0466535,4,45,0.250223,-0.000617573,0.311376
1.754,0.484019,-1.21528,1.42156,-0.595774,0.415397,-0.389953,0.849914,0.582812,0.65,-0.0490261,3,43,0.251335,-0.00111351,0.333638
1.756,0.484643,-1.21497,1.42122,-0.596698,0.415899,-0.390539,0.849289,0.58259,0.65,-0.044945,2,43,0.256131,-0.00356167,0.333761
1.758,0.485269,-1.21466,1.42088,-0.597627,0.416388,-0.391125,0.848663,0.582367,0.65,-0.0482626,4,45,0.248633,-0.00167072,0.309584
1.76,0.485898,-1.21435,1.42055,-0.598558,0.41687,-0.39171,0.848038,0.582141,0.65,-0.045432,2,43,0.254957,-0.0015029,0.333085
1.762,0.486528,-1.21404,1.42021,-0.599493,0.417346,-0.392294,0.847413,0.581915,0.65,-0.0456754,2,43,0.254373,-0.000484637,0.332741
1.764,0.487161,-1.21373,1.41987,-0.600431,0.417817,-0.392878,0.846788,0.581686,0.65,-0.0441735,1,43,0.25646,-0.00258299,0.332675
1.766,0.487795,-1.21342,1.41954,-0.601373,0.418282,-0.393461,0.846163,0.581457,0.65,-0.0444184,1,43,0.25587,-0.00155504,0.332323
1.768,0.488431,-1.21311,1.4192,-0.602319,0.418735,-0.394044,0.845539,0.581226,0.65,-0.0446599,1,43,0.255283,-0.000525816,0.331961
1.77,0.489069,-1.21279,1.41887,-0.603268,0.419183,-0.394626,0.844914,0.580993,0.65,-0.0450357,3,45,0.251682,-0.00204686,0.30772
1.772,0.489709,-1.21248,1.41854,-0.60422,0.419628,-0.395208,0.84429,0.580759,0.65,-0.0443764,0,43,0.255438,-0.000238272,0.331646
1.774,0.490347,-1.21217,1.4182,-0.605165,0.420061,-0.395789,0.843667,0.580523,0.65,-0.0519712,4,45,0.244498,-0.00284719,0.304625
1.776,0.490981,-1.21186,1.41787,-0.606094,0.420501,-0.396369,0.843042,0.580286,0.65,-0.0416329,2,45,0.255035,-0.0020023,0.307471
1.778,0.491615,-1.21155,1.41753,-0.60702,0.420932,-0.396949,0.842419,0.580047,0.65,-0.0538228,4,45,0.243388,-0.00623951,0.303398
1.78,0.49225,-1.21124,1.4172,-0.607948,0.421359,-0.397528,0.841795,0.579806,0.65,-0.0404525,1,45,0.256422,-0.00293438,0.307149
1.782,0.492886,-1.21093,1.41687,-0.608875,0.421778,-0.398107,0.841171,0.579565,0.65,-0.0545448,4,45,0.242369,-0.00585766,0.302133
1.784,0.493523,-1.21062,1.41653,-0.609803,0.422188,-0.398684,0.840548,0.579321,0.65,-0.0408234,1,45,0.255329,-0.000897017,0.306056
1.786,0.494158,-1.21031,1.4162,-0.610724,0.422606,-0.399262,0.839925,0.579076,0.65,-0.0548165,4,45,0.24142,-0.00412941,0.300778
1.788,0.494791,-1.21,1.41587,-0.611635,0.423028,-0.399838,0.839302,0.578829,0.65,-0.0405568,0,45,0.255467,-0.000647351,0.305649
1.79,0.49542,-1.20968,1.41554,-0.612537,0.423441,-0.400414,0.838679,0.578581,0.65,-0.0551488,4,45,0.240463,-0.00261516,0.299369
1.792,0.496045,-1.20937,1.41521,-0.613425,0.423833,-0.40099,0.838055,0.578331,0.65,-0.0332603,2,46,0.258834,-0.00213709,0.276905
1.794,0.496664,-1.20906,1.41488,-0.6143,0.424213,-0.401564,0.837432,0.57808,0.65,-0.0553383,4,45,0.239524,-0.00071634,0.297793
1.796,0.497278,-1.20875,1.41455,-0.615163,0.424579,-0.402137,0.836809,0.577827,0.65,-0.0335352,2,46,0.25786,-0.000322577,0.275406
1.798,0.497887,-1.20844,1.41422,-0.616012,0.424946,-0.40271,0.836185,0.577572,0.65,-0.0440359,4,46,0.247532,-0.00498154,0.268537
1.8,0.498491,-1.20813,1.41389,-0.616848,0.425308,-0.403282,0.835562,0.577316,0.65,-0.0346144,2,46,0.256884,-0.00161246,0.273862
1.802,0.499092,-1.20782,1.41356,-0.617675,0.425684,-0.403853,0.834938,0.577057,0.65,-0.0438353,4,46,0.246717,-0.00213688,0.266688
1.804,0.499693,-1.20751,1.41323,-0.618503,0.42603,-0.404424,0.834315,0.576798,0.65,-0.0395832,3,46,0.25155,-0.00274258,0.269497
1.806,0.500305,-1.20719,1.41289,-0.619355,0.426385,-0.404995,0.833692,0.576536,0.65,7.24406e-05,0,46,0.258715,0.000279069,0.273949
1.808,0.500925,-1.20687,1.41255,-0.62023,0.426755,-0.405565,0.833071,0.576274,0.65,-0.0453267,4,46,0.245269,-0.00379736,0.264143
1.81,0.501548,-1.20655,1.41221,-0.621119,0.427123,-0.406135,0.832449,0.57601,0.65,0.000165344,0,46,0.257739,0.000638504,0.272387
1.812,0.502173,-1.20622,1.41186,-0.622022,0.427505,-0.406705,0.831829,0.575745,0.65,-0.0461648,4,46,0.244385,-0.00474777,0.262234
1.814,0.502797,-1.20589,1.41152,-0.62293,0.427882,-0.407274,0.831209,0.575479,0.65,0.000103169,2,46,0.25355,0.000401024,0.268159
1.816,0.50342,-1.20556,1.41117,-0.623842,0.428254,-0.407843,0.830589,0.575211,0.65,-0.046563,4,46,0.243529,-0.00415792,0.260213
1.818,0.504039,-1.20523,1.41081,-0.624757,0.428618,-0.408411,0.829969,0.574941,0.65,0.000203423,2,46,0.252613,0.000792891,0.266398
1.82,0.504657,-1.20489,1.41046,-0.625677,0.428977,-0.408978,0.82935,0.57467,0.65,-0.047005,4,46,0.242679,-0.00379078,0.25814
1.822,0.505272,-1.20456,1.41011,-0.626601,0.429329,-0.409545,0.828731,0.574397,0.65,0.000305282,2,46,0.251683,0.00119328,0.264584
1.824,0.505885,-1.20422,1.40975,-0.627528,0.429676,-0.410111,0.828113,0.574123,0.65,-0.0474239,4,46,0.241839,-0.00340456,0.256009
1.826,0.506495,-1.20388,1.40939,-0.628458,0.430015,-0.410677,0.827494,0.573847,0.65,0.000409523,2,46,0.250761,0.00160543,0.262718
1.828,0.507102,-1.20354,1.40903,-0.629391,0.430358,-0.411242,0.826876,0.57357,0.65,-0.047821,4,46,0.241009,-0.00300427,0.253819
1.83,0.507706,-1.20319,1.40867,-0.630328,0.430701,-0.411806,0.826259,0.573291,0.65,0.000202241,3,46,0.245724,0.00079964,0.257287
1.832,0.508307,-1.20285,1.40831,-0.631266,0.431043,-0.412369,0.825641,0.573011,0.65,-0.0478996,4,46,0.240206,-0.00146821,0.251582
1.834,0.508904,-1.2025,1.40795,-0.632207,0.431379,-0.412932,0.825024,0.572729,0.65,0.000309952,3,46,0.244857,0.00122958,0.2552
1.836,0.509496,-1.20216,1.40758,-0.633149,0.431708,-0.413494,0.824407,0.572445,0.65,-0.0482692,4,46,0.239395,-0.00108043,0.249297
1.838,0.510085,-1.20181,1.40722,-0.634093,0.432031,-0.414056,0.823791,0.57216,0.65,0.000422565,3,46,0.243999,0.00168204,0.253055
1.84,0.51067,-1.20147,1.40686,-0.63504,0.432347,-0.414616,0.823175,0.571874,0.65,-0.0486034,4,46,0.238596,-0.000628453,0.246956
1.842,0.511251,-1.20112,1.4065,-0.635988,0.432658,-0.415176,0.822558,0.571585,0.65,0.00053665,3,46,0.24315,0.00214367,0.250854
1.844,0.511829,-1.20077,1.40613,-0.636939,0.432962,-0.415736,0.821943,0.571296,0.65,-0.048915,4,46,0.237808,-0.000159813,0.244558
1.846,0.512403,-1.20043,1.40577,-0.637892,0.43326,-0.416294,0.821327,0.571004,0.65,0.000653132,3,46,0.242311,0.0026184,0.248598
1.848,0.512974,-1.20008,1.4054,-0.638848,0.433556,-0.416852,0.820712,0.570711,0.65,7.99753e-05,4,46,0.237031,0.000323997,0.242099
1.85,0.513542,-1.19973,1.40504,-0.639806,0.433845,-0.417409,0.820097,0.570417,0.65,0.000455255,4,46,0.236659,0.00184807,0.240852
1.852,0.514108,-1.19937,1.40467,-0.640768,0.434128,-0.417965,0.819482,0.570121,0.65,0.000503677,4,46,0.236278,0.00204889,0.239572
1.854,0.514672,-1.19902,1.4043,-0.641735,0.434405,-0.418521,0.818868,0.569823,0.65,0.000571562,4,46,0.235901,0.00232995,0.238278
1.856,0.515234,-1.19867,1.40393,-0.642705,0.434676,-0.419076,0.818254,0.569524,0.65,0.000638675,4,46,0.235526,0.0026091,0.23697
1.858,0.515794,-1.19831,1.40356,-0.643674,0.434943,-0.41963,0.817641,0.569223,0.65,0.000709757,4,46,0.235155,0.00290578,0.235642
1.86,0.516354,-1.19795,1.40318,-0.644637,0.43521,-0.420184,0.817028,0.568921,0.65,0.000795876,4,46,0.234789,0.00326562,0.234284
1.862,0.516913,-1.19759,1.4028,-0.645595,0.435481,-0.420737,0.816415,0.568617,0.65,0.000873218,4,46,0.234425,0.0035911,0.232905
1.864,0.517472,-1.19723,1.40241,-0.646545,0.435756,-0.421289,0.815802,0.568311,0.65,0.000949121,4,46,0.234064,0.00391221,0.231512
1.866,0.518029,-1.19687,1.40203,-0.647488,0.436035,-0.42184,0.81519,0.568004,0.65,0.0010246,4,46,0.233705,0.00423314,0.230105
1.868,0.518586,-1.19651,1.40163,-0.648424,0.436319,-0.422391,0.814578,0.567696,0.65,0.00109981,4,46,0.23335,0.00455456,0.228686
1.87,0.519142,-1.19614,1.40124,-0.649353,0.436607,-0.422941,0.813967,0.567386,0.65,0.00117474,4,46,0.232998,0.00487643,0.227254
1.872,0.519697,-1.19578,1.40083,-0.650273,0.436899,-0.42349,0.813356,0.567074,0.65,0.00124936,4,46,0.232649,0.00519866,0.225808
1.874,0.520251,-1.19541,1.40043,-0.651186,0.437196,-0.424038,0.812745,0.56676,0.65,0.00132364,4,46,0.232302,0.00552113,0.22435
1.876,0.520804,-1.19505,1.40002,-0.652091,0.437496,-0.424586,0.812135,0.566445,0.65,0.00139755,4,46,0.231959,0.00584376,0.22288
1.878,0.521355,-1.19468,1.39961,-0.652988,0.4378,-0.425133,0.811525,0.566129,0.65,0.00147105,4,46,0.231619,0.00616641,0.221397
1.88,0.521905,-1.19432,1.3992,-0.653877,0.438108,-0.425679,0.810915,0.565811,0.65,0.00154413,4,46,0.231282,0.00648901,0.219902
1.882,0.522453,-1.19395,1.39878,-0.654758,0.43842,-0.426224,0.810306,0.565491,0.65,0.00161674,4,46,0.230948,0.00681142,0.218394
1.884,0.523,-1.19358,1.39836,-0.65563,0.438735,-0.426768,0.809697,0.56517,0.65,0.00168887,4,46,0.230617,0.00713356,0.216875
1.886,0.523545,-1.19322,1.39793,-0.656493,0.439053,-0.427312,0.809088,0.564847,0.65,0.00176048,4,46,0.23029,0.00745532,0.215343
1.888,0.524088,-1.19285,1.39751,-0.657348,0.439375,-0.427855,0.80848,0.564522,0.65,0.00183154,4,46,0.229965,0.0077766,0.2138
1.89,0.524629,-1.19248,1.39708,-0.658194,0.439701,-0.428396,0.807872,0.564196,0.65,0.00190203,4,46,0.229644,0.00809728,0.212245
1.892,0.525169,-1.19212,1.39665,-0.659031,0.440029,-0.428938,0.807264,0.563868,0.65,0.00197193,4,46,0.229326,0.00841728,0.210678
1.894,0.525706,-1.19175,1.39621,-0.659859,0.440361,-0.429478,0.806657,0.563539,0.65,0.00204119,4,46,0.229011,0.00873649,0.2091
1.896,0.526242,-1.19139,1.39577,-0.660679,0.440696,-0.430017,0.80605,0.563208,0.65,0.00210981,4,46,0.228699,0.00905481,0.207511
1.898,0.526775,-1.19102,1.39534,-0.661489,0.441034,-0.430556,0.805444,0.562876,0.65,0.00217775,4,46,0.22839,0.00937214,0.20591
1.9,0.527306,-1.19066,1.39489,-0.66229,0.441375,-0.431094,0.804838,0.562541,0.65,0.00224499,4,46,0.228085,0.00968838,0.204298
1.902,0.527835,-1.19029,1.39445,-0.663083,0.441719,-0.431631,0.804232,0.562205,0.65,0.0023115,4,46,0.227783,0.0100034,0.202676
1.904,0.528364,-1.18993,1.394,-0.663869,0.442065,-0.432167,0.803627,0.561868,0.65,0.00238733,4,46,0.227485,0.0103609,0.201043
1.906,0.528894,-1.18956,1.39355,-0.664652,0.442414,-0.432702,0.803022,0.561529,0.65,0.00247068,4,46,0.227192,0.0107534,0.199398
1.908,0.529425,-1.1892,1.39309,-0.665431,0.442766,-0.433236,0.802417,0.561188,0.65,0.0025378,4,46,0.226901,0.0110775,0.19774
1.91,0.529957,-1.18883,1.39264,-0.666207,0.443121,-0.43377,0.801813,0.560846,0.65,0.00260653,4,46,0.226613,0.0114107,0.19607
1.912,0.53049,-1.18847,1.39217,-0.66698,0.443478,-0.434303,0.80121,0.560502,0.65,0.00267465,4,46,0.226329,0.0117436,0.194387
1.914,0.531025,-1.1881,1.3917,-0.667749,0.443838,-0.434835,0.800607,0.560157,0.65,0.00274247,4,46,0.226049,0.0120773,0.192691
1.916,0.53156,-1.18773,1.39123,-0.668515,0.4442,-0.435366,0.800004,0.55981,0.65,0.00280996,4,46,0.225772,0.0124118,0.190983
1.918,0.532097,-1.18737,1.39076,-0.669277,0.444564,-0.435897,0.799402,0.559462,0.65,0.0028771,4,46,0.225499,0.0127472,0.189261
1.92,0.532634,-1.187,1.39028,-0.670037,0.444931,-0.436426,0.798801,0.559112,0.65,0.00294388,4,46,0.22523,0.0130833,0.187528
1.922,0.533173,-1.18664,1.38979,-0.670793,0.4453,-0.436955,0.7982,0.55876,0.65,0.00257688,4,37,0.309149,-0.00443193,0.368334
1.924,0.533713,-1.18627,1.3893,-0.671546,0.445671,-0.437483,0.7976,0.558407,0.65,0.00190063,4,37,0.308384,-0.00428676,0.368038
1.926,0.534255,-1.1859,1.38881,-0.672296,0.446044,-0.43801,0.797,0.558052,0.65,0.00121603,4,37,0.30762,-0.00417597,0.367734
1.928,0.534797,-1.18554,1.38832,-0.673042,0.446419,-0.438536,0.7964,0.557696,0.65,0.000541562,4,37,0.306858,-0.00404095,0.367423
1.93,0.53534,-1.18517,1.38782,-0.673786,0.446796,-0.439061,0.795801,0.557338,0.65,-0.000141039,4,37,0.306096,-0.0039372,0.367103
1.932,0.535885,-1.18481,1.38731,-0.674527,0.447175,-0.439586,0.795203,0.556978,0.65,-0.000818294,4,37,0.305336,-0.00382384,0.366776
1.934,0.536431,-1.18444,1.3868,-0.675264,0.447556,-0.440109,0.794605,0.556617,0.65,-0.00148912,4,37,0.304577,-0.00369851,0.366441
1.936,0.536978,-1.18407,1.38629,-0.675999,0.447939,-0.440632,0.794008,0.556255,0.65,-0.00215362,4,37,0.303819,-0.00356162,0.366097
1.938,0.537526,-1.18371,1.38578,-0.676731,0.448323,-0.441154,0.793411,0.555891,0.65,-0.00281167,4,37,0.303064,-0.00341297,0.365746
1.94,0.538076,-1.18334,1.38526,-0.67746,0.448709,-0.441675,0.792815,0.555525,0.65,-0.00344525,4,37,0.302312,-0.00319783,0.365387
1.942,0.538627,-1.18298,1.38473,-0.678186,0.449097,-0.442194,0.79222,0.555158,0.65,-0.00407599,4,37,0.301561,-0.00297948,0.36502
1.944,0.539178,-1.18261,1.3842,-0.678909,0.449486,-0.442713,0.791625,0.554789,0.65,-0.00469903,4,37,0.300811,-0.00274582,0.364644
1.946,0.539732,-1.18225,1.38367,-0.67963,0.449877,-0.443232,0.79103,0.554418,0.65,-0.00531624,4,37,0.300064,-0.00250274,0.36426
1.948,0.540286,-1.18189,1.38314,-0.680348,0.450269,-0.443749,0.790436,0.554046,0.65,-0.0059272,4,37,0.299319,-0.00224896,0.363867
1.95,0.540842,-1.18152,1.3826,-0.681063,0.450663,-0.444265,0.789843,0.553672,0.65,-0.00653198,4,37,0.298575,-0.00198489,0.363466
1.952,0.541399,-1.18116,1.38205,-0.681776,0.451058,-0.44478,0.78925,0.553297,0.65,-0.00713057,4,37,0.297833,-0.0017106,0.363056
1.954,0.541957,-1.1808,1.3815,-0.682486,0.451454,-0.445294,0.788658,0.55292,0.65,-0.00772299,4,37,0.297094,-0.00142622,0.362638
1.956,0.542516,-1.18043,1.38095,-0.683193,0.451852,-0.445808,0.788066,0.552542,0.65,-0.00830599,4,37,0.296357,-0.00112184,0.362211
1.958,0.543077,-1.18007,1.3804,-0.683898,0.452251,-0.44632,0.787475,0.552162,0.65,-0.00887084,4,37,0.295623,-0.000770594,0.361775
1.96,0.543639,-1.17971,1.37983,-0.684601,0.45265,-0.446832,0.786885,0.55178,0.65,-0.00943257,4,37,0.294891,-0.000419469,0.36133
1.962,0.544202,-1.17935,1.37927,-0.685302,0.453052,-0.447342,0.786295,0.551397,0.65,-0.00998813,4,37,0.294161,-5.85003e-05,0.360876
1.964,0.544766,-1.17899,1.3787,-0.686001,0.453454,-0.447851,0.785705,0.551012,0.65,-0.00558576,0,37,0.311016,-0.0395383,0.364011
1.966,0.545332,-1.17863,1.37813,-0.686697,0.453857,-0.44836,0.785117,0.550626,0.65,-0.011721,4,37,0.292688,-0.00142049,0.359938
1.968,0.545899,-1.17827,1.37755,-0.687391,0.454261,-0.448867,0.784529,0.550238,0.65,-0.00667832,0,37,0.309502,-0.0385766,0.363272
1.97,0.546467,-1.17791,1.37697,-0.688083,0.454666,-0.449374,0.783941,0.549849,0.65,-0.0128387,4,37,0.291245,-0.000812467,0.358965
1.972,0.547036,-1.17756,1.37639,-0.688772,0.455072,-0.449879,0.783354,0.549458,0.65,-0.00774932,0,37,0.307993,-0.0375759,0.362502
1.974,0.547607,-1.1772,1.3758,-0.689459,0.455479,-0.450384,0.782768,0.549065,0.65,-0.0139211,4,37,0.289811,-0.000133084,0.357953
1.976,0.548178,-1.17684,1.37521,-0.690144,0.455886,-0.450887,0.782182,0.548671,0.65,-0.00879902,0,37,0.30649,-0.0365379,0.361701
1.978,0.548751,-1.17649,1.37461,-0.690827,0.456295,-0.451389,0.781597,0.548275,0.65,-0.00931551,0,37,0.305741,-0.036004,0.361289
1.98,0.549326,-1.17613,1.37401,-0.691508,0.456704,-0.451891,0.781013,0.547878,0.65,-0.00982719,0,37,0.304993,-0.0354628,0.360868
1.982,0.549901,-1.17578,1.37341,-0.692188,0.457114,-0.452391,0.780429,0.547479,0.65,-0.010333,0,37,0.304247,-0.034911,0.360439
1.984,0.550478,-1.17543,1.3728,-0.692865,0.457524,-0.45289,0.779846,0.547078,0.65,-0.010834,0,37,0.303502,-0.0343521,0.360002
1.986,0.551056,-1.17507,1.37219,-0.69354,0.457935,-0.453388,0.779264,0.546676,0.65,-0.0113292,0,37,0.302759,-0.0337828,0.359557
1.988,0.551635,-1.17472,1.37157,-0.694213,0.458347,-0.453885,0.778682,0.546273,0.65,-0.0118197,0,37,0.302017,-0.033207,0.359103
1.99,0.552215,-1.17437,1.37095,-0.694884,0.458759,-0.454381,0.778101,0.545867,0.65,-0.0123042,0,37,0.301277,-0.0326206,0.358641
1.992,0.552797,-1.17402,1.37033,-0.695554,0.459172,-0.454876,0.77752,0.54546,0.65,-0.0127838,0,37,0.300539,-0.0320272,0.35817
1.994,0.553379,-1.17367,1.3697,-0.696221,0.459585,-0.45537,0.776941,0.545052,0.65,-0.013258,0,37,0.299803,-0.0314252,0.35769
1.996,0.553963,-1.17332,1.36907,-0.696886,0.459998,-0.455863,0.776361,0.544642,0.65,-0.0137269,0,37,0.299068,-0.0308152,0.357202
1.998,0.554548,-1.17297,1.36843,-0.69755,0.460412,-0.456354,0.775783,0.54423,0.65,-0.0141906,0,37,0.298336,-0.0301973,0.356705
2,0.555134,-1.17263,1.36779,-0.698211,0.460827,-0.456845,0.775205,0.543817,0.65,-0.0146489,0,37,0.297605,-0.0295715,0.356199
2.002,0.55572,-1.17228,1.36714,-0.69887,0.461241,-0.457334,0.774628,0.543402,0.65,-0.015102,0,37,0.296876,-0.028938,0.355683
2.004,0.556308,-1.17194,1.3665,-0.699528,0.461656,-0.457823,0.774051,0.542986,0.65,-0.0155498,0,37,0.296149,-0.0282968,0.355159
2.006,0.556897,-1.17159,1.36584,-0.700183,0.462071,-0.45831,0.773476,0.542568,0.65,-0.0159924,0,37,0.295423,-0.0276481,0.354626
2.008,0.557486,-1.17125,1.36519,-0.700837,0.462486,-0.458796,0.772901,0.542148,0.65,-0.0164297,0,37,0.2947,-0.026992,0.354083
2.01,0.558077,-1.17091,1.36453,-0.701489,0.462902,-0.459281,0.772326,0.541727,0.65,-0.0168617,0,37,0.293979,-0.0263286,0.353531
2.012,0.558668,-1.17057,1.36386,-0.702139,0.463318,-0.459765,0.771753,0.541304,0.65,-0.0172885,0,37,0.29326,-0.0256579,0.35297
2.014,0.559261,-1.17023,1.3632,-0.702787,0.463733,-0.460247,0.77118,0.54088,0.65,-0.01771,0,37,0.292543,-0.0249802,0.352399
2.016,0.559854,-1.16989,1.36252,-0.703433,0.464149,-0.460729,0.770607,0.540454,0.65,-0.0181262,0,37,0.291828,-0.0242954,0.351818
2.018,0.560448,-1.16955,1.36185,-0.704078,0.464565,-0.461209,0.770036,0.540027,0.65,-0.0185372,0,37,0.291115,-0.0236038,0.351228
2.02,0.561043,-1.16922,1.36117,-0.704721,0.464981,-0.461688,0.769465,0.539598,0.65,-0.018943,0,37,0.290404,-0.0229054,0.350627
2.022,0.561639,-1.16888,1.36049,-0.705362,0.465397,-0.462166,0.768895,0.539167,0.65,-0.0193435,0,37,0.289696,-0.0222003,0.350017
2.024,0.562235,-1.16855,1.3598,-0.706001,0.465813,-0.462643,0.768325,0.538735,0.65,-0.0197387,0,37,0.28899,-0.0214886,0.349397
2.026,0.562832,-1.16821,1.35911,-0.706639,0.466229,-0.463118,0.767757,0.538301,0.65,-0.0201288,0,37,0.288286,-0.0207705,0.348767
2.028,0.56343,-1.16788,1.35841,-0.707275,0.466645,-0.463592,0.767189,0.537866,0.65,-0.0205136,0,37,0.287584,-0.020046,0.348127
2.03,0.564029,-1.16755,1.35771,-0.707909,0.467061,-0.464065,0.766622,0.537429,0.65,-0.0208931,0,37,0.286885,-0.0193152,0.347476
2.032,0.564628,-1.16722,1.35701,-0.708542,0.467476,-0.464537,0.766055,0.53699,0.65,-0.0212675,0,37,0.286188,-0.0185783,0.346815
2.034,0.565228,-1.16689,1.35631,-0.709173,0.467892,-0.465008,0.765489,0.53655,0.65,-0.0216366,0,37,0.285493,-0.0178354,0.346144
2.036,0.565829,-1.16657,1.3556,-0.709802,0.468307,-0.465477,0.764924,0.536108,0.65,-0.0220005,0,37,0.284801,-0.0170865,0.345462
2.038,0.56643,-1.16624,1.35488,-0.71043,0.468722,-0.465946,0.76436,0.535665,0.65,-0.0223592,0,37,0.284112,-0.0163319,0.34477
2.04,0.567032,-1.16592,1.35416,-0.711055,0.469137,-0.466413,0.763797,0.53522,0.65,-0.0227127,0,37,0.283425,-0.0155715,0.344067
2.042,0.567634,-1.16559,1.35344,-0.71168,0.469551,-0.466878,0.763234,0.534773,0.65,-0.023061,0,37,0.28274,-0.0148054,0.343353
2.044,0.568237,-1.16527,1.35272,-0.712302,0.469966,-0.467343,0.762672,0.534325,0.65,-0.0234041,0,37,0.282058,-0.0140339,0.342629
2.046,0.56884,-1.16495,1.35199,-0.712923,0.47038,-0.467806,0.762111,0.533876,0.65,-0.023742,0,37,0.281379,-0.013257,0.341893
2.048,0.569443,-1.16463,1.35126,-0.713542,0.470793,-0.468268,0.761551,0.533424,0.65,-0.0240747,0,37,0.280702,-0.0124748,0.341146
2.05,0.570048,-1.16431,1.35052,-0.71416,0.471206,-0.468729,0.760991,0.532971,0.65,-0.0244022,0,37,0.280028,-0.0116874,0.340389
2.052,0.570652,-1.164,1.34978,-0.714776,0.471619,-0.469188,0.760433,0.532517,0.65,-0.0247245,0,37,0.279356,-0.010895,0.33962
2.054,0.571257,-1.16368,1.34904,-0.71539,0.472032,-0.469646,0.759875,0.532061,0.65,-0.0250417,0,37,0.278688,-0.0100976,0.338839
2.056,0.571862,-1.16337,1.34829,-0.716003,0.472444,-0.470103,0.759317,0.531604,0.65,-0.0253537,0,37,0.278022,-0.00929531,0.338048
2.058,0.572467,-1.16305,1.34754,-0.716614,0.472855,-0.470558,0.758761,0.531144,0.65,-0.0256606,0,37,0.277359,-0.00848833,0.337245
2.06,0.573073,-1.16274,1.34678,-0.717223,0.473266,-0.471012,0.758206,0.530684,0.65,-0.0259623,0,37,0.276699,-0.00767673,0.33643
2.062,0.573679,-1.16243,1.34603,-0.717831,0.473676,-0.471465,0.757651,0.530221,0.65,-0.0262588,0,37,0.276041,-0.00686063,0.335604
2.064,0.574285,-1.16212,1.34526,-0.718437,0.474086,-0.471917,0.757097,0.529757,0.65,-0.0265503,0,37,0.275387,-0.00604012,0.334766
2.066,0.574892,-1.16182,1.3445,-0.719042,0.474496,-0.472367,0.756544,0.529292,0.65,-0.0268365,0,37,0.274735,-0.00521533,0.333916
2.068,0.575498,-1.16151,1.34373,-0.719645,0.474905,-0.472816,0.755992,0.528825,0.65,-0.0271177,0,37,0.274087,-0.00438636,0.333054
2.07,0.576105,-1.16121,1.34296,-0.720246,0.475313,-0.473263,0.75544,0.528356,0.65,-0.0273937,0,37,0.273441,-0.00355332,0.332181
2.072,0.576711,-1.1609,1.34218,-0.720846,0.475721,-0.473709,0.75489,0.527886,0.65,-0.0276647,0,37,0.272799,-0.00271633,0.331295
2.074,0.577318,-1.1606,1.3414,-0.721444,0.476128,-0.474154,0.75434,0.527414,0.65,-0.0279305,0,37,0.272159,-0.0018755,0.330398
2.076,0.577925,-1.1603,1.34062,-0.72204,0.476534,-0.474598,0.753791,0.526941,0.65,-0.0281912,0,37,0.271523,-0.00103095,0.329488
2.078,0.578531,-1.16,1.33983,-0.722635,0.47694,-0.47504,0.753243,0.526466,0.65,-0.0284469,0,37,0.270889,-0.000182778,0.328565
2.08,0.579137,-1.1597,1.33904,-0.723228,0.477345,-0.47548,0.752696,0.525989,0.65,0.000187993,0,37,0.270259,0.000668889,0.327631
2.082,0.579742,-1.15941,1.33825,-0.72382,0.477749,-0.47592,0.75215,0.525511,0.65,0.000255395,0,37,0.269632,0.000909935,0.326684
2.084,0.580345,-1.15911,1.33745,-0.724411,0.478152,-0.476357,0.751605,0.525032,0.65,0.00032286,0,37,0.269006,0.00115188,0.325725
2.086,0.580946,-1.15881,1.33665,-0.725001,0.478555,-0.476794,0.75106,0.524551,0.65,0.000390414,0,37,0.268383,0.00139483,0.324753
2.088,0.581545,-1.15851,1.33584,-0.72559,0.478957,-0.477229,0.750517,0.524068,0.65,0.000458048,0,37,0.267761,0.00163877,0.323769
2.09,0.582143,-1.15821,1.33504,-0.726177,0.479358,-0.477663,0.749974,0.523583,0.65,0.000525752,0,37,0.267142,0.00188368,0.322772
2.092,0.58274,-1.15791,1.33422,-0.726764,0.479759,-0.478095,0.749432,0.523098,0.65,0.00059352,0,37,0.266525,0.00212956,0.321762
2.094,0.583334,-1.15761,1.33341,-0.727349,0.480158,-0.478526,0.748891,0.52261,0.65,0.000661344,0,37,0.26591,0.0023764,0.32074
2.096,0.583927,-1.1573,1.33259,-0.727933,0.480557,-0.478955,0.748351,0.522121,0.65,0.000729216,0,37,0.265297,0.00262419,0.319705
2.098,0.584518,-1.157,1.33176,-0.728515,0.480955,-0.479383,0.747812,0.521631,0.65,0.000797128,0,37,0.264686,0.00287292,0.318657
2.1,0.585107,-1.1567,1.33094,-0.729097,0.481352,-0.479809,0.747274,0.521138,0.65,0.000865073,0,37,0.264078,0.00312257,0.317597
2.102,0.585695,-1.1564,1.33011,-0.729676,0.481748,-0.480234,0.746737,0.520645,0.65,0.000933041,0,37,0.263472,0.00337314,0.316523
2.104,0.58628,-1.1561,1.32928,-0.730255,0.482143,-0.480658,0.746201,0.520149,0.65,0.00100102,0,37,0.262868,0.00362461,0.315436
2.106,0.586864,-1.15579,1.32844,-0.730832,0.482537,-0.48108,0.745665,0.519653,0.65,0.00106901,0,37,0.262266,0.00387697,0.314336
2.108,0.587445,-1.15549,1.3276,-0.731407,0.48293,-0.481501,0.745131,0.519154,0.65,0.001137,0,37,0.261667,0.00413021,0.313223
2.11,0.588025,-1.15519,1.32676,-0.731981,0.483322,-0.48192,0.744597,0.518654,0.65,0.00120498,0,37,0.26107,0.00438431,0.312097
2.112,0.588603,-1.15488,1.32591,-0.732554,0.483714,-0.482337,0.744065,0.518153,0.65,0.00127293,0,37,0.260476,0.00463927,0.310957
2.114,0.589178,-1.15458,1.32506,-0.733124,0.484104,-0.482753,0.743533,0.51765,0.65,0.00134086,0,37,0.259884,0.00489506,0.309804
2.116,0.589752,-1.15428,1.32421,-0.733694,0.484493,-0.483168,0.743003,0.517145,0.65,0.00140875,0,37,0.259294,0.00515168,0.308637
2.118,0.590324,-1.15397,1.32335,-0.734261,0.484881,-0.483581,0.742473,0.516639,0.65,0.00147659,0,37,0.258707,0.0054091,0.307458
2.12,0.590893,-1.15367,1.32249,-0.734827,0.485268,-0.483993,0.741944,0.516131,0.65,0.00154438,0,37,0.258123,0.00566733,0.306264
2.122,0.591461,-1.15336,1.32163,-0.735391,0.485654,-0.484403,0.741417,0.515622,0.65,0.0016121,0,37,0.257541,0.00592633,0.305057
2.124,0.592026,-1.15306,1.32076,-0.735953,0.486039,-0.484811,0.74089,0.515111,0.65,0.00167974,0,37,0.256961,0.00618609,0.303836
2.126,0.592589,-1.15275,1.3199,-0.736514,0.486423,-0.485218,0.740364,0.514599,0.65,0.00174729,0,37,0.256385,0.0064466,0.302602
2.128,0.593151,-1.15245,1.31902,-0.737073,0.486806,-0.485623,0.739839,0.514085,0.65,0.00181475,0,37,0.255811,0.00670783,0.301354
2.13,0.593709,-1.15214,1.31815,-0.73763,0.487187,-0.486027,0.739316,0.51357,0.65,0.00188209,0,37,0.255239,0.00696976,0.300091
2.132,0.594266,-1.15184,1.31727,-0.738185,0.487568,-0.486429,0.738793,0.513053,0.65,0.00194931,0,37,0.254671,0.00723236,0.298816
2.134,0.594821,-1.15153,1.31639,-0.738738,0.487947,-0.48683,0.738271,0.512535,0.65,0.0020164,0,37,0.254105,0.00749562,0.297526
2.136,0.595373,-1.15123,1.31551,-0.739289,0.488325,-0.487229,0.737751,0.512015,0.65,0.00208335,0,37,0.253542,0.00775953,0.296222
2.138,0.595923,-1.15092,1.31463,-0.739839,0.488702,-0.487626,0.737231,0.511493,0.65,0.00215014,0,37,0.252981,0.00802406,0.294904
2.14,0.596471,-1.15062,1.31374,-0.740386,0.489077,-0.488022,0.736712,0.51097,0.65,0.00221677,0,37,0.252424,0.0082892,0.293572
2.142,0.597016,-1.15031,1.31285,-0.740931,0.489452,-0.488416,0.736195,0.510446,0.65,0.00228323,0,37,0.251869,0.00855492,0.292226
2.144,0.597559,-1.15,1.31196,-0.741474,0.489825,-0.488809,0.735678,0.509919,0.65,0.0023495,0,37,0.251318,0.00882121,0.290866
2.146,0.5981,-1.1497,1.31106,-0.742015,0.490197,-0.4892,0.735163,0.509392,0.65,0.00241557,0,37,0.250769,0.00908804,0.289492
2.148,0.59864,-1.14939,1.31016,-0.742554,0.490567,-0.489589,0.734648,0.508863,0.65,0.00248144,0,37,0.250223,0.0093554,0.288104
2.15,0.599182,-1.14908,1.30926,-0.74309,0.490937,-0.489977,0.734135,0.508332,0.65,0.00267184,0,37,0.249681,0.0100946,0.2867
2.152,0.599726,-1.14878,1.30837,-0.743623,0.491305,-0.490363,0.733623,0.5078,0.65,0.00303222,0,37,0.249144,0.0114808,0.285279
2.154,0.600274,-1.14847,1.30747,-0.744152,0.491671,-0.490747,0.733111,0.507266,0.65,0.00341225,0,37,0.248611,0.0129479,0.283841
2.156,0.600825,-1.14816,1.30657,-0.744679,0.492037,-0.49113,0.732601,0.506731,0.65,0.00379428,0,37,0.248085,0.0144294,0.282386
2.158,0.601379,-1.14785,1.30567,-0.745202,0.492401,-0.491511,0.732092,0.506195,0.65,0.00417732,0,37,0.247564,0.0159218,0.280913
2.16,0.601936,-1.14754,1.30477,-0.745721,0.492763,-0.49189,0.731584,0.505657,0.65,0.00456142,0,37,0.247048,0.0174254,0.279422
2.162,0.602496,-1.14722,1.30387,-0.746238,0.493125,-0.492268,0.731078,0.505117,0.65,0.0049461,0,37,0.246539,0.0189386,0.277913
2.164,0.603059,-1.14691,1.30297,-0.746752,0.493484,-0.492644,0.730572,0.504576,0.65,0.00533144,0,37,0.246035,0.0204619,0.276387
2.166,0.603625,-1.1466,1.30206,-0.747262,0.493843,-0.493018,0.730067,0.504033,0.65,0.00571739,0,37,0.245537,0.0219953,0.274842
2.168,0.604195,-1.14629,1.30116,-0.747769,0.4942,-0.493391,0.729564,0.503489,0.65,0.00610392,0,37,0.245045,0.0235389,0.273279
2.17,0.604767,-1.14597,1.30026,-0.748273,0.494556,-0.493762,0.729062,0.502944,0.65,0.00649097,0,37,0.244559,0.0250927,0.271699
2.172,0.605342,-1.14566,1.29936,-0.748774,0.494911,-0.494131,0.72856,0.502397,0.65,0.00687847,0,37,0.244079,0.0266566,0.2701
2.174,0.60592,-1.14534,1.29845,-0.749271,0.495264,-0.494498,0.72806,0.501848,0.65,0.00726639,0,37,0.243605,0.0282307,0.268483
2.176,0.606501,-1.14502,1.29755,-0.749766,0.495615,-0.494864,0.727561,0.501299,0.65,0.00765457,0,37,0.243137,0.0298146,0.266847
2.178,0.607086,-1.14471,1.29665,-0.750257,0.495965,-0.495227,0.727064,0.500747,0.65,0.00804302,0,37,0.242675,0.0314086,0.265193
2.18,0.607673,-1.14439,1.29574,-0.750745,0.496314,-0.495589,0.726567,0.500194,0.65,0.00843162,0,37,0.24222,0.0330123,0.263521
2.182,0.608262,-1.14407,1.29484,-0.75123,0.496661,-0.49595,0.726072,0.49964,0.65,0.00882029,0,37,0.241771,0.0346257,0.261831
2.184,0.608855,-1.14375,1.29393,-0.751712,0.497006,-0.496308,0.725578,0.499084,0.65,0.00920896,0,37,0.241328,0.0362488,0.260122
2.186,0.609451,-1.14343,1.29303,-0.75219,0.497351,-0.496665,0.725084,0.498527,0.65,0.00959756,0,37,0.240892,0.0378814,0.258394
2.188,0.610049,-1.14311,1.29212,-0.752666,0.497693,-0.49702,0.724593,0.497968,0.65,0.00998599,0,37,0.240462,0.0395235,0.256648
2.19,0.610651,-1.14279,1.29122,-0.753138,0.498034,-0.497373,0.724102,0.497408,0.65,0.0103742,0,37,0.240039,0.041175,0.254884
2.192,0.611255,-1.14247,1.29031,-0.753608,0.498373,-0.497724,0.723612,0.496847,0.65,0.0107621,0,37,0.239623,0.0428357,0.253101
2.194,0.611862,-1.14215,1.28941,-0.754074,0.498711,-0.498074,0.723124,0.496284,0.65,0.0111495,0,37,0.239213,0.0445056,0.251299
2.196,0.612472,-1.14183,1.2885,-0.754537,0.499047,-0.498421,0.722637,0.495719,0.65,0.0115377,0,37,0.23881,0.0461892,0.249479
2.198,0.613084,-1.1415,1.28759,-0.754997,0.499382,-0.498767,0.722151,0.495154,0.65,0.0119242,0,37,0.238414,0.0478778,0.24764
2.2,0.6137,-1.14118,1.28668,-0.755454,0.499715,-0.499111,0.721667,0.494586,0.65,0.01231,0,37,0.238024,0.0495746,0.245783
2.202,0.614318,-1.14085,1.28577,-0.755907,0.500046,-0.499453,0.721183,0.494018,0.65,0.0126951,0,37,0.237642,0.0512802,0.243907
2.204,0.614939,-1.14053,1.28487,-0.756358,0.500376,-0.499793,0.720701,0.493448,0.65,0.0130785,0,37,0.237266,0.0529911,0.242012
2.206,0.615562,-1.1402,1.28396,-0.756806,0.500704,-0.500131,0.72022,0.492876,0.65,0.0134603,0,37,0.236898,0.0547078,0.240099
2.208,0.616188,-1.13988,1.28305,-0.75725,0.50103,-0.500468,0.71974,0.492303,0.65,0.0138411,0,37,0.236536,0.0564327,0.238168
2.21,0.616817,-1.13955,1.28214,-0.757691,0.501354,-0.500802,0.719262,0.491729,0.65,0.0142208,0,37,0.236182,0.0581658,0.236218
2.212,0.617449,-1.13922,1.28123,-0.75813,0.501677,-0.501135,0.718785,0.491153,0.65,0.0146018,0,37,0.235835,0.0599172,0.23425
2.214,0.618082,-1.13889,1.28032,-0.758565,0.501997,-0.501465,0.718309,0.490576,0.65,0.014976,0,37,0.235495,0.0616536,0.232263
2.216,0.618718,-1.13856,1.27941,-0.758998,0.502316,-0.501794,0.717834,0.489998,0.65,0.0153268,0,37,0.235163,0.0633066,0.230259
2.218,0.619355,-1.13823,1.2785,-0.759427,0.502633,-0.502121,0.717361,0.489418,0.65,0.0156714,0,37,0.234837,0.064947,0.228237
2.22,0.619993,-1.1379,1.27759,-0.759853,0.502949,-0.502446,0.716889,0.488836,0.65,0.0160134,0,37,0.234519,0.0665894,0.226198
2.222,0.620633,-1.13758,1.27668,-0.760277,0.503262,-0.502768,0.716418,0.488254,0.65,0.016353,0,37,0.234208,0.068235,0.224141
2.224,0.621275,-1.13725,1.27577,-0.760697,0.503574,-0.503089,0.715948,0.48767,0.65,0.0166901,0,37,0.233904,0.0698837,0.222068
2.226,0.621918,-1.13692,1.27486,-0.761114,0.503884,-0.503408,0.71548,0.487084,0.65,0.0170245,0,37,0.233607,0.0715344,0.219977
2.228,0.622563,-1.13659,1.27395,-0.761528,0.504192,-0.503725,0.715013,0.486497,0.65,0.0173547,0,37,0.233318,0.073181,0.21787
2.23,0.623209,-1.13626,1.27304,-0.76194,0.504498,-0.50404,0.714548,0.485909,0.65,0.0176793,0,37,0.233036,0.0748179,0.215745
2.232,0.623856,-1.13593,1.27213,-0.762348,0.504802,-0.504353,0.714083,0.48532,0.65,0.0179999,0,37,0.232762,0.0764517,0.213604
2.234,0.624505,-1.1356,1.27122,-0.762753,0.505105,-0.504664,0.713621,0.484729,0.65,0.0183159,0,37,0.232494,0.0780799,0.211447
2.236,0.625154,-1.13527,1.27032,-0.763155,0.505406,-0.504973,0.713159,0.484137,0.65,0.0185768,0,37,0.232235,0.0794869,0.209273
2.238,0.625803,-1.13494,1.26941,-0.763554,0.505704,-0.50528,0.712699,0.483543,0.65,0.0188294,0,37,0.231982,0.0808704,0.207084
2.24,0.626453,-1.13461,1.2685,-0.763951,0.506001,-0.505585,0.71224,0.482948,0.65,0.019079,0,37,0.231736,0.0822541,0.204879
2.242,0.627103,-1.13428,1.26759,-0.764344,0.506296,-0.505887,0.711782,0.482352,0.65,0.0193264,0,37,0.231497,0.0836411,0.202659
2.244,0.627754,-1.13395,1.26669,-0.764734,0.506589,-0.506188,0.711326,0.481754,0.65,0.0195704,0,37,0.231265,0.0850262,0.200424
2.246,0.628404,-1.13362,1.26578,-0.765122,0.50688,-0.506487,0.710871,0.481155,0.65,0.0198111,0,37,0.231041,0.0864098,0.198173
2.248,0.629056,-1.13329,1.26487,-0.765506,0.507169,-0.506783,0.710417,0.480555,0.65,0.0200308,4,37,0.226728,0.0936305,0.159838
2.25,0.629707,-1.13297,1.26397,-0.765888,0.507457,-0.507078,0.709965,0.479954,0.65,0.0201899,4,37,0.226692,0.0948184,0.157331
2.252,0.630357,-1.13264,1.26306,-0.766266,0.507742,-0.50737,0.709514,0.479351,0.65,0.0202895,4,37,0.226651,0.0957367,0.154826
2.254,0.631007,-1.13231,1.26215,-0.766642,0.508025,-0.50766,0.709065,0.478747,0.65,0.0203932,4,37,0.226618,0.0966849,0.152312
2.256,0.631656,-1.13198,1.26125,-0.767015,0.508306,-0.507949,0.708617,0.478141,0.65,0.0204846,4,37,0.22659,0.0975854,0.149787
2.258,0.632303,-1.13165,1.26034,-0.767384,0.508586,-0.508234,0.70817,0.477534,0.65,0.0205714,4,37,0.226569,0.0984741,0.147254
2.26,0.632949,-1.13132,1.25944,-0.767751,0.508863,-0.508518,0.707725,0.476926,0.65,0.0205979,4,37,0.226543,0.0990812,0.144723
2.262,0.633594,-1.13099,1.25853,-0.768115,0.509137,-0.508799,0.707281,0.476317,0.65,0.0206214,4,37,0.226522,0.0996814,0.142183
2.264,0.634236,-1.13066,1.25763,-0.768473,0.509409,-0.509077,0.706839,0.475706,0.65,0.0206396,4,37,0.226507,0.100263,0.139636
2.266,0.634876,-1.13033,1.25672,-0.768825,0.509675,-0.50935,0.706398,0.475095,0.65,0.0205948,4,37,0.226485,0.100543,0.13709
2.268,0.635512,-1.13,1.25582,-0.76917,0.509937,-0.509618,0.705959,0.474482,0.65,0.0205489,4,37,0.226468,0.100822,0.134537
2.27,0.636147,-1.12967,1.25491,-0.769507,0.510194,-0.509881,0.705521,0.473868,0.65,0.0205047,4,37,0.226457,0.101113,0.131978
2.272,0.636778,-1.12934,1.25401,-0.769837,0.510446,-0.510138,0.705085,0.473253,0.65,0.0204549,4,37,0.226452,0.10138,0.129411
2.274,0.637406,-1.12901,1.2531,-0.77016,0.510693,-0.510391,0.70465,0.472637,0.65,0.0204042,4,37,0.226453,0.101647,0.126839
2.276,0.63803,-1.12868,1.2522,-0.770476,0.510936,-0.51064,0.704217,0.47202,0.65,0.0209286,3,37,0.22705,0.101508,0.140442
2.278,0.638649,-1.12835,1.2513,-0.770785,0.511174,-0.510883,0.703786,0.471402,0.65,0.0207874,3,37,0.226991,0.101319,0.13792
2.28,0.639266,-1.12802,1.25039,-0.771087,0.511407,-0.511122,0.703356,0.470782,0.65,0.0207155,3,37,0.226946,0.10147,0.135384
2.282,0.63988,-1.12769,1.24949,-0.771383,0.511636,-0.511357,0.702927,0.470162,0.65,0.020664,3,37,0.226911,0.101726,0.132837
2.284,0.640492,-1.12736,1.24859,-0.771672,0.511861,-0.511587,0.7025,0.46954,0.65,0.0206123,3,37,0.226882,0.101984,0.130284
2.286,0.6411,-1.12703,1.24768,-0.771956,0.512082,-0.511813,0.702075,0.468918,0.65,0.0205592,3,37,0.226858,0.102239,0.127724
2.288,0.641706,-1.1267,1.24678,-0.772233,0.512298,-0.512034,0.701651,0.468294,0.65,0.0205048,3,37,0.226841,0.102492,0.125158
2.29,0.64231,-1.12637,1.24588,-0.772505,0.512511,-0.512251,0.701229,0.467669,0.65,0.0204489,3,37,0.226829,0.10274,0.122586
2.292,0.64291,-1.12604,1.24498,-0.77277,0.512719,-0.512465,0.700808,0.467044,0.65,0.0203916,3,37,0.226824,0.102986,0.120007
2.294,0.643506,-1.12571,1.24408,-0.773028,0.512924,-0.512674,0.700389,0.466417,0.65,0.0207826,2,37,0.22715,0.102757,0.130625
2.296,0.644097,-1.12538,1.24318,-0.773282,0.513124,-0.512879,0.699972,0.465789,0.65,0.0206451,2,37,0.227104,0.102594,0.128076
2.298,0.644686,-1.12505,1.24227,-0.773529,0.513321,-0.513081,0.699556,0.46516,0.65,0.020508,2,37,0.227063,0.102433,0.12552
2.3,0.645271,-1.12472,1.24137,-0.773771,0.513514,-0.513279,0.699142,0.46453,0.65,0.0204441,2,37,0.227033,0.10264,0.122955
2.302,0.645854,-1.12439,1.24047,-0.774008,0.513704,-0.513473,0.698729,0.463899,0.65,0.0203841,2,37,0.227008,0.10287,0.120383
2.304,0.646434,-1.12406,1.23957,-0.77424,0.51389,-0.513663,0.698318,0.463267,0.65,0.0203236,2,37,0.226989,0.103102,0.117806
2.306,0.647013,-1.12373,1.23867,-0.774467,0.514072,-0.51385,0.697908,0.462634,0.65,0.0202614,2,37,0.226976,0.103328,0.115222
2.308,0.64759,-1.1234,1.23777,-0.774688,0.514251,-0.514033,0.6975,0.462,0.65,0.0196113,3,37,0.226947,0.103386,0.099223
2.31,0.648163,-1.12307,1.23687,-0.774904,0.514427,-0.514213,0.697094,0.461365,0.65,0.0204561,0,37,0.227106,0.103292,0.120104
2.312,0.648732,-1.12274,1.23597,-0.775116,0.514599,-0.514389,0.696689,0.460729,0.65,0.0203338,0,37,0.227077,0.103212,0.117526
2.314,0.649297,-1.12241,1.23507,-0.775322,0.514769,-0.514562,0.696286,0.460092,0.65,0.0202111,0,37,0.227052,0.10313,0.114942
2.316,0.649859,-1.12208,1.23417,-0.775524,0.514935,-0.514732,0.695885,0.459453,0.65,0.0200825,1,37,0.227004,0.103737,0.108977
2.318,0.650417,-1.12175,1.23327,-0.77572,0.515097,-0.514899,0.695485,0.458814,0.65,0.0199669,0,37,0.227019,0.102973,0.10976
2.32,0.650971,-1.12142,1.23237,-0.775913,0.515257,-0.515062,0.695086,0.458174,0.65,0.0198433,0,37,0.22701,0.102887,0.107162
2.322,0.651521,-1.12109,1.23148,-0.776101,0.515414,-0.515223,0.69469,0.457533,0.65,0.0197192,0,37,0.227005,0.102799,0.10456
2.324,0.652069,-1.12076,1.23058,-0.776285,0.515568,-0.51538,0.694295,0.456891,0.65,0.0195949,0,37,0.227006,0.102709,0.101953
2.326,0.652616,-1.12043,1.22968,-0.776465,0.515719,-0.515535,0.693901,0.456248,0.65,0.0192025,2,37,0.227127,0.10343,0.0891426
2.328,0.653161,-1.1201,1.22878,-0.77664,0.515867,-0.515686,0.693509,0.455603,0.65,0.0192211,2,37,0.227178,0.10412,0.0865112
2.33,0.653705,-1.11977,1.22788,-0.776812,0.516012,-0.515835,0.693119,0.454958,0.65,0.0191561,2,37,0.227232,0.104364,0.0838784
2.332,0.654248,-1.11944,1.22699,-0.776981,0.516155,-0.515981,0.69273,0.454312,0.65,0.0193245,2,37,0.227308,0.105891,0.0812339
2.334,0.654789,-1.11911,1.22609,-0.777145,0.516295,-0.516124,0.692343,0.453665,0.65,0.0193213,2,37,0.227379,0.106488,0.0786006
2.336,0.655326,-1.11878,1.22519,-0.777306,0.516432,-0.516264,0.691958,0.453017,0.65,0.0192978,2,37,0.227454,0.106981,0.0759636
2.338,0.655861,-1.11845,1.22429,-0.777463,0.516567,-0.516402,0.691574,0.452368,0.65,0.0192715,2,37,0.227535,0.107464,0.0733247
2.34,0.656392,-1.11812,1.2234,-0.777617,0.516699,-0.516538,0.691192,0.451718,0.65,0.0192425,2,37,0.227621,0.107938,0.0706841
2.342,0.65692,-1.11779,1.2225,-0.777767,0.516829,-0.51667,0.690811,0.451067,0.65,0.0190779,1,37,0.227409,0.106021,0.0748624
2.344,0.657445,-1.11746,1.22161,-0.777913,0.516956,-0.5168,0.690433,0.450415,0.65,0.0189407,1,37,0.227479,0.105881,0.0722177
2.346,0.657969,-1.11713,1.22071,-0.778057,0.517081,-0.516928,0.690055,0.449762,0.65,0.0187993,1,37,0.227554,0.105716,0.0695715
2.348,0.658494,-1.1168,1.21981,-0.778197,0.517203,-0.517054,0.68968,0.449109,0.65,0.0190639,1,37,0.227645,0.107848,0.0669163
2.35,0.659016,-1.11647,1.21892,-0.778334,0.517323,-0.517177,0.689306,0.448454,0.65,0.0191022,0,37,0.227568,0.107872,0.0677048
2.352,0.659536,-1.11614,1.21802,-0.778468,0.517441,-0.517297,0.688934,0.447798,0.65,0.0190491,0,37,0.227653,0.108221,0.0650515
2.354,0.660054,-1.11581,1.21713,-0.778599,0.517557,-0.517416,0.688563,0.447142,0.65,0.0189651,0,37,0.227744,0.108398,0.0623969
2.356,0.66057,-1.11548,1.21623,-0.778727,0.517671,-0.517532,0.688194,0.446484,0.65,0.0188906,0,37,0.227841,0.108631,0.0597412
2.358,0.661083,-1.11514,1.21534,-0.778853,0.517782,-0.517646,0.687827,0.445826,0.65,0.0188157,0,37,0.227943,0.108866,0.0570846
2.36,0.661594,-1.11481,1.21444,-0.778976,0.517891,-0.517758,0.687461,0.445166,0.65,0.0187287,0,37,0.228052,0.109033,0.0544274
2.362,0.662102,-1.11448,1.21355,-0.779096,0.517999,-0.517868,0.687097,0.444506,0.65,0.0186347,0,37,0.228166,0.109161,0.0517699
2.364,0.662614,-1.11415,1.21265,-0.779214,0.518104,-0.517975,0.686735,0.443845,0.65,0.0185455,0,37,0.228285,0.109319,0.0491123
2.366,0.663128,-1.11382,1.21176,-0.779329,0.518207,-0.518081,0.686374,0.443183,0.65,0.0190259,0,37,0.228413,0.112859,0.0464527
2.368,0.663639,-1.11349,1.21087,-0.779442,0.518308,-0.518185,0.686015,0.44252,0.65,0.0189341,0,37,0.228551,0.113028,0.0437915
2.37,0.664152,-1.11316,1.20997,-0.779553,0.518408,-0.518287,0.685658,0.441856,0.65,0.0188366,0,37,0.228694,0.113165,0.041131
2.372,0.664666,-1.11283,1.20908,-0.779661,0.518505,-0.518386,0.685302,0.441191,0.65,0.0186387,4,37,0.234037,0.123876,0.00115722
2.374,0.665178,-1.1125,1.20819,-0.779767,0.518601,-0.518484,0.684948,0.440525,0.65,0.0187087,4,37,0.234348,0.124724,-0.00135336
2.376,0.665688,-1.11217,1.20729,-0.779871,0.518695,-0.518581,0.684596,0.439859,0.65,0.0187097,4,37,0.234645,0.124732,-0.00389915
2.378,0.666195,-1.11184,1.2064,-0.779972,0.518787,-0.518675,0.684245,0.439191,0.65,0.0187305,4,37,0.23495,0.12487,-0.00643372
2.38,0.666708,-1.11151,1.20551,-0.780071,0.518878,-0.518767,0.683896,0.438523,0.65,0.0187223,0,37,0.229515,0.116191,0.0278353
2.382,0.667226,-1.11117,1.20462,-0.780168,0.518966,-0.518858,0.683549,0.437854,0.65,0.0176103,4,37,0.235327,0.117402,-0.0120387
2.384,0.667742,-1.11084,1.20372,-0.780262,0.519054,-0.518947,0.683203,0.437184,0.65,0.0178777,4,37,0.235689,0.119185,-0.0144967
2.386,0.668261,-1.11051,1.20283,-0.780353,0.519139,-0.519035,0.682859,0.436513,0.65,0.0178509,4,37,0.23602,0.119006,-0.017024
2.388,0.668784,-1.11018,1.20194,-0.780441,0.519223,-0.519121,0.682517,0.435841,0.65,0.0174038,4,37,0.236238,0.116025,-0.0198806
2.39,0.669304,-1.10985,1.20105,-0.780527,0.519305,-0.519205,0.682176,0.435168,0.65,0.0175385,4,37,0.236608,0.116924,-0.0223479
2.392,0.669823,-1.10952,1.20016,-0.78061,0.519386,-0.519287,0.681837,0.434495,0.65,0.0175218,4,37,0.236962,0.116812,-0.0248567
2.394,0.670339,-1.10919,1.19927,-0.780692,0.519465,-0.519368,0.6815,0.43382,0.65,0.017525,4,37,0.237323,0.116833,-0.0273524
2.396,0.670854,-1.10886,1.19838,-0.780772,0.519543,-0.519448,0.681165,0.433145,0.65,0.0175244,4,37,0.237688,0.11683,-0.0298417
2.398,0.671366,-1.10853,1.19749,-0.78085,0.519619,-0.519526,0.680831,0.432469,0.65,0.0175234,4,37,0.238058,0.116823,-0.0323234
2.4,0.671876,-1.10819,1.19659,-0.780926,0.519694,-0.519602,0.680499,0.431792,0.65,0.0175215,4,37,0.238433,0.11681,-0.0347975
2.402,0.672384,-1.10786,1.1957,-0.781,0.519767,-0.519678,0.680168,0.431114,0.65,0.0175185,4,37,0.238813,0.11679,-0.0372641
2.404,0.672889,-1.10753,1.19481,-0.781072,0.519839,-0.519751,0.67984,0.430436,0.65,0.0175147,4,37,0.239198,0.116765,-0.039723
2.406,0.673393,-1.1072,1.19392,-0.781143,0.51991,-0.519824,0.679513,0.429756,0.65,0.0175101,4,37,0.239588,0.116734,-0.0421738
2.408,0.673895,-1.10687,1.19304,-0.781212,0.519979,-0.519894,0.679188,0.429076,0.65,0.0175046,4,37,0.239982,0.116698,-0.0446164
2.41,0.674394,-1.10654,1.19215,-0.781279,0.520047,-0.519964,0.678864,0.428395,0.65,0.0174984,4,37,0.240382,0.116656,-0.0470508
2.412,0.674891,-1.10621,1.19126,-0.781345,0.520114,-0.520032,0.678542,0.427713,0.65,0.0174913,4,37,0.240786,0.116608,-0.0494767
2.414,0.675386,-1.10587,1.19037,-0.78141,0.520179,-0.520099,0.678222,0.42703,0.65,0.0174833,4,37,0.241194,0.116556,-0.051894
2.416,0.675879,-1.10554,1.18948,-0.781472,0.520244,-0.520165,0.677904,0.426347,0.65,0.0174746,4,37,0.241608,0.116498,-0.0543027
2.418,0.676371,-1.10521,1.18859,-0.781534,0.520307,-0.52023,0.677587,0.425663,0.65,0.0174651,4,37,0.242026,0.116434,-0.0567026
2.42,0.676859,-1.10488,1.1877,-0.781594,0.520369,-0.520293,0.677272,0.424978,0.65,0.0174548,4,37,0.242449,0.116365,-0.0590936
2.422,0.677346,-1.10455,1.18681,-0.781652,0.520429,-0.520355,0.676959,0.424292,0.65,0.0174433,4,37,0.242876,0.116289,-0.0614766
2.424,0.677831,-1.10422,1.18593,-0.781709,0.520489,-0.520416,0.676647,0.423605,0.65,0.0174313,4,37,0.243308,0.116209,-0.0638503
2.426,0.678314,-1.10388,1.18504,-0.781765,0.520547,-0.520476,0.676337,0.422918,0.65,0.0174185,4,37,0.243744,0.116123,-0.0662149
2.428,0.678795,-1.10355,1.18415,-0.78182,0.520605,-0.520535,0.676029,0.42223,0.65,0.0174049,4,37,0.244185,0.116033,-0.0685701
2.43,0.679273,-1.10322,1.18326,-0.781873,0.520661,-0.520592,0.675723,0.421541,0.65,0.0173906,4,37,0.24463,0.115937,-0.0709159
2.432,0.67975,-1.10289,1.18238,-0.781925,0.520716,-0.520649,0.675418,0.420851,0.65,0.0173755,4,37,0.24508,0.115837,-0.0732522
2.434,0.680224,-1.10256,1.18149,-0.781976,0.52077,-0.520704,0.675116,0.420161,0.65,0.0173597,4,37,0.245534,0.115731,-0.0755789
2.436,0.680697,-1.10223,1.1806,-0.782025,0.520824,-0.520759,0.674814,0.419469,0.65,0.0173432,4,37,0.245993,0.115621,-0.0778959
2.438,0.681167,-1.10189,1.17972,-0.782073,0.520876,-0.520812,0.674515,0.418777,0.65,0.0173258,4,37,0.246456,0.115505,-0.0802033
2.44,0.681636,-1.10156,1.17883,-0.782118,0.520927,-0.520864,0.674217,0.418085,0.65,0.0173078,4,37,0.246923,0.115385,-0.082501
2.442,0.682102,-1.10123,1.17794,-0.782163,0.520977,-0.520916,0.673921,0.417391,0.65,0.0172888,4,37,0.247395,0.115259,-0.0847892
2.444,0.682567,-1.1009,1.17706,-0.782206,0.521026,-0.520966,0.673627,0.416697,0.65,0.0172692,4,37,0.24787,0.115128,-0.0870675
2.446,0.683029,-1.10056,1.17617,-0.782248,0.521075,-0.521016,0.673335,0.416002,0.65,0.0172489,4,37,0.24835,0.114993,-0.0893357
2.448,0.68349,-1.10023,1.17529,-0.782289,0.521122,-0.521064,0.673044,0.415306,0.65,0.017228,4,37,0.248835,0.114853,-0.0915937
2.45,0.683948,-1.0999,1.1744,-0.782329,0.521169,-0.521112,0.672755,0.41461,0.65,0.0172063,4,37,0.249323,0.114709,-0.0938414
2.452,0.684404,-1.09957,1.17352,-0.782368,0.521214,-0.521159,0.672468,0.413913,0.65,0.017184,4,37,0.249816,0.11456,-0.0960789
2.454,0.684862,-1.09924,1.17263,-0.782406,0.521259,-0.521204,0.672183,0.413215,0.65,0.0174733,4,37,0.250312,0.114407,-0.0983059
2.456,0.685321,-1.0989,1.17175,-0.782443,0.521303,-0.521249,0.671899,0.412516,0.65,0.015944,4,37,0.250775,0.101129,-0.100725
2.458,0.685777,-1.09857,1.17086,-0.782479,0.521346,-0.521294,0.671617,0.411817,0.65,0.0168254,4,37,0.251296,0.10353,-0.102878
2.46,0.686232,-1.09824,1.16998,-0.782514,0.521389,-0.521337,0.671337,0.411117,0.65,0.0172077,4,37,0.251806,0.102676,-0.105089
2.462,0.686685,-1.09791,1.16909,-0.782548,0.52143,-0.521379,0.671059,0.410416,0.65,0.0176985,4,37,0.252324,0.102499,-0.107272
2.464,0.687136,-1.09757,1.16821,-0.782581,0.521471,-0.521421,0.670782,0.409715,0.65,0.0181695,4,37,0.252844,0.102168,-0.109449
2.466,0.687585,-1.09724,1.16732,-0.782614,0.521511,-0.521462,0.670507,0.409013,0.65,0.018322,3,37,0.249005,0.122146,-0.100393
2.468,0.688032,-1.09691,1.16644,-0.782646,0.52155,-0.521502,0.670234,0.40831,0.65,0.0183054,3,37,0.249494,0.122036,-0.102646
2.47,0.688477,-1.09658,1.16556,-0.782677,0.521589,-0.521542,0.669963,0.407606,0.65,0.0182881,3,37,0.249987,0.121921,-0.104888
2.472,0.688926,-1.09625,1.16467,-0.782707,0.521626,-0.52158,0.669693,0.406902,0.65,0.018755,3,37,0.250485,0.121802,-0.107119
2.474,0.689378,-1.09592,1.16379,-0.782735,0.521664,-0.521618,0.669425,0.406197,0.65,0.0179398,3,37,0.251007,0.112883,-0.109419
2.476,0.689828,-1.09559,1.16291,-0.782763,0.5217,-0.521656,0.669159,0.405492,0.65,0.018559,3,37,0.251517,0.11361,-0.111604
2.478,0.690276,-1.09527,1.16203,-0.78279,0.521736,-0.521692,0.668895,0.404786,0.65,0.0190317,3,37,0.252036,0.113302,-0.113804
2.48,0.690722,-1.09494,1.16114,-0.782817,0.521771,-0.521728,0.668633,0.404079,0.65,0.0194667,2,37,0.248833,0.129778,-0.106323
2.482,0.691167,-1.09461,1.16026,-0.782843,0.521805,-0.521763,0.668372,0.403371,0.65,0.0194566,2,37,0.249326,0.12971,-0.108574
2.484,0.69161,-1.09428,1.15938,-0.782868,0.521839,-0.521798,0.668113,0.402663,0.65,0.0194449,2,37,0.249824,0.129633,-0.110814
2.486,0.692056,-1.09396,1.1585,-0.782893,0.521872,-0.521831,0.667856,0.401954,0.65,0.0197481,1,37,0.248396,0.131654,-0.107905
2.488,0.692504,-1.09365,1.15762,-0.782916,0.521904,-0.521865,0.667601,0.401245,0.65,0.0198064,2,37,0.250853,0.126357,-0.115243
2.49,0.69295,-1.09333,1.15673,-0.78294,0.521936,-0.521897,0.667347,0.400535,0.65,0.0202684,1,37,0.249403,0.135123,-0.112378
2.492,0.693395,-1.09302,1.15585,-0.782963,0.521967,-0.521929,0.667095,0.399824,0.65,0.0202738,1,37,0.249908,0.135159,-0.114603
2.494,0.693841,-1.09271,1.15497,-0.782986,0.521998,-0.521961,0.666845,0.399113,0.65,0.0204266,0,37,0.249413,0.136177,-0.114211
2.496,0.694289,-1.0924,1.15409,-0.78301,0.522028,-0.521991,0.666597,0.398401,0.65,0.0208269,0,37,0.24992,0.138846,-0.11643
2.498,0.694735,-1.0921,1.15321,-0.783034,0.522058,-0.522022,0.666351,0.397688,0.65,0.0212578,0,37,0.250435,0.138821,-0.118634
2.5,0.69518,-1.0918,1.15233,-0.783058,0.522087,-0.522051,0.666106,0.396975,0.65,0.0217803,0,37,0.250954,0.138845,-0.120827
2.502,0.695624,-1.09149,1.15145,-0.783081,0.522115,-0.52208,0.665863,0.396261,0.65,0.0222983,0,37,0.251477,0.138809,-0.123008
2.504,0.696065,-1.09119,1.15057,-0.783103,0.522143,-0.522109,0.665622,0.395547,0.65,0.0228202,0,37,0.252004,0.138772,-0.125178
2.506,0.696506,-1.09089,1.14969,-0.783125,0.52217,-0.522137,0.665383,0.394832,0.65,0.0233457,0,37,0.252536,0.13873,-0.127336
2.508,0.696944,-1.09059,1.14881,-0.783147,0.522197,-0.522164,0.665145,0.394116,0.65,0.023875,0,37,0.253072,0.138685,-0.129483
2.51,0.697381,-1.09028,1.14793,-0.783168,0.522223,-0.522191,0.66491,0.3934,0.65,0.0244088,0,37,0.253612,0.138643,-0.131618
2.512,0.697817,-1.08998,1.14705,-0.783189,0.522249,-0.522218,0.664676,0.392683,0.65,0.0249462,0,37,0.254157,0.138596,-0.13374
2.514,0.698251,-1.08969,1.14617,-0.78321,0.522275,-0.522244,0.664444,0.391966,0.65,0.0254872,0,37,0.254705,0.138546,-0.135851
2.516,0.698684,-1.08939,1.14529,-0.78323,0.5223,-0.522269,0.664214,0.391248,0.65,0.0260317,0,37,0.255258,0.138492,-0.137949
2.518,0.699114,-1.08909,1.14442,-0.783249,0.522324,-0.522294,0.663985,0.390529,0.65,0.0265798,0,37,0.255815,0.138435,-0.140034
2.52,0.699544,-1.0888,1.14354,-0.783268,0.522348,-0.522319,0.663759,0.38981,0.65,0.0271315,0,37,0.256375,0.138375,-0.142108
2.522,0.699972,-1.0885,1.14266,-0.783287,0.522371,-0.522343,0.663534,0.389091,0.65,0.0276867,0,37,0.25694,0.138311,-0.144169
2.524,0.700398,-1.08821,1.14178,-0.783306,0.522395,-0.522366,0.663311,0.38837,0.65,0.0282455,0,37,0.257509,0.138245,-0.146217
2.526,0.700823,-1.08791,1.1409,-0.783324,0.522417,-0.52239,0.66309,0.38765,0.65,0.0288077,0,37,0.258081,0.138176,-0.148254
2.528,0.701247,-1.08762,1.14003,-0.783342,0.522439,-0.522412,0.66287,0.386928,0.65,0.0293734,0,37,0.258658,0.138103,-0.150278
2.53,0.701668,-1.08733,1.13915,-0.783359,0.522461,-0.522435,0.662653,0.386206,0.65,0.0299426,0,37,0.259238,0.138028,-0.152289
2.532,0.702089,-1.08704,1.13827,-0.783376,0.522483,-0.522456,0.662437,0.385484,0.65,0.0305152,0,37,0.259823,0.13795,-0.154288
2.534,0.702508,-1.08675,1.13739,-0.783393,0.522504,-0.522478,0.662223,0.384761,0.65,0.0310912,0,37,0.260411,0.137869,-0.156275
2.536,0.702926,-1.08647,1.13652,-0.78341,0.522524,-0.522499,0.662011,0.384037,0.65,0.0316705,0,37,0.261003,0.137786,-0.15825
2.538,0.703342,-1.08618,1.13564,-0.783426,0.522544,-0.52252,0.661801,0.383313,0.65,0.0322533,0,37,0.261598,0.1377,-0.160212
2.54,0.703756,-1.08589,1.13476,-0.783442,0.522564,-0.52254,0.661592,0.382589,0.65,0.0328394,0,37,0.262198,0.137611,-0.162161
2.542,0.70417,-1.08561,1.13389,-0.783457,0.522584,-0.52256,0.661385,0.381864,0.65,0.0334288,0,37,0.262801,0.13752,-0.164098
2.544,0.704582,-1.08533,1.13301,-0.783473,0.522603,-0.522579,0.661181,0.381138,0.65,0.0340216,0,37,0.263408,0.137427,-0.166023
2.546,0.704992,-1.08504,1.13214,-0.783488,0.522621,-0.522599,0.660978,0.380412,0.65,0.0346176,0,37,0.264018,0.137331,-0.167936
2.548,0.705401,-1.08476,1.13126,-0.783503,0.52264,-0.522617,0.660776,0.379685,0.65,0.0352169,0,37,0.264632,0.137232,-0.169836
2.55,0.705809,-1.08448,1.13039,-0.783518,0.522658,-0.522636,0.660577,0.378958,0.65,0.0358194,0,37,0.26525,0.137132,-0.171724
2.552,0.706216,-1.0842,1.12951,-0.783532,0.522675,-0.522654,0.66038,0.37823,0.65,0.0364252,0,37,0.265871,0.137029,-0.173599
2.554,0.706621,-1.08392,1.12864,-0.783546,0.522693,-0.522672,0.660184,0.377502,0.65,0.0370341,0,37,0.266496,0.136924,-0.175463
2.556,0.707024,-1.08364,1.12776,-0.78356,0.52271,-0.522689,0.65999,0.376774,0.65,0.0376461,0,37,0.267124,0.136815,-0.177313
2.558,0.707427,-1.08337,1.12689,-0.783574,0.522727,-0.522706,0.659798,0.376044,0.65,0.0382612,0,37,0.267755,0.136706,-0.179152
2.56,0.707828,-1.08309,1.12601,-0.783588,0.522743,-0.522723,0.659608,0.375315,0.65,0.0388797,0,37,0.26839,0.136595,-0.180979
2.562,0.708228,-1.08281,1.12514,-0.783601,0.522759,-0.522739,0.659419,0.374585,0.65,0.0395012,0,37,0.269029,0.136481,-0.182793
2.564,0.708626,-1.08254,1.12426,-0.783615,0.522775,-0.522756,0.659233,0.373854,0.65,0.0401258,0,37,0.269671,0.136366,-0.184595
2.566,0.709023,-1.08226,1.12339,-0.783628,0.52279,-0.522771,0.659048,0.373123,0.65,0.0407535,0,37,0.270316,0.136249,-0.186385
2.568,0.709419,-1.08199,1.12252,-0.783641,0.522805,-0.522787,0.658865,0.372392,0.65,0.0413843,0,37,0.270965,0.136131,-0.188163
2.57,0.709814,-1.08172,1.12164,-0.783654,0.52282,-0.522802,0.658684,0.37166,0.65,0.0420181,0,37,0.271617,0.13601,-0.189929
2.572,0.710207,-1.08145,1.12077,-0.783666,0.522835,-0.522817,0.658505,0.370927,0.65,0.0426549,0,37,0.272272,0.135888,-0.191683
2.574,0.710599,-1.08118,1.1199,-0.783679,0.522849,-0.522832,0.658328,0.370195,0.65,0.0432268,0,35,0.284665,0.0570817,-0.000112025
2.576,0.71099,-1.08091,1.11902,-0.783691,0.522863,-0.522846,0.658152,0.369461,0.65,0.043395,0,35,0.284783,0.0574109,-0.00236101
2.578,0.71138,-1.08064,1.11815,-0.783703,0.522877,-0.52286,0.657979,0.368728,0.65,0.0435679,0,35,0.284907,0.0577367,-0.00460771
2.58,0.711768,-1.08037,1.11728,-0.783715,0.522891,-0.522874,0.657807,0.367994,0.65,0.0437454,0,35,0.285037,0.0580591,-0.00685197
2.582,0.712156,-1.0801,1.11641,-0.783727,0.522904,-0.522888,0.657637,0.367259,0.65,0.0439276,0,35,0.285171,0.0583781,-0.00909367
2.584,0.712542,-1.07984,1.11553,-0.783739,0.522917,-0.522901,0.657469,0.366524,0.65,0.0441143,0,35,0.28531,0.0586937,-0.0113327
2.586,0.712926,-1.07957,1.11466,-0.783751,0.52293,-0.522914,0.657302,0.365789,0.65,0.0443056,0,35,0.285455,0.0590059,-0.0135689
2.588,0.71331,-1.07931,1.11379,-0.783763,0.522943,-0.522927,0.657138,0.365053,0.65,0.0445015,0,35,0.285604,0.0593147,-0.0158021
2.59,0.713692,-1.07904,1.11292,-0.783774,0.522955,-0.52294,0.656975,0.364316,0.65,0.044702,0,35,0.285759,0.0596202,-0.0180323
2.592,0.714073,-1.07878,1.11205,-0.783786,0.522967,-0.522952,0.656815,0.36358,0.65,0.0449071,0,35,0.285919,0.0599224,-0.0202593
2.594,0.714453,-1.07852,1.11118,-0.783797,0.522979,-0.522964,0.656656,0.362843,0.65,0.0451167,0,35,0.286083,0.0602213,-0.0224829
2.596,0.714832,-1.07826,1.1103,-0.783808,0.522991,-0.522976,0.656499,0.362105,0.65,0.0453308,0,35,0.286253,0.060517,-0.0247032
2.598,0.71521,-1.07799,1.10943,-0.78382,0.523002,-0.522988,0.656344,0.361367,0.65,0.0455495,0,35,0.286428,0.0608093,-0.0269198
2.6,0.715586,-1.07773,1.10856,-0.783831,0.523013,-0.523,0.65619,0.360629,0.65,0.0457728,0,35,0.286608,0.0610985,-0.0291327
2.602,0.715962,-1.07748,1.10769,-0.783842,0.523024,-0.523011,0.656039,0.359891,0.65,0.0460011,0,35,0.286793,0.0613882,-0.0313419
2.604,0.716336,-1.07722,1.10682,-0.783853,0.523035,-0.523022,0.655889,0.359152,0.65,0.0462503,0,35,0.286983,0.0617833,-0.0335468
2.606,0.716709,-1.07696,1.10595,-0.783864,0.523046,-0.523033,0.655742,0.358412,0.65,0.0465054,0,35,0.287178,0.0621829,-0.0357472
2.608,0.717081,-1.07671,1.10508,-0.783874,0.523056,-0.523043,0.655596,0.357672,0.65,0.0467651,0,35,0.287378,0.0625787,-0.037943
2.61,0.717452,-1.07646,1.10421,-0.783885,0.523066,-0.523054,0.655452,0.356932,0.65,0.0470292,0,35,0.287584,0.0629696,-0.0401339
2.612,0.717822,-1.0762,1.10334,-0.783896,0.523076,-0.523064,0.65531,0.356192,0.65,0.0472978,0,35,0.287794,0.0633554,-0.0423198
2.614,0.71819,-1.07596,1.10248,-0.783906,0.523086,-0.523074,0.655169,0.355451,0.65,0.0475707,0,35,0.28801,0.0637362,-0.0445008
2.616,0.718558,-1.07571,1.10161,-0.783916,0.523096,-0.523084,0.655031,0.35471,0.65,0.047848,0,35,0.288231,0.064112,-0.0466766
2.618,0.718924,-1.07546,1.10074,-0.783927,0.523105,-0.523094,0.654894,0.353968,0.65,0.0481296,0,35,0.288457,0.0644829,-0.0488472
2.62,0.719289,-1.07522,1.09987,-0.783937,0.523114,-0.523103,0.65476,0.353227,0.65,0.0484156,0,35,0.288688,0.0648489,-0.0510124
2.622,0.719653,-1.07497,1.099,-0.783947,0.523124,-0.523112,0.654627,0.352484,0.65,0.0487059,0,35,0.288924,0.06521,-0.0531722
2.624,0.720017,-1.07473,1.09813,-0.783957,0.523132,-0.523122,0.654496,0.351742,0.65,0.0490005,0,35,0.289166,0.0655663,-0.0553265
2.626,0.720379,-1.07449,1.09726,-0.783967,0.523141,-0.523131,0.654367,0.350999,0.65,0.0492994,0,35,0.289412,0.065918,-0.0574751
2.628,0.72074,-1.07425,1.0964,-0.783977,0.52315,-0.523139,0.654239,0.350256,0.65,0.0496026,0,35,0.289663,0.066265,-0.059618
2.63,0.7211,-1.07401,1.09553,-0.783987,0.523158,-0.523148,0.654114,0.349512,0.65,0.04991,0,35,0.289919,0.0666072,-0.061755
2.632,0.721459,-1.07378,1.09466,-0.783996,0.523167,-0.523156,0.65399,0.348769,0.65,0.0502219,0,35,0.29018,0.0669462,-0.0638861
2.634,0.721817,-1.07354,1.0938,-0.784006,0.523175,-0.523165,0.653869,0.348024,0.65,0.0505381,0,35,0.290446,0.0672808,-0.0660112
2.636,0.722174,-1.07331,1.09293,-0.784016,0.523183,-0.523173,0.653749,0.34728,0.65,0.0508585,0,35,0.290717,0.0676106,-0.0681302
2.638,0.72253,-1.07308,1.09206,-0.784025,0.52319,-0.523181,0.653631,0.346535,0.65,0.051183,0,35,0.290993,0.0679356,-0.0702429
2.64,0.722885,-1.07285,1.0912,-0.784035,0.523198,-0.523189,0.653515,0.34579,0.65,0.0515117,0,35,0.291273,0.0682562,-0.0723493
2.642,0.723239,-1.07262,1.09033,-0.784044,0.523206,-0.523196,0.653401,0.345045,0.65,0.0518447,0,35,0.291559,0.0685724,-0.0744494
2.644,0.723592,-1.07239,1.08946,-0.784053,0.523213,-0.523204,0.653289,0.344299,0.65,0.0521817,0,35,0.291849,0.0688843,-0.0765429
2.646,0.723944,-1.07217,1.0886,-0.784062,0.52322,-0.523211,0.653178,0.343554,0.65,0.0525225,0,35,0.292144,0.0691885,-0.07863
2.648,0.724295,-1.07194,1.08773,-0.78407,0.523227,-0.523219,0.65307,0.342807,0.65,0.0528669,0,35,0.292444,0.0694855,-0.0807104
2.65,0.724645,-1.07172,1.08687,-0.784077,0.523234,-0.523226,0.652963,0.342061,0.65,0.0532155,0,35,0.292749,0.0697788,-0.0827841
2.652,0.724994,-1.07149,1.086,-0.784084,0.523241,-0.523233,0.652858,0.341314,0.65,0.0535691,0,35,0.293058,0.070074,-0.084851
2.654,0.725342,-1.07127,1.08514,-0.784091,0.523248,-0.52324,0.652756,0.340567,0.65,0.053927,0,35,0.293372,0.0703663,-0.086911
2.656,0.72569,-1.07105,1.08427,-0.784099,0.523255,-0.523246,0.652655,0.33982,0.65,0.054289,0,35,0.293691,0.0706547,-0.0889641
2.658,0.726036,-1.07084,1.08341,-0.784106,0.523261,-0.523253,0.652555,0.339073,0.65,0.0546551,0,35,0.294014,0.0709391,-0.0910101
2.66,0.726382,-1.07062,1.08254,-0.784113,0.523267,-0.52326,0.652458,0.338325,0.65,0.0550128,0,35,0.294342,0.0711371,-0.0930492
2.662,0.726727,-1.0704,1.08168,-0.78412,0.523274,-0.523266,0.652363,0.337577,0.65,0.0553857,0,35,0.294675,0.0714064,-0.0950814
2.664,0.727071,-1.07019,1.08081,-0.784128,0.52328,-0.523272,0.652269,0.336829,0.65,0.0557637,0,35,0.295012,0.071679,-0.0971063
2.666,0.727413,-1.06997,1.07995,-0.784135,0.523286,-0.523278,0.652178,0.336081,0.65,0.0561458,0,35,0.295353,0.0719484,-0.0991238
2.668,0.727756,-1.06976,1.07909,-0.784143,0.523292,-0.523284,0.652088,0.335332,0.65,0.0565319,0,35,0.2957,0.0722141,-0.101134
2.67,0.728097,-1.06955,1.07822,-0.78415,0.523297,-0.52329,0.652,0.334583,0.65,0.0569219,0,35,0.296051,0.072476,-0.103137
2.672,0.728437,-1.06934,1.07736,-0.784158,0.523303,-0.523296,0.651914,0.333834,0.65,0.0573159,0,35,0.296406,0.0727341,-0.105132
2.674,0.728777,-1.06913,1.0765,-0.784165,0.523309,-0.523302,0.65183,0.333085,0.65,0.0577139,0,35,0.296766,0.0729884,-0.10712
2.676,0.729115,-1.06892,1.07563,-0.784173,0.523314,-0.523307,0.651748,0.332335,0.65,0.0581157,0,35,0.29713,0.073239,-0.1091
2.678,0.729453,-1.06871,1.07477,-0.78418,0.523319,-0.523313,0.651667,0.331586,0.65,0.0585215,0,35,0.297499,0.0734859,-0.111072
2.68,0.72979,-1.06851,1.07391,-0.784188,0.523325,-0.523318,0.651589,0.330836,0.65,0.0589311,0,35,0.297872,0.0737292,-0.113036
2.682,0.730126,-1.0683,1.07305,-0.784195,0.52333,-0.523324,0.651512,0.330086,0.65,0.0593446,0,35,0.298249,0.073969,-0.114993
2.684,0.730462,-1.0681,1.07218,-0.784203,0.523335,-0.523329,0.651438,0.329335,0.65,0.0597619,0,35,0.298631,0.0742051,-0.116942
2.686,0.730797,-1.0679,1.07132,-0.784211,0.52334,-0.523334,0.651365,0.328585,0.65,0.0601831,0,35,0.299017,0.0744377,-0.118883
2.688,0.73113,-1.06769,1.07046,-0.784219,0.523345,-0.523339,0.651294,0.327834,0.65,0.0606081,0,35,0.299408,0.0746669,-0.120816
2.69,0.731463,-1.06749,1.0696,-0.784226,0.523349,-0.523344,0.651225,0.327084,0.65,0.0610368,0,35,0.299803,0.0748926,-0.122741
2.692,0.731796,-1.06729,1.06874,-0.784234,0.523354,-0.523348,0.651158,0.326333,0.65,0.0614694,0,35,0.300202,0.0751149,-0.124657
2.694,0.732127,-1.0671,1.06788,-0.784242,0.523359,-0.523353,0.651093,0.325581,0.65,0.0619057,0,35,0.300606,0.0753338,-0.126566
2.696,0.732458,-1.0669,1.06702,-0.78425,0.523363,-0.523358,0.651029,0.32483,0.65,0.062341,0,35,0.301013,0.0755184,-0.128467
2.698,0.732787,-1.0667,1.06615,-0.784258,0.523368,-0.523362,0.650968,0.324079,0.65,0.0627771,0,35,0.301425,0.0756803,-0.130359
2.7,0.733116,-1.06651,1.06529,-0.784266,0.523372,-0.523367,0.650908,0.323327,0.65,0.0632166,0,35,0.301841,0.0758375,-0.132243
2.702,0.733444,-1.06632,1.06443,-0.784274,0.523376,-0.523371,0.650851,0.322575,0.65,0.0636597,0,35,0.302261,0.0759918,-0.134119
2.704,0.73377,-1.06612,1.06357,-0.784282,0.52338,-0.523375,0.650795,0.321823,0.65,0.0641065,0,35,0.302685,0.0761435,-0.135986
2.706,0.734096,-1.06593,1.06271,-0.78429,0.523385,-0.52338,0.650741,0.321071,0.65,0.0645569,0,35,0.303113,0.0762926,-0.137845
2.708,0.734421,-1.06574,1.06185,-0.784298,0.523389,-0.523384,0.650689,0.320319,0.65,0.0650043,0,35,0.303545,0.0763953,-0.139695
2.71,0.734745,-1.06555,1.061,-0.784307,0.523393,-0.523388,0.650639,0.319567,0.65,0.0654501,0,35,0.303981,0.0764617,-0.141538
2.712,0.735068,-1.06536,1.06014,-0.784315,0.523396,-0.523392,0.650591,0.318814,0.65,0.0658997,0,35,0.30442,0.0765281,-0.143372
2.714,0.73539,-1.06517,1.05928,-0.784323,0.5234,-0.523396,0.650544,0.318062,0.65,0.0663528,0,35,0.304864,0.0765928,-0.145197
2.716,0.735711,-1.06498,1.05842,-0.784332,0.523404,-0.523399,0.6505,0.317309,0.65,0.0668096,0,35,0.305311,0.0766563,-0.147015
2.718,0.736031,-1.06479,1.05756,-0.78434,0.523408,-0.523403,0.650457,0.316556,0.65,0.0672699,0,35,0.305762,0.0767187,-0.148824
2.72,0.73635,-1.06461,1.0567,-0.784349,0.523411,-0.523407,0.650417,0.315803,0.65,0.0677337,0,35,0.306217,0.0767799,-0.150624
2.722,0.736669,-1.06442,1.05584,-0.784358,0.523415,-0.52341,0.650378,0.31505,0.65,0.0682011,0,35,0.306675,0.07684,-0.152416
2.724,0.736986,-1.06423,1.05499,-0.784367,0.523418,-0.523414,0.650341,0.314297,0.65,0.0686721,0,35,0.307137,0.0768989,-0.1542
2.726,0.737302,-1.06405,1.05413,-0.784376,0.523422,-0.523417,0.650306,0.313544,0.65,0.0691465,0,35,0.307603,0.0769567,-0.155976
2.728,0.737618,-1.06386,1.05327,-0.784385,0.523425,-0.523421,0.650273,0.312791,0.65,0.0696244,0,35,0.308072,0.0770131,-0.157742
2.73,0.737933,-1.06368,1.05241,-0.784394,0.523428,-0.523424,0.650242,0.312038,0.65,0.0701125,0,35,0.308545,0.0771131,-0.159501
2.732,0.738247,-1.06349,1.05156,-0.784403,0.523431,-0.523427,0.650212,0.311284,0.65,0.0706247,0,35,0.309022,0.0773487,-0.16125
2.734,0.738561,-1.06331,1.0507,-0.784412,0.523435,-0.523431,0.650185,0.310531,0.65,0.0711419,0,35,0.309503,0.0775906,-0.16299
2.736,0.738874,-1.06313,1.04984,-0.784421,0.523438,-0.523434,0.650159,0.309777,0.65,0.0716627,0,35,0.309988,0.0778301,-0.164721
2.738,0.739186,-1.06296,1.04899,-0.784429,0.523441,-0.523437,0.650136,0.309024,0.65,0.0721867,0,35,0.310477,0.0780652,-0.166443
2.74,0.739497,-1.06278,1.04813,-0.784438,0.523444,-0.52344,0.650114,0.30827,0.65,0.0727139,0,35,0.31097,0.0782958,-0.168155
2.742,0.739807,-1.06261,1.04727,-0.784447,0.523447,-0.523443,0.650094,0.307516,0.65,0.0732255,0,35,0.311466,0.0783966,-0.169859
2.744,0.740116,-1.06244,1.04642,-0.784456,0.523449,-0.523446,0.650076,0.306762,0.65,0.0737356,0,35,0.311966,0.0784642,-0.171552
2.746,0.740424,-1.06226,1.04556,-0.784465,0.523452,-0.523449,0.65006,0.306009,0.65,0.0742481,0,35,0.312469,0.078525,-0.173237
2.748,0.740731,-1.0621,1.04471,-0.784473,0.523455,-0.523452,0.650046,0.305255,0.65,0.0747636,0,35,0.312976,0.0785817,-0.174912
2.75,0.741036,-1.06193,1.04385,-0.784482,0.523458,-0.523454,0.650034,0.304501,0.65,0.0752819,0,35,0.313487,0.0786346,-0.176577
2.752,0.741341,-1.06176,1.043,-0.784491,0.52346,-0.523457,0.650023,0.303747,0.65,0.0758031,0,35,0.314001,0.0786836,-0.178234
2.754,0.741644,-1.0616,1.04214,-0.784499,0.523463,-0.52346,0.650015,0.302993,0.65,0.0763271,0,35,0.314518,0.078729,-0.179881
2.756,0.741946,-1.06144,1.04129,-0.784508,0.523465,-0.523462,0.650008,0.302239,0.65,0.0768539,0,35,0.315038,0.0787708,-0.181518
2.758,0.742247,-1.06127,1.04044,-0.784517,0.523468,-0.523465,0.650004,0.301485,0.65,0.0773835,0,35,0.315562,0.0788091,-0.183147
2.76,0.742547,-1.06111,1.03958,-0.784525,0.52347,-0.523467,0.650001,0.300731,0.65,0.077916,0,35,0.316089,0.0788438,-0.184766
2.762,0.742846,-1.06096,1.03873,-0.784534,0.523473,-0.52347,0.65,0.299977,0.65,0.0784517,0,35,0.31662,0.0788786,-0.186375
2.764,0.743143,-1.0608,1.03787,-0.784542,0.523475,-0.523472,0.650001,0.299223,0.65,0.0789892,0,35,0.317154,0.0789038,-0.187976
2.766,0.74344,-1.06065,1.03702,-0.78455,0.523478,-0.523475,0.650004,0.298469,0.65,0.0795299,0,35,0.317691,0.0789282,-0.189567
2.768,0.743735,-1.06049,1.03617,-0.784559,0.52348,-0.523477,0.650009,0.297715,0.65,0.0800706,0,35,0.318231,0.0789314,-0.191149
2.77,0.74403,-1.06034,1.03531,-0.784567,0.523482,-0.523479,0.650015,0.296961,0.65,0.0806154,0,35,0.318774,0.0789406,-0.192721
2.772,0.744323,-1.06019,1.03446,-0.784576,0.523484,-0.523482,0.650024,0.296207,0.65,0.0811678,0,35,0.319321,0.0789796,-0.194284
2.774,0.744615,-1.06004,1.03361,-0.784584,0.523486,-0.523484,0.650034,0.295453,0.65,0.0817167,0,35,0.319871,0.0789744,-0.195838
2.776,0.744905,-1.05989,1.03276,-0.784592,0.523489,-0.523486,0.650047,0.2947,0.65,0.082228,0,35,0.320423,0.0787001,-0.197383
2.778,0.745195,-1.05974,1.03191,-0.7846,0.523491,-0.523488,0.650061,0.293946,0.65,0.0828079,0,35,0.320978,0.0788627,-0.198919
2.78,0.745483,-1.0596,1.03105,-0.784609,0.523493,-0.52349,0.650077,0.293192,0.65,0.0833665,0,35,0.321537,0.0788619,-0.200445
2.782,0.745771,-1.05946,1.0302,-0.784617,0.523495,-0.523492,0.650095,0.292438,0.65,0.0839213,0,35,0.322099,0.0788159,-0.201962
2.784,0.746057,-1.05931,1.02935,-0.784625,0.523497,-0.523494,0.650115,0.291684,0.65,0.084476,0,35,0.322663,0.07875,-0.20347
2.786,0.746341,-1.05917,1.0285,-0.784633,0.523498,-0.523496,0.650137,0.290931,0.65,0.0850342,0,35,0.323231,0.0786885,-0.204969
2.788,0.746625,-1.05903,1.02765,-0.784641,0.5235,-0.523498,0.650161,0.290177,0.65,0.085591,0,35,0.323801,0.0785986,-0.206459
2.79,0.746908,-1.05889,1.0268,-0.784649,0.523502,-0.5235,0.650186,0.289424,0.65,0.0861506,0,35,0.324374,0.0785084,-0.20794
2.792,0.747189,-1.05875,1.02595,-0.784658,0.523504,-0.523502,0.650214,0.28867,0.65,0.0867125,0,35,0.32495,0.0784157,-0.209412
2.794,0.747469,-1.05862,1.0251,-0.784666,0.523506,-0.523504,0.650243,0.287917,0.65,0.0872719,0,35,0.325529,0.0782875,-0.210875
2.796,0.747748,-1.05848,1.02425,-0.784674,0.523508,-0.523505,0.650275,0.287163,0.65,0.0878483,0,35,0.32611,0.0782551,-0.212329
2.798,0.748026,-1.05834,1.0234,-0.784682,0.523509,-0.523507,0.650308,0.28641,0.65,0.0883999,3,35,0.334317,0.0272195,-0.221915
2.8,0.748303,-1.05821,1.02255,-0.78469,0.523511,-0.523509,0.650343,0.285657,0.65,0.08895,3,35,0.334935,0.0267699,-0.223271
2.802,0.748578,-1.05808,1.0217,-0.784698,0.523513,-0.523511,0.65038,0.284904,0.65,0.089502,3,35,0.335555,0.0263158,-0.22462
2.804,0.748853,-1.05795,1.02085,-0.784706,0.523514,-0.523512,0.650419,0.284151,0.65,0.090056,3,35,0.336177,0.0258594,-0.225959
2.806,0.749127,-1.05782,1.02,-0.784714,0.523516,-0.523514,0.65046,0.283398,0.65,0.0906351,3,35,0.336806,0.0255288,-0.227291
2.808,0.7494,-1.05769,1.01915,-0.784722,0.523517,-0.523515,0.650502,0.282645,0.65,0.0911647,3,35,0.337429,0.024903,-0.228613
2.81,0.749671,-1.05756,1.01831,-0.78473,0.523519,-0.523517,0.650547,0.281893,0.65,0.0917559,3,35,0.338063,0.0246187,-0.229927
2.812,0.749942,-1.05743,1.01746,-0.784738,0.52352,-0.523519,0.650593,0.28114,0.65,0.0922964,3,35,0.338692,0.0240282,-0.231232
2.814,0.750211,-1.05731,1.01661,-0.784745,0.523522,-0.52352,0.650642,0.280388,0.65,0.0928639,3,35,0.339327,0.0235827,-0.232529
2.816,0.750479,-1.05718,1.01576,-0.784753,0.523523,-0.523522,0.650692,0.279635,0.65,0.0934295,3,35,0.339963,0.0231089,-0.233818
2.818,0.750747,-1.05706,1.01491,-0.784761,0.523525,-0.523523,0.650744,0.278883,0.65,0.0940009,3,35,0.340602,0.0226565,-0.235099
2.82,0.751013,-1.05694,1.01407,-0.784769,0.523526,-0.523524,0.650798,0.278131,0.65,0.0945756,3,35,0.341244,0.0222081,-0.236371
2.822,0.751278,-1.05682,1.01322,-0.784776,0.523528,-0.523526,0.650854,0.277379,0.65,0.095154,3,35,0.341888,0.0217716,-0.237633
2.824,0.751542,-1.0567,1.01237,-0.784784,0.523529,-0.523527,0.650912,0.276627,0.65,0.0957281,3,35,0.342534,0.0212922,-0.238889
2.826,0.751806,-1.05658,1.01153,-0.784792,0.52353,-0.523529,0.650972,0.275876,0.65,0.0963079,3,35,0.343182,0.020837,-0.240136
2.828,0.752068,-1.05646,1.01068,-0.7848,0.523531,-0.52353,0.651033,0.275124,0.65,0.0968947,3,35,0.343833,0.0204102,-0.241373
2.83,0.752329,-1.05634,1.00984,-0.784807,0.523533,-0.523531,0.651097,0.274373,0.65,0.0974847,3,35,0.344486,0.0199894,-0.242603
2.832,0.752589,-1.05623,1.00899,-0.784815,0.523534,-0.523532,0.651162,0.273622,0.65,0.0980767,3,35,0.345141,0.0195679,-0.243824
2.834,0.752848,-1.05611,1.00814,-0.784823,0.523535,-0.523534,0.651229,0.272871,0.65,0.0986754,3,35,0.3458,0.0191726,-0.245038
2.836,0.753106,-1.056,1.0073,-0.78483,0.523536,-0.523535,0.651298,0.27212,0.65,0.0992644,3,35,0.346458,0.0187097,-0.246243
2.838,0.753363,-1.05588,1.00645,-0.784838,0.523538,-0.523536,0.651369,0.271369,0.65,0.099865,3,35,0.34712,0.0183026,-0.247441
2.84,0.753619,-1.05577,1.00561,-0.784846,0.523539,-0.523537,0.651442,0.270619,0.65,0.100465,3,35,0.347783,0.0178796,-0.248631
2.842,0.753874,-1.05565,1.00476,-0.784854,0.52354,-0.523538,0.651517,0.269869,0.65,0.101067,3,35,0.348449,0.0174558,-0.249813
2.844,0.754128,-1.05554,1.00392,-0.784861,0.523541,-0.52354,0.651594,0.269119,0.65,0.101669,3,35,0.349116,0.0170176,-0.250987
2.846,0.754381,-1.05543,1.00308,-0.784869,0.523542,-0.523541,0.651672,0.268369,0.65,0.102273,3,35,0.349785,0.0165874,-0.252153
2.848,0.754633,-1.05532,1.00223,-0.784877,0.523543,-0.523542,0.651753,0.267619,0.65,0.102884,3,35,0.350457,0.0161757,-0.253311
2.85,0.754885,-1.05521,1.00139,-0.784885,0.523544,-0.523543,0.651835,0.26687,0.65,0.103498,3,35,0.351131,0.0157752,-0.254462
2.852,0.755135,-1.0551,1.00055,-0.784893,0.523545,-0.523544,0.651919,0.26612,0.65,0.104103,3,35,0.351806,0.0153121,-0.255605
2.854,0.755384,-1.05499,0.999703,-0.7849,0.523546,-0.523545,0.652005,0.265371,0.65,0.104716,3,35,0.352483,0.0148861,-0.25674
2.856,0.755632,-1.05488,0.99886,-0.784908,0.523547,-0.523546,0.652093,0.264622,0.65,0.105335,3,35,0.353163,0.0144764,-0.257868
2.858,0.75588,-1.05477,0.998018,-0.784916,0.523548,-0.523547,0.652183,0.263874,0.65,0.105945,3,35,0.353844,0.0140118,-0.258988
2.86,0.756126,-1.05466,0.997176,-0.784924,0.523549,-0.523548,0.652275,0.263125,0.65,0.106565,3,35,0.354527,0.0135874,-0.2601
2.862,0.756372,-1.05456,0.996334,-0.784932,0.52355,-0.523549,0.652368,0.262377,0.65,0.107186,3,35,0.355212,0.013159,-0.261204
2.864,0.756616,-1.05445,0.995492,-0.784939,0.523551,-0.52355,0.652464,0.261629,0.65,0.107809,3,35,0.355899,0.0127338,-0.262302
2.866,0.75686,-1.05434,0.99465,-0.784947,0.523552,-0.523551,0.652561,0.260882,0.65,0.108424,3,35,0.356586,0.0122548,-0.263393
2.868,0.757103,-1.05424,0.993809,-0.784955,0.523553,-0.523552,0.652661,0.260134,0.65,0.109064,3,35,0.357277,0.0119136,-0.264476
2.87,0.757344,-1.05413,0.992968,-0.784963,0.523554,-0.523553,0.652762,0.259387,0.65,0.109798,3,35,0.357968,0.0121937,-0.265552
2.872,0.757584,-1.05403,0.992127,-0.784972,0.523554,-0.523553,0.652865,0.25864,0.65,0.11047,3,35,0.358663,0.0120468,-0.266622
2.874,0.757822,-1.05392,0.991287,-0.78498,0.523555,-0.523554,0.65297,0.257894,0.65,0.111188,3,35,0.359357,0.0122039,-0.267684
2.876,0.758059,-1.05382,0.990447,-0.784987,0.523556,-0.523555,0.653076,0.257147,0.65,0.11187,3,35,0.360054,0.0121042,-0.26874
2.878,0.758295,-1.05372,0.989607,-0.784995,0.523557,-0.523556,0.653185,0.256401,0.65,0.11258,3,35,0.360752,0.012186,-0.269788
2.88,0.75853,-1.05362,0.988767,-0.785003,0.523558,-0.523557,0.653296,0.255655,0.65,0.113285,3,35,0.361451,0.0122271,-0.270828
2.882,0.758764,-1.05352,0.987928,-0.78501,0.523558,-0.523557,0.653408,0.25491,0.65,0.113963,3,35,0.362152,0.0120733,-0.27186
2.884,0.758996,-1.05343,0.987089,-0.785017,0.523559,-0.523558,0.653522,0.254164,0.65,0.114684,2,35,0.35806,0.0441644,-0.270085
2.886,0.759226,-1.05333,0.98625,-0.785025,0.52356,-0.523559,0.653638,0.253419,0.65,0.115295,2,35,0.35875,0.0436325,-0.271134
2.888,0.759456,-1.05324,0.985411,-0.785032,0.523561,-0.52356,0.653756,0.252675,0.65,0.115926,2,35,0.359444,0.0432083,-0.272176
2.89,0.759684,-1.05315,0.984573,-0.785039,0.523561,-0.523561,0.653876,0.25193,0.65,0.116548,2,35,0.360139,0.0427255,-0.27321
2.892,0.759911,-1.05306,0.983735,-0.785045,0.523562,-0.523561,0.653998,0.251186,0.65,0.117168,2,35,0.360836,0.0422175,-0.274236
2.894,0.760137,-1.05297,0.982897,-0.785052,0.523563,-0.523562,0.654122,0.250442,0.65,0.117805,2,35,0.361535,0.0418042,-0.275254
2.896,0.760362,-1.05289,0.982059,-0.785058,0.523563,-0.523563,0.654247,0.249699,0.65,0.118421,2,35,0.362234,0.0412483,-0.276264
2.898,0.760586,-1.0528,0.981222,-0.785065,0.523564,-0.523563,0.654374,0.248956,0.65,0.119077,2,35,0.362937,0.0409346,-0.277267
2.9,0.760808,-1.05272,0.980385,-0.785071,0.523565,-0.523564,0.654504,0.248213,0.65,0.119678,2,35,0.363638,0.0402665,-0.278263
2.902,0.761029,-1.05263,0.979548,-0.785077,0.523565,-0.523565,0.654635,0.247471,0.65,0.120323,2,35,0.364343,0.0398688,-0.27925
2.904,0.761248,-1.05255,0.978711,-0.785083,0.523566,-0.523565,0.654768,0.246728,0.65,0.120962,2,35,0.365049,0.039417,-0.28023
2.906,0.761466,-1.05247,0.977875,-0.785089,0.523567,-0.523566,0.654902,0.245987,0.65,0.121601,2,35,0.365756,0.0389645,-0.281203
2.908,0.761682,-1.05239,0.977039,-0.785095,0.523567,-0.523567,0.655039,0.245245,0.65,0.12224,2,35,0.366465,0.0384999,-0.282169
2.91,0.761897,-1.05231,0.976204,-0.785101,0.523568,-0.523567,0.655178,0.244504,0.65,0.122869,2,35,0.367174,0.0379698,-0.283128
2.912,0.762111,-1.05223,0.975368,-0.785106,0.523568,-0.523568,0.655318,0.243763,0.65,0.123524,2,35,0.367885,0.0375923,-0.284079
2.914,0.762323,-1.05215,0.974533,-0.785112,0.523569,-0.523568,0.65546,0.243023,0.65,0.124166,2,35,0.368597,0.0371247,-0.285024
2.916,0.762534,-1.05208,0.973698,-0.785117,0.52357,-0.523569,0.655605,0.242283,0.65,0.124818,2,35,0.369311,0.0367128,-0.285962
2.918,0.762744,-1.052,0.972864,-0.785122,0.52357,-0.523569,0.655751,0.241543,0.65,0.125478,2,35,0.370027,0.0363358,-0.286892
2.92,0.762952,-1.05192,0.972029,-0.785128,0.523571,-0.52357,0.655898,0.240804,0.65,0.126112,2,35,0.370743,0.0357998,-0.287815
2.922,0.763159,-1.05185,0.971195,-0.785133,0.523571,-0.523571,0.656048,0.240065,0.65,0.126767,2,35,0.37146,0.0353798,-0.288731
2.924,0.763365,-1.05178,0.970362,-0.785138,0.523572,-0.523571,0.6562,0.239326,0.65,0.127426,2,35,0.37218,0.0349746,-0.28964
2.926,0.76357,-1.05171,0.969528,-0.785143,0.523572,-0.523572,0.656353,0.238588,0.65,0.128087,2,35,0.372901,0.0345744,-0.290542
2.928,0.763774,-1.05164,0.968695,-0.785147,0.523573,-0.523572,0.656508,0.23785,0.65,0.128751,2,35,0.373623,0.0341855,-0.291436
2.93,0.763976,-1.05157,0.967862,-0.785152,0.523573,-0.523573,0.656665,0.237113,0.65,0.129406,2,35,0.374346,0.0337345,-0.292324
2.932,0.764178,-1.0515,0.967029,-0.785157,0.523574,-0.523573,0.656824,0.236376,0.65,0.130069,2,35,0.375071,0.0333205,-0.293205
2.934,0.764378,-1.05144,0.966197,-0.785161,0.523574,-0.523574,0.656985,0.235639,0.65,0.130745,2,35,0.375798,0.0329827,-0.294079
2.936,0.764577,-1.05137,0.965365,-0.785166,0.523575,-0.523574,0.657148,0.234903,0.65,0.131399,2,35,0.376524,0.0325001,-0.294947
2.938,0.764774,-1.05131,0.964533,-0.78517,0.523575,-0.523575,0.657312,0.234167,0.65,0.132066,2,35,0.377253,0.0320877,-0.295807
2.94,0.764971,-1.05124,0.963702,-0.785174,0.523576,-0.523575,0.657479,0.233431,0.65,0.132735,2,35,0.377982,0.0316807,-0.296661
2.942,0.765167,-1.05118,0.96287,-0.785179,0.523576,-0.523575,0.657647,0.232696,0.65,0.133404,2,35,0.378713,0.0312698,-0.297508
2.944,0.765361,-1.05112,0.96204,-0.785183,0.523576,-0.523576,0.657817,0.231962,0.65,0.134076,2,35,0.379446,0.0308674,-0.298349
2.946,0.765555,-1.05106,0.961209,-0.785187,0.523577,-0.523576,0.657989,0.231228,0.65,0.134738,2,35,0.380178,0.0303973,-0.299184
2.948,0.765747,-1.051,0.960379,-0.785191,0.523577,-0.523577,0.658163,0.230494,0.65,0.135411,2,35,0.380913,0.0299895,-0.300012
2.95,0.765938,-1.05094,0.959549,-0.785195,0.523578,-0.523577,0.658338,0.229761,0.65,0.136087,2,35,0.381649,0.0295873,-0.300833
2.952,0.766129,-1.05088,0.958719,-0.785198,0.523578,-0.523578,0.658516,0.229028,0.65,0.136767,2,35,0.382386,0.0292043,-0.301647
2.954,0.766318,-1.05083,0.957889,-0.785202,0.523578,-0.523578,0.658695,0.228296,0.65,0.137448,2,35,0.383124,0.028823,-0.302455
2.956,0.766506,-1.05077,0.95706,-0.785206,0.523579,-0.523578,0.658876,0.227564,0.65,0.13815,2,35,0.383865,0.028562,-0.303255
2.958,0.766694,-1.05072,0.956231,-0.78521,0.523579,-0.523579,0.659059,0.226832,0.65,0.138869,2,35,0.384609,0.0283986,-0.304047
2.96,0.766881,-1.05067,0.955403,-0.785213,0.52358,-0.523579,0.659244,0.226101,0.65,0.139532,2,33,0.3869,0.0175509,-0.200179
2.962,0.767066,-1.05062,0.954574,-0.785217,0.52358,-0.523579,0.659431,0.225371,0.65,0.139977,2,33,0.387385,0.0172798,-0.201533
2.964,0.767251,-1.05056,0.953746,-0.78522,0.52358,-0.52358,0.659619,0.224641,0.65,0.140425,2,33,0.387873,0.0170153,-0.202881
2.966,0.767434,-1.05051,0.952919,-0.785223,0.523581,-0.52358,0.65981,0.223911,0.65,0.140875,2,33,0.388363,0.0167475,-0.204222
2.968,0.767616,-1.05046,0.952091,-0.785227,0.523581,-0.523581,0.660002,0.223182,0.65,0.141328,2,33,0.388856,0.0164826,-0.205557
2.97,0.767798,-1.05041,0.951264,-0.78523,0.523581,-0.523581,0.660196,0.222454,0.65,0.141783,2,33,0.389351,0.0162122,-0.206885
2.972,0.767978,-1.05037,0.950437,-0.785233,0.523582,-0.523581,0.660391,0.221725,0.65,0.142241,2,33,0.389848,0.0159475,-0.208207
2.974,0.768157,-1.05032,0.949611,-0.785236,0.523582,-0.523582,0.660589,0.220998,0.65,0.142701,2,33,0.390349,0.0156808,-0.209523
2.976,0.768335,-1.05027,0.948785,-0.785239,0.523582,-0.523582,0.660789,0.220271,0.65,0.143164,2,33,0.390851,0.0154159,-0.210832
2.978,0.768512,-1.05022,0.947959,-0.785242,0.523583,-0.523582,0.66099,0.219544,0.65,0.143629,2,33,0.391356,0.0151512,-0.212136
2.98,0.768688,-1.05018,0.947133,-0.785245,0.523583,-0.523582,0.661193,0.218818,0.65,0.144097,2,33,0.391864,0.0148868,-0.213432
2.982,0.768864,-1.05013,0.946308,-0.785248,0.523583,-0.523583,0.661398,0.218092,0.65,0.144567,2,33,0.392374,0.0146239,-0.214722
2.984,0.769038,-1.05008,0.945482,-0.785251,0.523583,-0.523583,0.661605,0.217367,0.65,0.14504,2,33,0.392886,0.0143584,-0.216006
2.986,0.769211,-1.05004,0.944658,-0.785254,0.523584,-0.523583,0.661813,0.216643,0.65,0.145515,2,33,0.393401,0.014095,-0.217284
2.988,0.769383,-1.04999,0.943833,-0.785256,0.523584,-0.523584,0.662024,0.215919,0.65,0.145993,2,33,0.393918,0.0138305,-0.218555
2.99,0.769554,-1.04995,0.943009,-0.785259,0.523584,-0.523584,0.662236,0.215195,0.65,0.146473,2,33,0.394437,0.0135693,-0.21982
2.992,0.769725,-1.04991,0.942185,-0.785262,0.523585,-0.523584,0.66245,0.214472,0.65,0.146956,2,33,0.394959,0.0133095,-0.221079
2.994,0.769894,-1.04986,0.941361,-0.785264,0.523585,-0.523585,0.662666,0.21375,0.65,0.147441,2,33,0.395484,0.013047,-0.222331
2.996,0.770063,-1.04982,0.940538,-0.785267,0.523585,-0.523585,0.662884,0.213028,0.65,0.147928,2,33,0.39601,0.0127844,-0.223577
2.998,0.77023,-1.04978,0.939715,-0.785269,0.523585,-0.523585,0.663103,0.212307,0.65,0.148417,2,33,0.396539,0.0125214,-0.224817
3,0.770397,-1.04974,0.938892,-0.785272,0.523586,-0.523585,0.663324,0.211586,0.65,0.148909,2,33,0.39707,0.0122585,-0.22605
3.002,0.770562,-1.0497,0.93807,-0.785274,0.523586,-0.523586,0.663547,0.210866,0.65,0.149403,2,33,0.397603,0.0119993,-0.227277
3.004,0.770727,-1.04966,0.937248,-0.785276,0.523586,-0.523586,0.663772,0.210146,0.65,0.149899,2,33,0.398139,0.011735,-0.228497
3.006,0.770891,-1.04962,0.936426,-0.785279,0.523586,-0.523586,0.663999,0.209427,0.65,0.150398,2,33,0.398677,0.0114737,-0.229712
3.008,0.771054,-1.04958,0.935604,-0.785281,0.523587,-0.523586,0.664228,0.208708,0.65,0.150899,2,33,0.399217,0.0112102,-0.23092
3.01,0.771216,-1.04954,0.934783,-0.785283,0.523587,-0.523587,0.664458,0.20799,0.65,0.151402,2,33,0.399759,0.0109478,-0.232122
3.012,0.771377,-1.0495,0.933962,-0.785285,0.523587,-0.523587,0.66469,0.207273,0.65,0.151906,2,33,0.400304,0.010683,-0.233317
3.014,0.771537,-1.04946,0.933141,-0.785287,0.523587,-0.523587,0.664924,0.206556,0.65,0.152414,2,33,0.400851,0.0104203,-0.234506
3.016,0.771697,-1.04942,0.932321,-0.785289,0.523587,-0.523587,0.66516,0.20584,0.65,0.152923,2,33,0.4014,0.0101562,-0.235689
3.018,0.771855,-1.04938,0.931501,-0.785291,0.523588,-0.523587,0.665397,0.205125,0.65,0.153435,2,33,0.401951,0.0098943,-0.236866
3.02,0.772013,-1.04935,0.930681,-0.785293,0.523588,-0.523588,0.665637,0.20441,0.65,0.153949,2,33,0.402504,0.00963329,-0.238037
3.022,0.77217,-1.04931,0.929862,-0.785295,0.523588,-0.523588,0.665878,0.203695,0.65,0.154466,2,33,0.40306,0.00937211,-0.239201
3.024,0.772326,-1.04927,0.929042,-0.785297,0.523588,-0.523588,0.666121,0.202981,0.65,0.154984,2,33,0.403617,0.00911081,-0.240359
3.026,0.772481,-1.04924,0.928223,-0.785299,0.523588,-0.523588,0.666366,0.202268,0.65,0.155505,2,33,0.404177,0.00885059,-0.24151
3.028,0.772635,-1.0492,0.927405,-0.785301,0.523589,-0.523588,0.666612,0.201556,0.65,0.156027,2,33,0.404739,0.00858861,-0.242656
3.03,0.772789,-1.04917,0.926586,-0.785303,0.523589,-0.523589,0.66686,0.200844,0.65,0.156551,2,33,0.405303,0.00831968,-0.243795
3.032,0.772941,-1.04913,0.925768,-0.785305,0.523589,-0.523589,0.66711,0.200133,0.65,0.157077,2,33,0.405869,0.00805094,-0.244929
3.034,0.773093,-1.0491,0.924951,-0.785306,0.523589,-0.523589,0.667362,0.199422,0.65,0.157605,2,33,0.406437,0.00778313,-0.246056
3.036,0.773244,-1.04907,0.924133,-0.785308,0.523589,-0.523589,0.667616,0.198712,0.65,0.158135,2,33,0.407007,0.00751593,-0.247176
3.038,0.773394,-1.04903,0.923316,-0.78531,0.52359,-0.523589,0.667871,0.198002,0.65,0.158692,2,33,0.407579,0.00741665,-0.248291
3.04,0.773542,-1.049,0.922499,-0.785312,0.52359,-0.52359,0.668129,0.197294,0.65,0.159271,2,33,0.408153,0.00744757,-0.2494
3.042,0.773689,-1.04897,0.921683,-0.785313,0.52359,-0.52359,0.668388,0.196586,0.65,0.159853,2,33,0.408729,0.0074902,-0.250502
3.044,0.773835,-1.04893,0.920866,-0.785315,0.52359,-0.52359,0.668649,0.195878,0.65,0.160436,2,33,0.409307,0.00753189,-0.251598
3.046,0.773979,-1.0489,0.92005,-0.785316,0.52359,-0.52359,0.668911,0.195171,0.65,0.161021,2,33,0.409886,0.00757074,-0.252688
3.048,0.774122,-1.04887,0.919235,-0.785318,0.52359,-0.52359,0.669175,0.194465,0.65,0.161607,2,33,0.410467,0.00760345,-0.253773
3.05,0.774263,-1.04883,0.918419,-0.785319,0.523591,-0.52359,0.669442,0.19376,0.65,0.162194,2,33,0.411049,0.0076363,-0.254851
3.052,0.774403,-1.0488,0.917604,-0.785321,0.523591,-0.523591,0.669709,0.193055,0.65,0.162783,2,33,0.411633,0.007668,-0.255923
3.054,0.774542,-1.04877,0.916789,-0.785322,0.523591,-0.523591,0.669979,0.192351,0.65,0.163374,2,33,0.412219,0.00769972,-0.256989
3.056,0.77468,-1.04874,0.915975,-0.785324,0.523591,-0.523591,0.670251,0.191648,0.65,0.163966,2,33,0.412806,0.00773124,-0.258049
3.058,0.774816,-1.0487,0.915161,-0.785325,0.523591,-0.523591,0.670524,0.190945,0.65,0.164559,2,33,0.413395,0.00775976,-0.259103
3.06,0.774952,-1.04867,0.914347,-0.785326,0.523591,-0.523591,0.670799,0.190243,0.65,0.165154,2,33,0.413986,0.00778572,-0.260151
3.062,0.775085,-1.04864,0.913533,-0.785328,0.523591,-0.523591,0.671075,0.189541,0.65,0.16575,2,33,0.414578,0.00781155,-0.261193
3.064,0.775218,-1.04861,0.91272,-0.785329,0.523592,-0.523591,0.671354,0.188841,0.65,0.166348,2,33,0.415172,0.00783713,-0.26223
3.066,0.77535,-1.04857,0.911907,-0.78533,0.523592,-0.523592,0.671634,0.188141,0.65,0.166947,2,33,0.415768,0.00786272,-0.26326
3.068,0.77548,-1.04854,0.911094,-0.785332,0.523592,-0.523592,0.671916,0.187441,0.65,0.167546,2,33,0.416365,0.00787774,-0.264284
3.07,0.775609,-1.04851,0.910282,-0.785333,0.523592,-0.523592,0.6722,0.186743,0.65,0.168139,1,33,0.414724,0.0227676,-0.263966
3.072,0.775736,-1.04848,0.90947,-0.785334,0.523592,-0.523592,0.672486,0.186045,0.65,0.168693,1,33,0.415317,0.0225071,-0.264991
3.074,0.775863,-1.04845,0.908658,-0.785335,0.523592,-0.523592,0.672773,0.185348,0.65,0.16925,1,33,0.415913,0.0222486,-0.26601
3.076,0.775988,-1.04842,0.907846,-0.785337,0.523592,-0.523592,0.673062,0.184652,0.65,0.169808,1,33,0.41651,0.0219919,-0.267022
3.078,0.776112,-1.0484,0.907035,-0.785338,0.523592,-0.523592,0.673353,0.183956,0.65,0.170369,1,33,0.417108,0.021737,-0.268028
3.08,0.776235,-1.04837,0.906224,-0.785339,0.523593,-0.523592,0.673645,0.183261,0.65,0.170931,1,33,0.417709,0.021484,-0.269028
3.082,0.776356,-1.04834,0.905414,-0.78534,0.523593,-0.523593,0.673939,0.182567,0.65,0.171496,1,33,0.418311,0.0212328,-0.270022
3.084,0.776477,-1.04832,0.904603,-0.785341,0.523593,-0.523593,0.674235,0.181873,0.65,0.172062,1,33,0.418915,0.0209834,-0.27101
3.086,0.776596,-1.04829,0.903793,-0.785342,0.523593,-0.523593,0.674533,0.181181,0.65,0.172631,1,33,0.41952,0.0207358,-0.271992
3.088,0.776714,-1.04827,0.902984,-0.785343,0.523593,-0.523593,0.674833,0.180489,0.65,0.173201,1,33,0.420127,0.02049,-0.272968
3.09,0.776831,-1.04825,0.902174,-0.785344,0.523593,-0.523593,0.675134,0.179798,0.65,0.173773,1,33,0.420736,0.020246,-0.273937
3.092,0.776947,-1.04822,0.901365,-0.785345,0.523593,-0.523593,0.675437,0.179107,0.65,0.174347,1,33,0.421347,0.0200037,-0.274901
3.094,0.777062,-1.0482,0.900556,-0.785346,0.523593,-0.523593,0.675742,0.178417,0.65,0.174924,1,33,0.421959,0.0197631,-0.275859
3.096,0.777175,-1.04818,0.899748,-0.785347,0.523593,-0.523593,0.676048,0.177729,0.65,0.175502,1,33,0.422573,0.0195243,-0.27681
3.098,0.777288,-1.04816,0.898939,-0.785348,0.523594,-0.523593,0.676356,0.17704,0.65,0.176081,1,33,0.423188,0.0192872,-0.277756
3.1,0.7774,-1.04814,0.898132,-0.785349,0.523594,-0.523594,0.676666,0.176353,0.65,0.176663,1,33,0.423805,0.0190518,-0.278696
3.102,0.77751,-1.04812,0.897324,-0.78535,0.523594,-0.523594,0.676978,0.175667,0.65,0.177247,1,33,0.424424,0.0188181,-0.27963
3.104,0.777619,-1.0481,0.896517,-0.785351,0.523594,-0.523594,0.677291,0.174981,0.65,0.177832,1,33,0.425044,0.0185861,-0.280557
3.106,0.777728,-1.04808,0.89571,-0.785352,0.523594,-0.523594,0.677606,0.174296,0.65,0.178419,1,33,0.425666,0.0183557,-0.28148
3.108,0.777835,-1.04806,0.894903,-0.785353,0.523594,-0.523594,0.677923,0.173612,0.65,0.179009,1,33,0.426289,0.0181269,-0.282396
3.11,0.777942,-1.04804,0.894096,-0.785354,0.523594,-0.523594,0.678241,0.172928,0.65,0.179599,1,33,0.426914,0.0178987,-0.283306
3.112,0.778047,-1.04803,0.89329,-0.785354,0.523594,-0.523594,0.678562,0.172246,0.65,0.180192,1,33,0.427541,0.0176722,-0.284211
3.114,0.778151,-1.04801,0.892485,-0.785355,0.523594,-0.523594,0.678884,0.171564,0.65,0.180786,1,33,0.428169,0.0174473,-0.28511
3.116,0.778255,-1.04799,0.891679,-0.785356,0.523594,-0.523594,0.679207,0.170883,0.65,0.181382,1,33,0.428798,0.0172241,-0.286003
3.118,0.778357,-1.04798,0.890874,-0.785357,0.523594,-0.523594,0.679533,0.170203,0.65,0.18198,1,33,0.429429,0.0170025,-0.28689
3.12,0.778459,-1.04796,0.890069,-0.785358,0.523595,-0.523594,0.67986,0.169523,0.65,0.182579,1,33,0.430062,0.0167824,-0.287772
3.122,0.778559,-1.04795,0.889264,-0.785358,0.523595,-0.523595,0.680188,0.168845,0.65,0.183181,1,33,0.430696,0.016564,-0.288648
3.124,0.778659,-1.04793,0.88846,-0.785359,0.523595,-0.523595,0.680519,0.168167,0.65,0.183784,1,33,0.431332,0.0163471,-0.289518
3.126,0.778758,-1.04792,0.887656,-0.78536,0.523595,-0.523595,0.680851,0.16749,0.65,0.184388,1,33,0.431968,0.0161319,-0.290382
3.128,0.778855,-1.04791,0.886853,-0.785361,0.523595,-0.523595,0.681185,0.166814,0.65,0.184995,1,33,0.432607,0.0159181,-0.291241
3.13,0.778952,-1.04789,0.886049,-0.785361,0.523595,-0.523595,0.681521,0.166139,0.65,0.185603,1,33,0.433247,0.0157058,-0.292095
3.132,0.779048,-1.04788,0.885246,-0.785362,0.523595,-0.523595,0.681858,0.165465,0.65,0.186212,1,33,0.433888,0.0154952,-0.292942
3.134,0.779143,-1.04787,0.884443,-0.785363,0.523595,-0.523595,0.682197,0.164791,0.65,0.186824,1,33,0.434531,0.0152861,-0.293785
3.136,0.779238,-1.04786,0.883641,-0.785363,0.523595,-0.523595,0.682537,0.164118,0.65,0.187437,1,33,0.435175,0.0150784,-0.294621
3.138,0.779331,-1.04784,0.882839,-0.785364,0.523595,-0.523595,0.68288,0.163447,0.65,0.188051,1,33,0.435821,0.0148722,-0.295452
3.14,0.779424,-1.04783,0.882037,-0.785365,0.523595,-0.523595,0.683224,0.162776,0.65,0.188668,1,33,0.436468,0.0146675,-0.296278
3.142,0.779515,-1.04782,0.881235,-0.785365,0.523595,-0.523595,0.68357,0.162106,0.65,0.189286,1,33,0.437116,0.0144643,-0.297098
3.144,0.779606,-1.04781,0.880434,-0.785366,0.523595,-0.523595,0.683917,0.161437,0.65,0.189905,1,33,0.437766,0.0142625,-0.297912
3.146,0.779696,-1.0478,0.879633,-0.785366,0.523595,-0.523595,0.684266,0.160768,0.65,0.190526,1,33,0.438417,0.0140621,-0.298721
3.148,0.779786,-1.04779,0.878833,-0.785367,0.523596,-0.523595,0.684617,0.160101,0.65,0.191149,1,33,0.439069,0.0138632,-0.299525
3.15,0.779874,-1.04778,0.878032,-0.785368,0.523596,-0.523596,0.684969,0.159434,0.65,0.191773,1,33,0.439723,0.0136657,-0.300323
3.152,0.779962,-1.04777,0.877233,-0.785368,0.523596,-0.523596,0.685323,0.158769,0.65,0.192399,1,33,0.440378,0.0134696,-0.301116
3.154,0.780048,-1.04777,0.876433,-0.785369,0.523596,-0.523596,0.685679,0.158104,0.65,0.193026,1,33,0.441035,0.0132749,-0.301904
3.156,0.780135,-1.04776,0.875633,-0.785369,0.523596,-0.523596,0.686037,0.15744,0.65,0.193655,1,33,0.441692,0.0130816,-0.302686
3.158,0.78022,-1.04775,0.874834,-0.78537,0.523596,-0.523596,0.686396,0.156777,0.65,0.194285,1,33,0.442352,0.0128897,-0.303463
3.16,0.780304,-1.04774,0.874036,-0.78537,0.523596,-0.523596,0.686757,0.156115,0.65,0.194917,1,33,0.443012,0.0126987,-0.304234
3.162,0.780388,-1.04773,0.873237,-0.785371,0.523596,-0.523596,0.687119,0.155454,0.65,0.19555,1,33,0.443674,0.0125079,-0.305
3.164,0.780471,-1.04773,0.872439,-0.785371,0.523596,-0.523596,0.687483,0.154794,0.65,0.196184,1,33,0.444337,0.0123184,-0.305761
3.166,0.780553,-1.04772,0.871641,-0.785372,0.523596,-0.523596,0.687849,0.154134,0.65,0.19682,1,33,0.445001,0.0121304,-0.306517
3.168,0.780635,-1.04771,0.870844,-0.785372,0.523596,-0.523596,0.688216,0.153476,0.65,0.197458,1,33,0.445666,0.0119436,-0.307267
3.17,0.780716,-1.04771,0.870047,-0.785373,0.523596,-0.523596,0.688585,0.152818,0.65,0.198097,1,33,0.446333,0.0117581,-0.308013
3.172,0.780796,-1.0477,0.86925,-0.785373,0.523596,-0.523596,0.688956,0.152162,0.65,0.198737,1,33,0.447001,0.011574,-0.308753
3.174,0.780875,-1.04769,0.868453,-0.785374,0.523596,-0.523596,0.689329,0.151506,0.65,0.199379,1,33,0.44767,0.0113912,-0.309487
3.176,0.780954,-1.04769,0.867657,-0.785374,0.523596,-0.523596,0.689703,0.150852,0.65,0.200022,1,33,0.448341,0.0112096,-0.310217
3.178,0.781032,-1.04768,0.866861,-0.785375,0.523596,-0.523596,0.690078,0.150198,0.65,0.200667,1,33,0.449013,0.0110294,-0.310942
3.18,0.78111,-1.04768,0.866066,-0.785375,0.523596,-0.523596,0.690456,0.149545,0.65,0.201313,1,33,0.449686,0.0108504,-0.311661
3.182,0.781186,-1.04767,0.86527,-0.785376,0.523596,-0.523596,0.690834,0.148893,0.65,0.201962,1,33,0.45036,0.0106824,-0.312375
3.184,0.781262,-1.04767,0.864475,-0.785376,0.523596,-0.523596,0.691215,0.148242,0.65,0.202612,1,33,0.451035,0.010511,-0.313085
3.186,0.781338,-1.04766,0.863681,-0.785376,0.523597,-0.523596,0.691597,0.147592,0.65,0.203261,1,33,0.451712,0.0103322,-0.313789
3.188,0.781412,-1.04766,0.862886,-0.785377,0.523597,-0.523597,0.691981,0.146944,0.65,0.203912,1,33,0.452389,0.010154,-0.314488
3.19,0.781486,-1.04766,0.862092,-0.785377,0.523597,-0.523597,0.692367,0.146296,0.65,0.204565,1,33,0.453068,0.00997704,-0.315182
3.192,0.78156,-1.04765,0.861299,-0.785378,0.523597,-0.523597,0.692754,0.145649,0.65,0.205218,1,33,0.453748,0.00980134,-0.315871
3.194,0.781632,-1.04765,0.860505,-0.785378,0.523597,-0.523597,0.693143,0.145002,0.65,0.205873,1,33,0.454429,0.0096269,-0.316555
3.196,0.781705,-1.04764,0.859712,-0.785378,0.523597,-0.523597,0.693533,0.144357,0.65,0.20653,1,33,0.455112,0.00945369,-0.317234
3.198,0.781776,-1.04764,0.858919,-0.785379,0.523597,-0.523597,0.693925,0.143713,0.65,0.207187,1,33,0.455795,0.00928172,-0.317909
3.2,0.781847,-1.04764,0.858127,-0.785379,0.523597,-0.523597,0.694318,0.14307,0.65,0.207846,1,33,0.456479,0.00911096,-0.318578
3.202,0.781917,-1.04763,0.857335,-0.78538,0.523597,-0.523597,0.694714,0.142428,0.65,0.208506,1,33,0.457165,0.00894123,-0.319242
3.204,0.781987,-1.04763,0.856543,-0.78538,0.523597,-0.523597,0.695111,0.141787,0.65,0.209188,1,33,0.457852,0.00890912,-0.319902
3.206,0.782055,-1.04763,0.855752,-0.78538,0.523597,-0.523597,0.695509,0.141147,0.65,0.209887,1,33,0.45854,0.00898266,-0.320556
3.208,0.782122,-1.04763,0.85496,-0.785381,0.523597,-0.523597,0.695909,0.140508,0.65,0.210591,1,33,0.459229,0.00907904,-0.321206
3.21,0.782187,-1.04762,0.85417,-0.785381,0.523597,-0.523597,0.696311,0.13987,0.65,0.21129,1,33,0.459918,0.00914436,-0.321851
3.212,0.782251,-1.04762,0.853379,-0.785381,0.523597,-0.523597,0.696714,0.139233,0.65,0.211978,1,33,0.460608,0.00913435,-0.322491
3.214,0.782314,-1.04762,0.852589,-0.785382,0.523597,-0.523597,0.697119,0.138597,0.65,0.212667,1,33,0.461298,0.00912148,-0.323127
3.216,0.782374,-1.04761,0.851799,-0.785382,0.523597,-0.523597,0.697525,0.137962,0.65,0.213355,1,33,0.461989,0.0091058,-0.323757
3.218,0.782432,-1.04761,0.851009,-0.785382,0.523597,-0.523597,0.697933,0.137327,0.65,0.214043,1,33,0.46268,0.00908736,-0.324383
3.22,0.782488,-1.04761,0.85022,-0.785382,0.523597,-0.523597,0.698343,0.136694,0.65,0.214731,1,33,0.463371,0.00906622,-0.325004
3.222,0.782542,-1.0476,0.849431,-0.785383,0.523597,-0.523597,0.698754,0.136063,0.65,0.215421,1,33,0.464063,0.00905039,-0.325621
3.224,0.782596,-1.0476,0.848643,-0.785383,0.523597,-0.523597,0.699167,0.135432,0.65,0.216112,1,33,0.464756,0.00904321,-0.326232
3.226,0.782648,-1.0476,0.847854,-0.785383,0.523597,-0.523597,0.699581,0.134802,0.65,0.216805,1,33,0.465449,0.00903784,-0.326839
3.228,0.782699,-1.04759,0.847066,-0.785384,0.523597,-0.523597,0.699997,0.134173,0.65,0.217498,1,33,0.466143,0.00903296,-0.327442
3.23,0.78275,-1.04759,0.846279,-0.785384,0.523597,-0.523597,0.700415,0.133545,0.65,0.218192,1,33,0.466838,0.00902831,-0.32804
3.232,0.782799,-1.04758,0.845492,-0.785384,0.523597,-0.523597,0.700834,0.132918,0.65,0.218887,1,33,0.467534,0.00902385,-0.328633
3.234,0.782848,-1.04758,0.844705,-0.785384,0.523597,-0.523597,0.701255,0.132293,0.65,0.219561,0,33,0.46686,0.018008,-0.328958
3.236,0.782895,-1.04758,0.843918,-0.785385,0.523597,-0.523597,0.701677,0.131668,0.65,0.220226,0,33,0.467555,0.0178082,-0.329546
3.238,0.782942,-1.04757,0.843132,-0.785385,0.523597,-0.523597,0.702101,0.131044,0.65,0.220893,0,33,0.468251,0.0176119,-0.330129
3.24,0.782988,-1.04757,0.842346,-0.785385,0.523597,-0.523597,0.702526,0.130422,0.65,0.22156,0,33,0.468948,0.0174193,-0.330708
3.242,0.783033,-1.04756,0.84156,-0.785385,0.523597,-0.523597,0.702953,0.1298,0.65,0.22223,0,33,0.469645,0.0172301,-0.331282
3.244,0.783077,-1.04756,0.840775,-0.785386,0.523597,-0.523597,0.703382,0.12918,0.65,0.2229,0,33,0.470343,0.0170445,-0.331852
3.246,0.78312,-1.04755,0.839989,-0.785386,0.523597,-0.523597,0.703812,0.128561,0.65,0.223572,0,33,0.471042,0.0168622,-0.332417
3.248,0.783163,-1.04755,0.839205,-0.785386,0.523598,-0.523597,0.704243,0.127943,0.65,0.224245,0,33,0.471742,0.0166832,-0.332977
3.25,0.783204,-1.04754,0.83842,-0.785386,0.523598,-0.523598,0.704677,0.127326,0.65,0.224919,0,33,0.472443,0.0165075,-0.333534
3.252,0.783245,-1.04754,0.837636,-0.785387,0.523598,-0.523598,0.705111,0.12671,0.65,0.225594,0,33,0.473144,0.016335,-0.334085
3.254,0.783285,-1.04753,0.836853,-0.785387,0.523598,-0.523598,0.705548,0.126095,0.65,0.226271,0,33,0.473846,0.0161657,-0.334633
3.256,0.783325,-1.04753,0.836069,-0.785387,0.523598,-0.523598,0.705986,0.125481,0.65,0.226949,0,33,0.474549,0.0159994,-0.335175
3.258,0.783363,-1.04752,0.835286,-0.785387,0.523598,-0.523598,0.706425,0.124868,0.65,0.227628,0,33,0.475253,0.0158362,-0.335714
3.26,0.783401,-1.04752,0.834503,-0.785387,0.523598,-0.523598,0.706866,0.124256,0.65,0.228308,0,33,0.475957,0.015676,-0.336248
3.262,0.783439,-1.04751,0.833721,-0.785388,0.523598,-0.523598,0.707308,0.123646,0.65,0.22899,0,33,0.476662,0.0155186,-0.336777
3.264,0.783475,-1.04751,0.832939,-0.785388,0.523598,-0.523598,0.707752,0.123037,0.65,0.229673,0,33,0.477368,0.0153642,-0.337303
3.266,0.783511,-1.0475,0.832157,-0.785388,0.523598,-0.523598,0.708198,0.122428,0.65,0.230356,0,33,0.478074,0.0152126,-0.337824
3.268,0.783546,-1.0475,0.831376,-0.785388,0.523598,-0.523598,0.708645,0.121821,0.65,0.231041,0,33,0.478782,0.0150637,-0.33834
3.27,0.783581,-1.04749,0.830595,-0.785388,0.523598,-0.523598,0.709093,0.121215,0.65,0.231727,0,33,0.47949,0.0149176,-0.338853
3.272,0.783615,-1.04748,0.829814,-0.785389,0.523598,-0.523598,0.709544,0.12061,0.65,0.232415,0,33,0.480198,0.0147741,-0.339361
3.274,0.783648,-1.04748,0.829033,-0.785389,0.523598,-0.523598,0.709995,0.120006,0.65,0.233105,0,33,0.480908,0.0146495,-0.339864
3.276,0.783681,-1.04747,0.828253,-0.785389,0.523598,-0.523598,0.710448,0.119404,0.65,0.233798,0,33,0.481618,0.0145312,-0.340364
3.278,0.783713,-1.04747,0.827473,-0.785389,0.523598,-0.523598,0.710903,0.118802,0.65,0.234491,0,33,0.482329,0.014416,-0.340859
3.28,0.783744,-1.04746,0.826694,-0.785389,0.523598,-0.523598,0.711359,0.118202,0.65,0.235186,0,33,0.483041,0.0143032,-0.34135
3.282,0.783775,-1.04746,0.825915,-0.785389,0.523598,-0.523598,0.711817,0.117603,0.65,0.23589,0,33,0.483753,0.0142442,-0.341837
3.284,0.783806,-1.04745,0.825136,-0.78539,0.523598,-0.523598,0.712276,0.117005,0.65,0.236598,0,33,0.484467,0.0142083,-0.342319
3.286,0.783837,-1.04745,0.824358,-0.78539,0.523598,-0.523598,0.712737,0.116408,0.65,0.237307,0,33,0.485181,0.0141752,-0.342797
3.288,0.783867,-1.04745,0.82358,-0.78539,0.523598,-0.523598,0.713199,0.115812,0.65,0.238018,0,33,0.485896,0.0141435,-0.343271
3.29,0.783896,-1.04744,0.822802,-0.78539,0.523598,-0.523598,0.713662,0.115218,0.65,0.238729,0,33,0.486612,0.0141128,-0.343741
3.292,0.783926,-1.04744,0.822024,-0.78539,0.523598,-0.523598,0.714128,0.114624,0.65,0.239442,0,33,0.487329,0.0140831,-0.344206
3.294,0.783955,-1.04744,0.821247,-0.78539,0.523598,-0.523598,0.714594,0.114032,0.65,0.240154,0,33,0.488047,0.0140473,-0.344667
3.296,0.783984,-1.04743,0.82047,-0.785391,0.523598,-0.523598,0.715062,0.113441,0.65,0.240867,0,33,0.488765,0.0140095,-0.345125
3.298,0.784012,-1.04743,0.819694,-0.785391,0.523598,-0.523598,0.715532,0.112851,0.65,0.241578,0,33,0.489485,0.0139534,-0.345578
3.3,0.78404,-1.04743,0.818918,-0.785391,0.523598,-0.523598,0.716003,0.112262,0.65,0.242284,0,33,0.490205,0.0138595,-0.346027
3.302,0.784067,-1.04743,0.818142,-0.785391,0.523598,-0.523598,0.716476,0.111675,0.65,0.24299,0,33,0.490926,0.0137599,-0.346471
3.304,0.784094,-1.04742,0.817367,-0.785391,0.523598,-0.523598,0.71695,0.111088,0.65,0.243696,0,33,0.491647,0.0136607,-0.346912
3.306,0.78412,-1.04742,0.816591,-0.785391,0.523598,-0.523598,0.717425,0.110503,0.65,0.244404,0,33,0.49237,0.0135632,-0.347349
3.308,0.784146,-1.04742,0.815817,-0.785391,0.523598,-0.523598,0.717902,0.109919,0.65,0.245113,0,33,0.493092,0.0134675,-0.347782
3.31,0.784171,-1.04742,0.815042,-0.785391,0.523598,-0.523598,0.718381,0.109337,0.65,0.245822,0,33,0.493816,0.0133737,-0.34821
3.312,0.784196,-1.04741,0.814268,-0.785392,0.523598,-0.523598,0.718861,0.108755,0.65,0.246532,0,33,0.49454,0.0132818,-0.348635
3.314,0.78422,-1.04741,0.813494,-0.785392,0.523598,-0.523598,0.719342,0.108175,0.65,0.247244,0,33,0.495265,0.0131916,-0.349056
3.316,0.784244,-1.04741,0.812721,-0.785392,0.523598,-0.523598,0.719825,0.107596,0.65,0.247956,0,33,0.495991,0.0131032,-0.349473
3.318,0.784267,-1.04741,0.811948,-0.785392,0.523598,-0.523598,0.720309,0.107018,0.65,0.248669,0,33,0.496717,0.0130165,-0.349886
3.32,0.78429,-1.04741,0.811175,-0.785392,0.523598,-0.523598,0.720795,0.106441,0.65,0.249383,0,33,0.497444,0.0129316,-0.350295
3.322,0.784313,-1.0474,0.810403,-0.785392,0.523598,-0.523598,0.721282,0.105866,0.65,0.250098,0,33,0.498171,0.0128483,-0.3507
3.324,0.784335,-1.0474,0.809631,-0.785392,0.523598,-0.523598,0.721771,0.105292,0.65,0.250814,0,33,0.498899,0.0127667,-0.351101
3.326,0.784357,-1.0474,0.808859,-0.785392,0.523598,-0.523598,0.722261,0.104719,0.65,0.251531,0,33,0.499628,0.0126866,-0.351499
3.328,0.784378,-1.0474,0.808088,-0.785393,0.523598,-0.523598,0.722752,0.104147,0.65,0.252248,0,33,0.500357,0.0126082,-0.351892
3.33,0.784399,-1.0474,0.807316,-0.785393,0.523598,-0.523598,0.723245,0.103576,0.65,0.252967,0,33,0.501087,0.0125313,-0.352282
3.332,0.78442,-1.0474,0.806546,-0.785393,0.523598,-0.523598,0.72374,0.103007,0.65,0.253686,0,33,0.501818,0.0124559,-0.352668
3.334,0.78444,-1.04739,0.805775,-0.785393,0.523598,-0.523598,0.724235,0.102439,0.65,0.254406,0,33,0.502549,0.012382,-0.35305
3.336,0.78446,-1.04739,0.805005,-0.785393,0.523598,-0.523598,0.724733,0.101872,0.65,0.255127,0,33,0.503281,0.0123096,-0.353428
3.338,0.78448,-1.04739,0.804236,-0.785393,0.523598,-0.523598,0.725231,0.101307,0.65,0.255849,0,33,0.504013,0.0122386,-0.353802
3.34,0.784499,-1.04739,0.803466,-0.785393,0.523598,-0.523598,0.725731,0.100742,0.65,0.256572,0,33,0.504746,0.012169,-0.354173
3.342,0.784517,-1.04739,0.802697,-0.785393,0.523598,-0.523598,0.726233,0.100179,0.65,0.257295,0,33,0.50548,0.0121009,-0.35454
3.344,0.784536,-1.04739,0.801929,-0.785393,0.523598,-0.523598,0.726736,0.0996176,0.65,0.258019,0,33,0.506214,0.0120341,-0.354903
3.346,0.784554,-1.04738,0.80116,-0.785393,0.523598,-0.523598,0.72724,0.0990571,0.65,0.258744,0,33,0.506949,0.0119686,-0.355263
3.348,0.784572,-1.04738,0.800392,-0.785393,0.523598,-0.523598,0.727746,0.0984979,0.65,0.25947,0,33,0.507684,0.0119044,-0.355619
3.35,0.784589,-1.04738,0.799625,-0.785394,0.523598,-0.523598,0.728253,0.09794,0.65,0.260196,0,33,0.50842,0.0118416,-0.355971
3.352,0.784606,-1.04738,0.798858,-0.785394,0.523598,-0.523598,0.728762,0.0973833,0.65,0.260924,0,33,0.509157,0.01178,-0.356319
3.354,0.784623,-1.04738,0.798091,-0.785394,0.523598,-0.523598,0.729271,0.0968279,0.65,0.261652,0,33,0.509894,0.0117196,-0.356664
3.356,0.78464,-1.04738,0.797324,-0.785394,0.523598,-0.523598,0.729783,0.0962738,0.65,0.26238,0,33,0.510631,0.0116605,-0.357005
3.358,0.784656,-1.04738,0.796558,-0.785394,0.523598,-0.523598,0.730295,0.095721,0.65,0.26311,0,33,0.51137,0.0116025,-0.357343
3.36,0.784672,-1.04738,0.795792,-0.785394,0.523598,-0.523598,0.73081,0.0951694,0.65,0.26384,0,33,0.512108,0.0115458,-0.357677
3.362,0.784687,-1.04737,0.795026,-0.785394,0.523598,-0.523598,0.731325,0.0946192,0.65,0.264571,0,33,0.512848,0.0114901,-0.358007
3.364,0.784703,-1.04737,0.794261,-0.785394,0.523598,-0.523598,0.731842,0.0940702,0.65,0.265303,0,33,0.513587,0.0114357,-0.358334
3.366,0.784718,-1.04737,0.793496,-0.785394,0.523598,-0.523598,0.73236,0.0935226,0.65,0.266035,0,33,0.514328,0.0113823,-0.358657
3.368,0.784732,-1.04737,0.792732,-0.785394,0.523598,-0.523598,0.73288,0.0929763,0.65,0.266768,0,33,0.515069,0.01133,-0.358977
3.37,0.784747,-1.04737,0.791968,-0.785394,0.523598,-0.523598,0.733401,0.0924312,0.65,0.267502,0,33,0.51581,0.0112788,-0.359293
3.372,0.784761,-1.04737,0.791204,-0.785394,0.523598,-0.523598,0.733923,0.0918875,0.65,0.268236,0,33,0.516552,0.0112286,-0.359606
3.374,0.784775,-1.04737,0.790441,-0.785395,0.523598,-0.523598,0.734447,0.0913451,0.65,0.268971,0,33,0.517295,0.0111795,-0.359915
3.376,0.784789,-1.04737,0.789677,-0.785395,0.523598,-0.523598,0.734972,0.090804,0.65,0.269707,0,33,0.518038,0.0111314,-0.36022
3.378,0.784802,-1.04737,0.788915,-0.785395,0.523598,-0.523598,0.735498,0.0902643,0.65,0.270444,0,33,0.518781,0.0110843,-0.360522
3.38,0.784816,-1.04736,0.788152,-0.785395,0.523598,-0.523598,0.736026,0.0897258,0.65,0.271181,0,33,0.519525,0.0110382,-0.360821
3.382,0.784829,-1.04736,0.78739,-0.785395,0.523598,-0.523598,0.736555,0.0891887,0.65,0.271918,0,33,0.52027,0.010993,-0.361116
3.384,0.784841,-1.04736,0.786629,-0.785395,0.523598,-0.523598,0.737086,0.0886529,0.65,0.272657,0,33,0.521015,0.0109487,-0.361408
3.386,0.784854,-1.04736,0.785867,-0.785395,0.523598,-0.523598,0.737618,0.0881185,0.65,0.273396,0,33,0.52176,0.0109054,-0.361696
3.388,0.784866,-1.04736,0.785106,-0.785395,0.523598,-0.523598,0.738151,0.0875854,0.65,0.274135,0,33,0.522506,0.010863,-0.361981
3.39,0.784878,-1.04736,0.784346,-0.785395,0.523598,-0.523598,0.738685,0.0870536,0.65,0.274876,0,33,0.523252,0.0108215,-0.362263
3.392,0.78489,-1.04736,0.783585,-0.785395,0.523598,-0.523598,0.739221,0.0865232,0.65,0.275616,0,33,0.523999,0.0107808,-0.362541
3.394,0.784902,-1.04736,0.782826,-0.785395,0.523598,-0.523598,0.739758,0.0859941,0.65,0.276358,0,33,0.524747,0.010741,-0.362816
3.396,0.784913,-1.04736,0.782066,-0.785395,0.523598,-0.523598,0.740297,0.0854664,0.65,0.2771,0,33,0.525494,0.0107021,-0.363087
3.398,0.784924,-1.04736,0.781307,-0.785395,0.523598,-0.523598,0.740837,0.0849401,0.65,0.277842,0,33,0.526243,0.010664,-0.363355
3.4,0.784935,-1.04736,0.780548,-0.785395,0.523598,-0.523598,0.741378,0.0844151,0.65,0.278586,0,33,0.526992,0.0106267,-0.36362
3.402,0.784946,-1.04736,0.779789,-0.785395,0.523598,-0.523598,0.74192,0.0838914,0.65,0.279329,0,33,0.527741,0.0105902,-0.363882
3.404,0.784957,-1.04735,0.779031,-0.785395,0.523598,-0.523598,0.742464,0.0833691,0.65,0.280073,0,33,0.52849,0.0105544,-0.36414
3.406,0.784967,-1.04735,0.778274,-0.785395,0.523598,-0.523598,0.743009,0.0828482,0.65,0.280818,0,33,0.52924,0.0105195,-0.364395
3.408,0.784977,-1.04735,0.777516,-0.785396,0.523599,-0.523598,0.743556,0.0823287,0.65,0.281564,0,33,0.529991,0.0104853,-0.364646
3.41,0.784988,-1.04735,0.776759,-0.785396,0.523599,-0.523599,0.744104,0.0818105,0.65,0.28231,0,33,0.530742,0.0104518,-0.364895
3.412,0.784997,-1.04735,0.776002,-0.785396,0.523599,-0.523599,0.744653,0.0812937,0.65,0.283056,0,33,0.531493,0.010419,-0.36514
3.414,0.785007,-1.04735,0.775246,-0.785396,0.523599,-0.523599,0.745203,0.0807783,0.65,0.283803,0,33,0.532245,0.010387,-0.365382
3.416,0.785017,-1.04735,0.77449,-0.785396,0.523599,-0.523599,0.745754,0.0802643,0.65,0.28455,0,33,0.532997,0.0103557,-0.365621
3.418,0.785026,-1.04735,0.773735,-0.785396,0.523599,-0.523599,0.746307,0.0797517,0.65,0.285298,0,33,0.53375,0.010325,-0.365856
3.42,0.785035,-1.04735,0.772979,-0.785396,0.523599,-0.523599,0.746862,0.0792405,0.65,0.286047,0,33,0.534503,0.0102951,-0.366088
3.422,0.785044,-1.04735,0.772224,-0.785396,0.523599,-0.523599,0.747417,0.0787306,0.65,0.286796,0,33,0.535256,0.0102658,-0.366317
3.424,0.785053,-1.04735,0.77147,-0.785396,0.523599,-0.523599,0.747974,0.0782222,0.65,0.287545,0,33,0.53601,0.0102371,-0.366543
3.426,0.785062,-1.04735,0.770716,-0.785396,0.523599,-0.523599,0.748532,0.0777151,0.65,0.288295,0,33,0.536764,0.0102091,-0.366766
3.428,0.78507,-1.04735,0.769962,-0.785396,0.523599,-0.523599,0.749091,0.0772095,0.65,0.289046,0,33,0.537519,0.0101817,-0.366986
3.43,0.785079,-1.04735,0.769209,-0.785396,0.523599,-0.523599,0.749652,0.0767052,0.65,0.289797,0,33,0.538274,0.0101549,-0.367202
3.432,0.785087,-1.04735,0.768456,-0.785396,0.523599,-0.523599,0.750214,0.0762024,0.65,0.290548,0,33,0.539029,0.0101288,-0.367416
3.434,0.785095,-1.04735,0.767703,-0.785396,0.523599,-0.523599,0.750777,0.075701,0.65,0.2913,0,33,0.539784,0.0101032,-0.367626
3.436,0.785103,-1.04735,0.766951,-0.785396,0.523599,-0.523599,0.751341,0.075201,0.65,0.292052,0,33,0.54054,0.0100782,-0.367833
3.438,0.785111,-1.04734,0.766199,-0.785396,0.523599,-0.523599,0.751907,0.0747024,0.65,0.292805,0,33,0.541297,0.0100538,-0.368037
3.44,0.785119,-1.04734,0.765447,-0.785396,0.523599,-0.523599,0.752473,0.0742053,0.65,0.293558,0,33,0.542054,0.0100299,-0.368238
3.442,0.785126,-1.04734,0.764696,-0.785396,0.523599,-0.523599,0.753042,0.0737096,0.65,0.294312,0,33,0.542811,0.0100066,-0.368436
3.444,0.785134,-1.04734,0.763945,-0.785396,0.523599,-0.523599,0.753611,0.0732153,0.65,0.295066,0,33,0.543568,0.00998383,-0.368631
3.446,0.785141,-1.04734,0.763194,-0.785396,0.523599,-0.523599,0.754181,0.0727224,0.65,0.29582,0,33,0.544326,0.00996159,-0.368823
3.448,0.785148,-1.04734,0.762444,-0.785396,0.523599,-0.523599,0.754753,0.072231,0.65,0.296575,0,33,0.545084,0.00993988,-0.369012
3.45,0.785155,-1.04734,0.761695,-0.785396,0.523599,-0.523599,0.755326,0.071741,0.65,0.29733,0,33,0.545842,0.00991868,-0.369198
3.452,0.785162,-1.04734,0.760945,-0.785396,0.523599,-0.523599,0.755901,0.0712524,0.65,0.298086,0,33,0.546601,0.00989798,-0.369381
3.454,0.785169,-1.04734,0.760196,-0.785396,0.523599,-0.523599,0.756476,0.0707653,0.65,0.298842,0,33,0.54736,0.00987777,-0.369561
3.456,0.785175,-1.04734,0.759448,-0.785396,0.523599,-0.523599,0.757053,0.0702797,0.65,0.299598,0,33,0.54812,0.00985805,-0.369738
3.458,0.785182,-1.04734,0.758699,-0.785397,0.523599,-0.523599,0.757631,0.0697955,0.65,0.300355,0,33,0.548879,0.00983881,-0.369912
3.46,0.785188,-1.04734,0.757951,-0.785397,0.523599,-0.523599,0.75821,0.0693127,0.65,0.301112,0,33,0.549639,0.00982004,-0.370083
3.462,0.785195,-1.04734,0.757204,-0.785397,0.523599,-0.523599,0.75879,0.0688314,0.65,0.30187,0,33,0.550399,0.00980172,-0.370251
3.464,0.785201,-1.04734,0.756457,-0.785397,0.523599,-0.523599,0.759372,0.0683516,0.65,0.302628,0,33,0.55116,0.00978386,-0.370417
3.466,0.785207,-1.04734,0.75571,-0.785397,0.523599,-0.523599,0.759955,0.0678732,0.65,0.303386,0,33,0.551921,0.00976643,-0.370579
3.468,0.785213,-1.04734,0.754964,-0.785397,0.523599,-0.523599,0.760539,0.0673963,0.65,0.304144,0,33,0.552682,0.00974944,-0.370738
3.47,0.785219,-1.04734,0.754218,-0.785397,0.523599,-0.523599,0.761124,0.0669209,0.65,0.304903,0,33,0.553443,0.00973288,-0.370895
3.472,0.785225,-1.04734,0.753472,-0.785397,0.523599,-0.523599,0.76171,0.0664469,0.65,0.305663,0,33,0.554205,0.00971674,-0.371049
3.474,0.785231,-1.04734,0.752727,-0.785397,0.523599,-0.523599,0.762298,0.0659745,0.65,0.306422,0,33,0.554967,0.00970099,-0.3712
3.476,0.785236,-1.04734,0.751982,-0.785397,0.523599,-0.523599,0.762887,0.0655035,0.65,0.307182,0,33,0.555729,0.00968557,-0.371348
3.478,0.785242,-1.04734,0.751237,-0.785397,0.523599,-0.523599,0.763477,0.0650339,0.65,0.307942,0,33,0.556492,0.00967054,-0.371493
3.48,0.785247,-1.04734,0.750493,-0.785397,0.523599,-0.523599,0.764068,0.0645659,0.65,0.308703,0,33,0.557255,0.00965589,-0.371635
3.482,0.785252,-1.04734,0.74975,-0.785397,0.523599,-0.523599,0.76466,0.0640993,0.65,0.309464,0,33,0.558017,0.00964162,-0.371775
3.484,0.785258,-1.04734,0.749006,-0.785397,0.523599,-0.523599,0.765254,0.0636343,0.65,0.310225,0,33,0.558781,0.00962773,-0.371911
3.486,0.785263,-1.04734,0.748263,-0.785397,0.523599,-0.523599,0.765848,0.0631707,0.65,0.310986,0,33,0.559544,0.00961421,-0.372045
3.488,0.785268,-1.04734,0.747521,-0.785397,0.523599,-0.523599,0.766444,0.0627086,0.65,0.311748,0,33,0.560308,0.00960106,-0.372176
3.49,0.785273,-1.04734,0.746778,-0.785397,0.523599,-0.523599,0.767041,0.062248,0.65,0.31251,0,33,0.561072,0.00958826,-0.372305
3.492,0.785278,-1.04734,0.746037,-0.785397,0.523599,-0.523599,0.767639,0.061789,0.65,0.313272,0,33,0.561836,0.00957581,-0.37243
3.494,0.785282,-1.04734,0.745295,-0.785397,0.523599,-0.523599,0.768238,0.0613314,0.65,0.314035,0,33,0.5626,0.0095637,-0.372553
3.496,0.785287,-1.04734,0.744554,-0.785397,0.523599,-0.523599,0.768839,0.0608753,0.65,0.314798,0,33,0.563365,0.00955193,-0.372673
3.498,0.785292,-1.04734,0.743813,-0.785397,0.523599,-0.523599,0.76944,0.0604208,0.65,0.315561,0,33,0.56413,0.00954049,-0.372791
3.5,0.785296,-1.04734,0.743073,-0.785397,0.523599,-0.523599,0.770043,0.0599677,0.65,0.316324,0,33,0.564895,0.00952938,-0.372905
3.502,0.785301,-1.04734,0.742333,-0.785397,0.523599,-0.523599,0.770647,0.0595162,0.65,0.317088,0,33,0.56566,0.00951859,-0.373017
3.504,0.785305,-1.04734,0.741594,-0.785397,0.523599,-0.523599,0.771252,0.0590662,0.65,0.317851,0,33,0.566425,0.00950811,-0.373127
3.506,0.78531,-1.04734,0.740854,-0.785397,0.523599,-0.523599,0.771858,0.0586177,0.65,0.318615,0,33,0.567191,0.00949793,-0.373233
3.508,0.785314,-1.04734,0.740116,-0.785397,0.523599,-0.523599,0.772465,0.0581708,0.65,0.31938,0,33,0.567957,0.00948828,-0.373337
3.51,0.785318,-1.04734,0.739377,-0.785397,0.523599,-0.523599,0.773073,0.0577254,0.65,0.320144,0,33,0.568722,0.00947915,-0.373438
3.512,0.785322,-1.04734,0.738639,-0.785397,0.523599,-0.523599,0.773683,0.0572815,0.65,0.320909,0,33,0.569489,0.00947053,-0.373537
3.514,0.785326,-1.04734,0.737902,-0.785397,0.523599,-0.523599,0.774294,0.0568391,0.65,0.321674,0,33,0.570255,0.00946243,-0.373633
3.516,0.78533,-1.04734,0.737164,-0.785397,0.523599,-0.523599,0.774905,0.0563983,0.65,0.32244,0,33,0.571021,0.00945485,-0.373726
3.518,0.785334,-1.04734,0.736428,-0.785397,0.523599,-0.523599,0.775518,0.055959,0.65,0.323205,0,33,0.571788,0.00944778,-0.373817
3.52,0.785338,-1.04734,0.735691,-0.785397,0.523599,-0.523599,0.776132,0.0555212,0.65,0.323971,0,33,0.572555,0.00944122,-0.373905
3.522,0.785342,-1.04734,0.734955,-0.785397,0.523599,-0.523599,0.776747,0.055085,0.65,0.324737,0,33,0.573322,0.00943518,-0.373991
3.524,0.785345,-1.04734,0.73422,-0.785397,0.523599,-0.523599,0.777363,0.0546504,0.65,0.325503,0,33,0.574089,0.00942965,-0.374074
3.526,0.785349,-1.04734,0.733484,-0.785397,0.523599,-0.523599,0.77798,0.0542172,0.65,0.32627,0,33,0.574856,0.00942463,-0.374154
3.528,0.785353,-1.04734,0.732749,-0.785397,0.523599,-0.523599,0.778598,0.0537857,0.65,0.327036,0,33,0.575623,0.00942012,-0.374232
3.53,0.785356,-1.04734,0.732015,-0.785397,0.523599,-0.523599,0.779218,0.0533557,0.65,0.327803,0,33,0.576391,0.00941613,-0.374307
3.532,0.78536,-1.04734,0.731281,-0.785397,0.523599,-0.523599,0.779838,0.0529272,0.65,0.328571,0,33,0.577159,0.00941264,-0.37438
3.534,0.785363,-1.04734,0.730547,-0.785397,0.523599,-0.523599,0.78046,0.0525004,0.65,0.329338,0,33,0.577926,0.00940967,-0.37445
3.536,0.785367,-1.04734,0.729814,-0.785397,0.523599,-0.523599,0.781082,0.052075,0.65,0.330105,0,33,0.578694,0.00940722,-0.374517
3.538,0.78537,-1.04734,0.729081,-0.785397,0.523599,-0.523599,0.781706,0.0516513,0.65,0.330873,0,33,0.579462,0.00940527,-0.374582
3.54,0.785373,-1.04734,0.728349,-0.785397,0.523599,-0.523599,0.782331,0.0512291,0.65,0.331641,0,33,0.580231,0.00940385,-0.374645
3.542,0.785376,-1.04734,0.727616,-0.785397,0.523599,-0.523599,0.782956,0.0508085,0.65,0.332409,0,33,0.580999,0.00940294,-0.374705
3.544,0.78538,-1.04734,0.726885,-0.785397,0.523599,-0.523599,0.783583,0.0503894,0.65,0.333178,0,33,0.581767,0.00940255,-0.374763
3.546,0.785383,-1.04734,0.726153,-0.785397,0.523599,-0.523599,0.784211,0.049972,0.65,0.333946,0,33,0.582536,0.00940268,-0.374818
3.548,0.785386,-1.04734,0.725423,-0.785397,0.523599,-0.523599,0.78484,0.0495561,0.65,0.334715,0,33,0.583304,0.00940333,-0.37487
3.55,0.785389,-1.04734,0.724692,-0.785397,0.523599,-0.523599,0.78547,0.0491418,0.65,0.335484,0,33,0.584073,0.00940451,-0.37492
3.552,0.785392,-1.04734,0.723962,-0.785397,0.523599,-0.523599,0.786101,0.0487291,0.65,0.336253,0,33,0.584842,0.00940621,-0.374968
3.554,0.785395,-1.04734,0.723232,-0.785398,0.523599,-0.523599,0.786733,0.048318,0.65,0.337022,0,33,0.585611,0.00940844,-0.375013
3.556,0.785398,-1.04734,0.722503,-0.785398,0.523599,-0.523599,0.787366,0.0479084,0.65,0.337791,0,33,0.58638,0.0094112,-0.375056
3.558,0.7854,-1.04735,0.721774,-0.785398,0.523599,-0.523599,0.788,0.0475005,0.65,0.338561,0,33,0.587149,0.0094145,-0.375097
3.56,0.785403,-1.04735,0.721046,-0.785398,0.523599,-0.523599,0.788635,0.0470941,0.65,0.339331,0,33,0.587918,0.00941833,-0.375135
3.562,0.785406,-1.04735,0.720318,-0.785398,0.523599,-0.523599,0.789271,0.0466894,0.65,0.340101,0,33,0.588687,0.00942271,-0.37517
3.564,0.785409,-1.04735,0.71959,-0.785398,0.523599,-0.523599,0.789908,0.0462862,0.65,0.340871,0,33,0.589456,0.00942763,-0.375204
3.566,0.785411,-1.04735,0.718863,-0.785398,0.523599,-0.523599,0.790547,0.0458847,0.65,0.341641,0,33,0.590226,0.0094331,-0.375234
3.568,0.785414,-1.04735,0.718136,-0.785398,0.523599,-0.523599,0.791186,0.0454847,0.65,0.342411,0,33,0.590995,0.00943912,-0.375263
3.57,0.785417,-1.04735,0.717409,-0.785398,0.523599,-0.523599,0.791826,0.0450864,0.65,0.343182,0,33,0.591765,0.00944569,-0.375289
3.572,0.785419,-1.04735,0.716683,-0.785398,0.523599,-0.523599,0.792467,0.0446896,0.65,0.343952,0,33,0.592534,0.00945283,-0.375313
3.574,0.785422,-1.04736,0.715958,-0.785398,0.523599,-0.523599,0.793109,0.0442945,0.65,0.344723,0,33,0.593304,0.00946053,-0.375334
3.576,0.785424,-1.04736,0.715232,-0.785398,0.523599,-0.523599,0.793752,0.043901,0.65,0.345494,0,33,0.594074,0.0094688,-0.375353
3.578,0.785426,-1.04736,0.714508,-0.785398,0.523599,-0.523599,0.794397,0.0435091,0.65,0.346265,0,33,0.594843,0.00947765,-0.37537
3.58,0.785429,-1.04736,0.713783,-0.785398,0.523599,-0.523599,0.795042,0.0431189,0.65,0.347036,0,33,0.595613,0.00948708,-0.375384
3.582,0.785431,-1.04737,0.713059,-0.785398,0.523599,-0.523599,0.795688,0.0427302,0.65,0.347807,0,33,0.596383,0.00949709,-0.375396
3.584,0.785434,-1.04737,0.712336,-0.785398,0.523599,-0.523599,0.796335,0.0423432,0.65,0.348579,0,33,0.597153,0.0095077,-0.375406
3.586,0.785436,-1.04737,0.711612,-0.785398,0.523599,-0.523599,0.796983,0.0419578,0.65,0.34935,0,33,0.597922,0.0095189,-0.375413
3.588,0.785438,-1.04737,0.71089,-0.785398,0.523599,-0.523599,0.797632,0.0415741,0.65,0.350122,0,33,0.598692,0.00953071,-0.375419
3.59,0.78544,-1.04738,0.710167,-0.785398,0.523599,-0.523599,0.798282,0.0411919,0.65,0.350894,0,33,0.599462,0.00954313,-0.375422
3.592,0.785442,-1.04738,0.709445,-0.785398,0.523599,-0.523599,0.798933,0.0408115,0.65,0.351666,0,33,0.600232,0.00955617,-0.375422
3.594,0.785445,-1.04738,0.708724,-0.785398,0.523599,-0.523599,0.799585,0.0404326,0.65,0.352438,0,33,0.601002,0.00956983,-0.375421
3.596,0.785447,-1.04739,0.708003,-0.785398,0.523599,-0.523599,0.800238,0.0400554,0.65,0.35321,0,33,0.601772,0.00958412,-0.375417
3.598,0.785449,-1.04739,0.707282,-0.785398,0.523599,-0.523599,0.800891,0.0396798,0.65,0.353982,0,33,0.602542,0.00959906,-0.375411
3.6,0.785451,-1.04739,0.706562,-0.785398,0.523599,-0.523599,0.801546,0.0393059,0.65,0.354754,0,33,0.603312,0.00961464,-0.375402
3.602,0.785453,-1.0474,0.705842,-0.785398,0.523599,-0.523599,0.802202,0.0389336,0.65,0.355527,0,33,0.604082,0.00963087,-0.375392
3.604,0.785455,-1.0474,0.705123,-0.785398,0.523599,-0.523599,0.802858,0.038563,0.65,0.356299,0,33,0.604852,0.00964778,-0.375379
3.606,0.785457,-1.04741,0.704404,-0.785398,0.523599,-0.523599,0.803516,0.038194,0.65,0.357072,0,33,0.605622,0.00966535,-0.375364
3.608,0.785459,-1.04741,0.703685,-0.785398,0.523599,-0.523599,0.804174,0.0378267,0.65,0.357845,0,33,0.606392,0.00968361,-0.375347
3.61,0.785461,-1.04741,0.702967,-0.785398,0.523599,-0.523599,0.804834,0.037461,0.65,0.358618,0,33,0.607162,0.00970256,-0.375327
3.612,0.785463,-1.04742,0.702249,-0.785398,0.523599,-0.523599,0.805494,0.037097,0.65,0.359391,0,33,0.607932,0.00972221,-0.375306
3.614,0.785464,-1.04742,0.701532,-0.785398,0.523599,-0.523599,0.806155,0.0367346,0.65,0.360164,0,33,0.608702,0.00974257,-0.375282
3.616,0.785466,-1.04743,0.700815,-0.785398,0.523599,-0.523599,0.806817,0.0363739,0.65,0.360937,0,33,0.609472,0.00976365,-0.375256
3.618,0.785468,-1.04744,0.700098,-0.785398,0.523599,-0.523599,0.80748,0.0360149,0.65,0.36171,0,33,0.610242,0.00978546,-0.375228
3.62,0.78547,-1.04744,0.699382,-0.785398,0.523599,-0.523599,0.808144,0.0356575,0.65,0.362484,0,33,0.611012,0.00980802,-0.375198
3.622,0.785472,-1.04745,0.698667,-0.785398,0.523599,-0.523599,0.808809,0.0353019,0.65,0.363257,0,33,0.611782,0.00983134,-0.375166
3.624,0.785473,-1.04745,0.697951,-0.785398,0.523599,-0.523599,0.809475,0.0349478,0.65,0.36403,0,33,0.612552,0.00985542,-0.375131
3.626,0.785475,-1.04746,0.697237,-0.785398,0.523599,-0.523599,0.810141,0.0345955,0.65,0.364804,0,33,0.613322,0.00988032,-0.375095
3.628,0.785477,-1.04747,0.696522,-0.785398,0.523599,-0.523599,0.810809,0.0342448,0.65,0.365578,0,33,0.614092,0.00990598,-0.375056
3.63,0.785478,-1.04747,0.695808,-0.785398,0.523599,-0.523599,0.811477,0.0338959,0.65,0.366352,0,33,0.614862,0.00993244,-0.375015
3.632,0.78548,-1.04748,0.695095,-0.785398,0.523599,-0.523599,0.812146,0.0335486,0.65,0.367125,0,33,0.615632,0.0099597,-0.374973
3.634,0.785481,-1.04749,0.694382,-0.785398,0.523599,-0.523599,0.812816,0.0332029,0.65,0.367899,0,33,0.616401,0.0099878,-0.374928
3.636,0.785483,-1.0475,0.693669,-0.785398,0.523599,-0.523599,0.813487,0.032859,0.65,0.368674,0,33,0.617171,0.0100167,-0.374881
3.638,0.785485,-1.0475,0.692957,-0.785398,0.523599,-0.523599,0.814159,0.0325167,0.65,0.369448,0,33,0.617941,0.0100465,-0.374831
3.64,0.785486,-1.04751,0.692245,-0.785398,0.523599,-0.523599,0.814832,0.0321762,0.65,0.370222,0,33,0.61871,0.0100772,-0.37478
3.642,0.785488,-1.04752,0.691534,-0.785398,0.523599,-0.523599,0.815505,0.0318373,0.65,0.370997,0,33,0.61948,0.0101112,-0.374727
3.644,0.785489,-1.04753,0.690823,-0.785398,0.523599,-0.523599,0.81618,0.0315001,0.65,0.371771,0,33,0.620249,0.0101466,-0.374672
3.646,0.785491,-1.04754,0.690112,-0.785398,0.523599,-0.523599,0.816855,0.0311647,0.65,0.372546,0,33,0.621019,0.0101803,-0.374615
3.648,0.785492,-1.04755,0.689402,-0.785398,0.523599,-0.523599,0.817531,0.0308309,0.65,0.373321,0,33,0.621788,0.0102144,-0.374555
3.65,0.785493,-1.04756,0.688693,-0.785398,0.523599,-0.523599,0.818208,0.0304988,0.65,0.374095,0,33,0.622558,0.0102494,-0.374494
3.652,0.785495,-1.04757,0.687984,-0.785398,0.523599,-0.523599,0.818886,0.0301684,0.65,0.374873,0,33,0.623327,0.0103037,-0.374431
3.654,0.785496,-1.04758,0.687275,-0.785398,0.523599,-0.523599,0.819564,0.0298398,0.65,0.375645,0,33,0.624096,0.0103268,-0.374365
3.656,0.785497,-1.04759,0.686567,-0.785398,0.523599,-0.523599,0.820244,0.0295128,0.65,0.376406,0,33,0.624866,0.0102699,-0.374298
3.658,0.785496,-1.0476,0.685859,-0.785398,0.523599,-0.523599,0.820924,0.0291875,0.65,0.377155,0,33,0.625634,0.0101349,-0.374229
3.66,0.785495,-1.04762,0.685151,-0.785398,0.523599,-0.523599,0.821605,0.028864,0.65,0.377891,0,33,0.626403,0.00992319,-0.374157
3.662,0.785493,-1.04763,0.684444,-0.785398,0.523599,-0.523599,0.822287,0.0285421,0.65,0.378645,0,33,0.62717,0.00983217,-0.374084
3.664,0.785491,-1.04764,0.683738,-0.785398,0.523599,-0.523599,0.82297,0.028222,0.65,0.379417,0,33,0.627938,0.00985748,-0.374009
3.666,0.78549,-1.04766,0.683032,-0.785398,0.523599,-0.523599,0.823653,0.0279036,0.65,0.380191,0,33,0.628706,0.00990573,-0.373931
3.668,0.785488,-1.04767,0.682326,-0.785398,0.523599,-0.523599,0.824337,0.0275869,0.65,0.380967,0,33,0.629473,0.00995888,-0.373852
3.67,0.785486,-1.04768,0.681621,-0.785398,0.523599,-0.523599,0.825022,0.027272,0.65,0.381743,0,33,0.630241,0.0100135,-0.373771
3.672,0.785485,-1.0477,0.680916,-0.785398,0.523599,-0.523599,0.825708,0.0269587,0.65,0.382518,0,33,0.631008,0.0100688,-0.373688
3.674,0.785483,-1.04771,0.680212,-0.785398,0.523599,-0.523599,0.826395,0.0266472,0.65,0.383294,0,33,0.631775,0.0101249,-0.373603
3.676,0.785481,-1.04773,0.679508,-0.785398,0.523599,-0.523599,0.827082,0.0263374,0.65,0.38407,0,33,0.632542,0.0101816,-0.373516
3.678,0.78548,-1.04774,0.678804,-0.785398,0.523599,-0.523599,0.82777,0.0260294,0.65,0.384845,0,33,0.63331,0.010239,-0.373428
3.68,0.785478,-1.04776,0.678101,-0.785398,0.523599,-0.523599,0.828459,0.025723,0.65,0.385621,0,33,0.634077,0.0102971,-0.373337
3.682,0.785477,-1.04778,0.677399,-0.785398,0.523599,-0.523599,0.829149,0.0254184,0.65,0.386397,0,33,0.634844,0.010356,-0.373244
3.684,0.785475,-1.04779,0.676697,-0.785398,0.523599,-0.523599,0.829839,0.0251156,0.65,0.387173,0,33,0.635611,0.0104155,-0.37315
3.686,0.785474,-1.04781,0.675995,-0.785398,0.523599,-0.523599,0.830531,0.0248144,0.65,0.387949,0,33,0.636378,0.0104758,-0.373054
3.688,0.785472,-1.04783,0.675294,-0.785398,0.523599,-0.523599,0.831223,0.024515,0.65,0.388725,0,33,0.637144,0.010537,-0.372956
3.69,0.785471,-1.04785,0.674593,-0.785398,0.523599,-0.523599,0.831915,0.0242174,0.65,0.389501,0,33,0.637911,0.0105989,-0.372855
3.692,0.78547,-1.04787,0.673893,-0.785398,0.523599,-0.523599,0.832609,0.0239215,0.65,0.390277,0,33,0.638678,0.0106616,-0.372754
3.694,0.785468,-1.04789,0.673193,-0.785398,0.523599,-0.523599,0.833303,0.0236273,0.65,0.391053,0,33,0.639444,0.0107252,-0.37265
3.696,0.785467,-1.04791,0.672494,-0.785398,0.523599,-0.523599,0.833998,0.0233349,0.65,0.391829,0,33,0.640211,0.0107897,-0.372544
3.698,0.785466,-1.04793,0.671795,-0.785398,0.523599,-0.523599,0.834694,0.0230442,0.65,0.392606,0,33,0.640977,0.010855,-0.372437
3.7,0.785464,-1.04795,0.671096,-0.785398,0.523599,-0.523599,0.83539,0.0227553,0.65,0.393382,0,33,0.641744,0.0109213,-0.372328
3.702,0.785463,-1.04797,0.670398,-0.785398,0.523599,-0.523599,0.836087,0.0224681,0.65,0.394158,0,33,0.64251,0.0109886,-0.372217
3.704,0.785462,-1.04799,0.6697,-0.785398,0.523599,-0.523599,0.836785,0.0221827,0.65,0.394934,0,33,0.643276,0.0110568,-0.372104
3.706,0.785461,-1.04802,0.669003,-0.785398,0.523599,-0.523599,0.837484,0.0218991,0.65,0.395711,0,33,0.644042,0.011126,-0.371989
3.708,0.78546,-1.04804,0.668307,-0.785398,0.523599,-0.523599,0.838183,0.0216172,0.65,0.396487,0,33,0.644808,0.0111962,-0.371873
3.71,0.785458,-1.04806,0.66761,-0.785398,0.523599,-0.523599,0.838883,0.021337,0.65,0.397264,0,33,0.645574,0.0112675,-0.371755
3.712,0.785457,-1.04809,0.666914,-0.785398,0.523599,-0.523599,0.839584,0.0210586,0.65,0.39804,0,33,0.646339,0.0113399,-0.371635
3.714,0.785456,-1.04811,0.666219,-0.785398,0.523599,-0.523599,0.840285,0.020782,0.65,0.398817,0,33,0.647105,0.0114134,-0.371513
3.716,0.785455,-1.04814,0.665524,-0.785398,0.523599,-0.523599,0.840987,0.0205071,0.65,0.399594,0,33,0.647871,0.011488,-0.371389
3.718,0.785454,-1.04816,0.66483,-0.785398,0.523599,-0.523599,0.84169,0.0202341,0.65,0.400371,0,33,0.648636,0.0115638,-0.371264
3.72,0.785453,-1.04819,0.664136,-0.785398,0.523599,-0.523599,0.842394,0.0199627,0.65,0.401147,0,33,0.649401,0.0116408,-0.371137
3.722,0.785452,-1.04822,0.663442,-0.785398,0.523599,-0.523599,0.843098,0.0196932,0.65,0.401924,0,33,0.650167,0.011719,-0.371008
3.724,0.785451,-1.04825,0.662749,-0.785398,0.523599,-0.523599,0.843803,0.0194254,0.65,0.402701,0,33,0.650932,0.0117985,-0.370878
3.726,0.78545,-1.04828,0.662057,-0.785398,0.523599,-0.523599,0.844508,0.0191594,0.65,0.403479,0,33,0.651697,0.0118793,-0.370746
3.728,0.785449,-1.04831,0.661364,-0.785398,0.523599,-0.523599,0.845214,0.0188951,0.65,0.404256,0,33,0.652462,0.0119615,-0.370612
3.73,0.785448,-1.04834,0.660673,-0.785398,0.523599,-0.523599,0.845921,0.0186326,0.65,0.405033,0,33,0.653226,0.012045,-0.370476
3.732,0.785447,-1.04837,0.659982,-0.785398,0.523599,-0.523599,0.846629,0.018372,0.65,0.405811,0,33,0.653991,0.0121299,-0.370339
3.734,0.785446,-1.0484,0.659291,-0.785398,0.523599,-0.523599,0.847337,0.018113,0.65,0.406588,0,33,0.654756,0.0122163,-0.3702
3.736,0.785445,-1.04843,0.658601,-0.785398,0.523599,-0.523599,0.848046,0.0178559,0.65,0.407366,0,33,0.65552,0.0123042,-0.370059
3.738,0.785444,-1.04847,0.657911,-0.785398,0.523599,-0.523599,0.848755,0.0176006,0.65,0.408144,0,33,0.656284,0.0123936,-0.369917
3.74,0.785443,-1.0485,0.657221,-0.785398,0.523599,-0.523599,0.849465,0.017347,0.65,0.408921,0,33,0.657049,0.0124846,-0.369773
3.742,0.785443,-1.04854,0.656532,-0.785398,0.523599,-0.523599,0.850176,0.0170952,0.65,0.409699,0,33,0.657813,0.0125771,-0.369627
3.744,0.785442,-1.04857,0.655844,-0.785398,0.523599,-0.523599,0.850887,0.0168452,0.65,0.410478,0,33,0.658577,0.0126714,-0.36948
3.746,0.785441,-1.04861,0.655156,-0.785398,0.523599,-0.523599,0.851599,0.016597,0.65,0.411256,0,33,0.659341,0.0127673,-0.369331
3.748,0.78544,-1.04864,0.654468,-0.785398,0.523599,-0.523599,0.852312,0.0163506,0.65,0.412034,0,33,0.660105,0.012865,-0.36918
3.75,0.785439,-1.04868,0.653781,-0.785398,0.523599,-0.523599,0.853025,0.016106,0.65,0.412813,0,33,0.660868,0.0129645,-0.369028
3.752,0.785439,-1.04872,0.653095,-0.785398,0.523599,-0.523599,0.853739,0.0158632,0.65,0.413592,0,33,0.661632,0.0130659,-0.368874
3.754,0.785438,-1.04876,0.652409,-0.785398,0.523599,-0.523599,0.854453,0.0156221,0.65,0.414371,0,33,0.662395,0.0131691,-0.368719
3.756,0.785437,-1.0488,0.651723,-0.785398,0.523599,-0.523599,0.855168,0.0153829,0.65,0.41515,0,33,0.663159,0.0132743,-0.368562
3.758,0.785436,-1.04884,0.651038,-0.785398,0.523599,-0.523599,0.855884,0.0151455,0.65,0.415929,0,33,0.663922,0.0133815,-0.368403
3.76,0.785436,-1.04889,0.650353,-0.785398,0.523599,-0.523599,0.8566,0.0149098,0.65,0.416709,0,33,0.664685,0.0134908,-0.368243
3.762,0.785435,-1.04893,0.649669,-0.785398,0.523599,-0.523599,0.857317,0.014676,0.65,0.417489,0,33,0.665448,0.0136021,-0.368081
3.764,0.785434,-1.04898,0.648985,-0.785398,0.523599,-0.523599,0.858034,0.0144439,0.65,0.418269,0,33,0.666211,0.0137157,-0.367918
3.766,0.785434,-1.04902,0.648302,-0.785398,0.523599,-0.523599,0.858752,0.0142137,0.65,0.419049,0,33,0.666974,0.0138315,-0.367753
3.768,0.785433,-1.04907,0.647619,-0.785398,0.523599,-0.523599,0.859471,0.0139853,0.65,0.419829,0,33,0.667737,0.0139497,-0.367586
3.77,0.785432,-1.04912,0.646937,-0.785398,0.523599,-0.523599,0.86019,0.0137587,0.65,0.42061,0,33,0.668499,0.0140702,-0.367418
3.772,0.785432,-1.04916,0.646255,-0.785398,0.523599,-0.523599,0.860909,0.0135338,0.65,0.421391,0,33,0.669262,0.0141931,-0.367248
3.774,0.785431,-1.04921,0.645574,-0.785398,0.523599,-0.523599,0.86163,0.0133108,0.65,0.422172,0,33,0.670024,0.0143186,-0.367077
3.776,0.78543,-1.04927,0.644893,-0.785398,0.523599,-0.523599,0.86235,0.0130896,0.65,0.422954,0,33,0.670787,0.0144467,-0.366905
3.778,0.78543,-1.04932,0.644212,-0.785398,0.523599,-0.523599,0.863072,0.0128703,0.65,0.423736,0,33,0.671549,0.0145774,-0.366731
3.78,0.785429,-1.04937,0.643532,-0.785398,0.523599,-0.523599,0.863794,0.0126527,0.65,0.424518,0,33,0.672311,0.0147109,-0.366555
3.782,0.785429,-1.04942,0.642853,-0.785398,0.523599,-0.523599,0.864516,0.0124369,0.65,0.4253,0,33,0.673073,0.0148472,-0.366378
3.784,0.785428,-1.04948,0.642174,-0.785398,0.523599,-0.523599,0.865239,0.012223,0.65,0.426083,0,33,0.673835,0.0149864,-0.366199
3.786,0.785427,-1.04954,0.641495,-0.785398,0.523599,-0.523599,0.865963,0.0120109,0.65,0.426866,0,33,0.674597,0.0151287,-0.366019
3.788,0.785427,-1.0496,0.640817,-0.785398,0.523599,-0.523599,0.866687,0.0118006,0.65,0.42765,0,33,0.675359,0.015274,-0.365837
3.79,0.785426,-1.04965,0.64014,-0.785398,0.523599,-0.523599,0.867411,0.0115921,0.65,0.428434,0,33,0.676121,0.0154225,-0.365654
3.792,0.785426,-1.04972,0.639462,-0.785398,0.523599,-0.523599,0.868136,0.0113855,0.65,0.429219,0,33,0.676882,0.0155743,-0.36547
3.794,0.785425,-1.04978,0.638786,-0.785398,0.523599,-0.523599,0.868862,0.0111806,0.65,0.430004,0,33,0.677644,0.0157295,-0.365284
3.796,0.785425,-1.04984,0.63811,-0.785398,0.523599,-0.523599,0.869588,0.0109776,0.65,0.430789,0,33,0.678406,0.0158882,-0.365096
3.798,0.785424,-1.04991,0.637434,-0.785398,0.523599,-0.523599,0.870315,0.0107764,0.65,0.431575,0,33,0.679167,0.0160505,-0.364907
3.8,0.785424,-1.04997,0.636759,-0.785398,0.523599,-0.523599,0.871042,0.0105771,0.65,0.432361,0,33,0.679929,0.0162166,-0.364717
3.802,0.785423,-1.05004,0.636084,-0.785398,0.523599,-0.523599,0.87177,0.0103795,0.65,0.433148,0,33,0.68069,0.0163865,-0.364525
3.804,0.785423,-1.05011,0.63541,-0.785398,0.523599,-0.523599,0.872498,0.0101838,0.65,0.433935,0,33,0.681451,0.0165603,-0.364332
3.806,0.785422,-1.05018,0.634736,-0.785398,0.523599,-0.523599,0.873226,0.00998997,0.65,0.434723,0,33,0.682213,0.0167383,-0.364138
3.808,0.785422,-1.05025,0.634063,-0.785398,0.523599,-0.523599,0.873956,0.00979794,0.65,0.435512,0,33,0.682974,0.0169204,-0.363942
3.81,0.785421,-1.05032,0.63339,-0.785398,0.523599,-0.523599,0.874685,0.00960773,0.65,0.436249,0,33,0.683735,0.0167595,-0.363744
3.812,0.785421,-1.05038,0.632718,-0.785398,0.523599,-0.523599,0.875415,0.00941936,0.65,0.436962,0,33,0.684495,0.0164499,-0.363545
3.814,0.785421,-1.05044,0.632046,-0.785398,0.523599,-0.523599,0.876146,0.00923283,0.65,0.437672,0,33,0.685254,0.0161175,-0.363345
3.816,0.78542,-1.0505,0.631374,-0.785398,0.523599,-0.523599,0.876877,0.00904813,0.65,0.43838,0,33,0.686012,0.0157864,-0.363143
3.818,0.78542,-1.05056,0.630703,-0.785398,0.523599,-0.523599,0.877608,0.00886527,0.65,0.439088,0,33,0.686769,0.0154614,-0.362939
3.82,0.785419,-1.05061,0.630032,-0.785398,0.523599,-0.523599,0.87834,0.00868425,0.65,0.439796,0,33,0.687524,0.0151432,-0.362733
3.822,0.785419,-1.05066,0.629362,-0.785398,0.523599,-0.523599,0.879073,0.00850507,0.65,0.440504,0,33,0.688279,0.0148319,-0.362526
3.824,0.785419,-1.0507,0.628692,-0.785398,0.523599,-0.523599,0.879805,0.00832773,0.65,0.441212,0,33,0.689033,0.0145275,-0.362317
3.826,0.785418,-1.05074,0.628023,-0.785398,0.523599,-0.523599,0.880539,0.00815223,0.65,0.44192,0,33,0.689786,0.0142299,-0.362107
3.828,0.785418,-1.05079,0.627354,-0.785398,0.523599,-0.523599,0.881272,0.00797858,0.65,0.442648,0,33,0.690537,0.0140683,-0.361895
3.83,0.785417,-1.05082,0.626685,-0.785398,0.523599,-0.523599,0.882006,0.00780677,0.65,0.443364,0,33,0.691288,0.0138391,-0.361681
3.832,0.785417,-1.05086,0.626017,-0.785398,0.523599,-0.523599,0.882741,0.00763681,0.65,0.44409,0,33,0.692039,0.0136747,-0.361466
3.834,0.785417,-1.0509,0.625349,-0.785398,0.523599,-0.523599,0.883476,0.00746869,0.65,0.444805,0,33,0.692788,0.0134458,-0.361249
3.836,0.785416,-1.05093,0.624682,-0.785398,0.523599,-0.523599,0.884211,0.00730242,0.65,0.445527,0,33,0.693536,0.0132737,-0.361031
3.838,0.785416,-1.05096,0.624015,-0.785398,0.523599,-0.523599,0.884947,0.007138,0.65,0.44624,0,33,0.694284,0.0130416,-0.360811
3.84,0.785416,-1.05099,0.623349,-0.785398,0.523599,-0.523599,0.885684,0.00697543,0.65,0.446947,0,33,0.695031,0.0127781,-0.360589
3.842,0.785415,-1.05101,0.622683,-0.785398,0.523599,-0.523599,0.88642,0.00681471,0.65,0.447654,0,33,0.695776,0.0125139,-0.360366
3.844,0.785415,-1.05103,0.622017,-0.785398,0.523599,-0.523599,0.887157,0.00665585,0.65,0.448359,0,33,0.696521,0.0122547,-0.360141
3.846,0.785415,-1.05105,0.621352,-0.785398,0.523599,-0.523599,0.887895,0.00649883,0.65,0.449065,0,33,0.697265,0.0120016,-0.359915
3.848,0.785414,-1.05107,0.620688,-0.785398,0.523599,-0.523599,0.888633,0.00634367,0.65,0.449771,0,33,0.698008,0.0117548,-0.359687
3.85,0.785414,-1.05108,0.620024,-0.785398,0.523599,-0.523599,0.889371,0.00619037,0.65,0.450477,0,33,0.69875,0.0115141,-0.359458
3.852,0.785414,-1.0511,0.61936,-0.785398,0.523599,-0.523599,0.890109,0.00603892,0.65,0.451183,0,33,0.699491,0.0112796,-0.359226
3.854,0.785414,-1.05111,0.618697,-0.785398,0.523599,-0.523599,0.890848,0.00588932,0.65,0.451888,0,33,0.700231,0.011051,-0.358994
3.856,0.785413,-1.05112,0.618034,-0.785398,0.523599,-0.523599,0.891588,0.00574159,0.65,0.452594,0,33,0.70097,0.0108285,-0.35876
3.858,0.785413,-1.05112,0.617372,-0.785398,0.523599,-0.523599,0.892328,0.00559571,0.65,0.4533,0,33,0.701708,0.0106118,-0.358524
3.86,0.785413,-1.05113,0.61671,-0.785398,0.523599,-0.523599,0.893068,0.00545169,0.65,0.454005,0,33,0.702445,0.0104009,-0.358286
3.862,0.785412,-1.05113,0.616048,-0.785398,0.523599,-0.523599,0.893808,0.00530954,0.65,0.454711,0,33,0.703182,0.0101958,-0.358047
3.864,0.785412,-1.05113,0.615387,-0.785398,0.523599,-0.523599,0.894549,0.00516924,0.65,0.455416,0,33,0.703917,0.00999624,-0.357807
3.866,0.785412,-1.05113,0.614727,-0.785398,0.523599,-0.523599,0.89529,0.00503081,0.65,0.456122,0,33,0.704652,0.00980227,-0.357565
3.868,0.785412,-1.05112,0.614067,-0.785398,0.523599,-0.523599,0.896032,0.00489424,0.65,0.456837,0,33,0.705385,0.00967463,-0.357321
3.87,0.785411,-1.05112,0.613407,-0.785398,0.523599,-0.523599,0.896773,0.00475954,0.65,0.457552,0,33,0.706118,0.00955882,-0.357076
3.872,0.785411,-1.05111,0.612748,-0.785398,0.523599,-0.523599,0.897516,0.0046267,0.65,0.458268,0,33,0.706851,0.00944571,-0.356829
3.874,0.785411,-1.05111,0.61209,-0.785398,0.523599,-0.523599,0.898258,0.00449572,0.65,0.458983,0,33,0.707582,0.00933424,-0.356581
3.876,0.785411,-1.0511,0.611432,-0.785398,0.523599,-0.523599,0.899001,0.00436661,0.65,0.459697,0,33,0.708313,0.00922424,-0.356332
3.878,0.78541,-1.05109,0.610774,-0.785398,0.523599,-0.523599,0.899744,0.00423937,0.65,0.460411,0,33,0.709043,0.00911567,-0.356081
3.88,0.78541,-1.05108,0.610117,-0.785398,0.523599,-0.523599,0.900488,0.004114,0.65,0.461124,0,33,0.709773,0.00900846,-0.355828
3.882,0.78541,-1.05107,0.60946,-0.785398,0.523599,-0.523599,0.901231,0.0039905,0.65,0.461837,0,33,0.710502,0.00890256,-0.355574
3.884,0.78541,-1.05106,0.608804,-0.785398,0.523599,-0.523599,0.901976,0.00386886,0.65,0.462549,0,33,0.71123,0.00879792,-0.355319
3.886,0.78541,-1.05105,0.608148,-0.785398,0.523599,-0.523599,0.90272,0.0037491,0.65,0.463261,0,33,0.711957,0.00869447,-0.355062
3.888,0.785409,-1.05104,0.607493,-0.785398,0.523599,-0.523599,0.903465,0.00363121,0.65,0.463972,0,33,0.712683,0.00859213,-0.354804
3.89,0.785409,-1.05102,0.606838,-0.785398,0.523599,-0.523599,0.90421,0.00351519,0.65,0.464683,0,33,0.713409,0.00849085,-0.354544
3.892,0.785409,-1.05101,0.606184,-0.785398,0.523599,-0.523599,0.904955,0.00340104,0.65,0.465393,0,33,0.714134,0.00839053,-0.354282
3.894,0.785409,-1.05099,0.60553,-0.785398,0.523599,-0.523599,0.905701,0.00328877,0.65,0.466102,0,33,0.714859,0.00829109,-0.35402
3.896,0.785408,-1.05097,0.604877,-0.785398,0.523599,-0.523599,0.906446,0.00317837,0.65,0.466811,0,33,0.715582,0.00819244,-0.353755
3.898,0.785408,-1.05095,0.604224,-0.785398,0.523599,-0.523599,0.907193,0.00306984,0.65,0.467519,0,33,0.716305,0.00809447,-0.35349
3.9,0.785408,-1.05094,0.603572,-0.785398,0.523599,-0.523599,0.907939,0.00296319,0.65,0.468227,0,33,0.717027,0.00799708,-0.353223
3.902,0.785408,-1.05091,0.60292,-0.785398,0.523599,-0.523599,0.908686,0.00285842,0.65,0.468934,0,33,0.717749,0.00790014,-0.352954
3.904,0.785408,-1.05089,0.602268,-0.785398,0.523599,-0.523599,0.909433,0.00275552,0.65,0.46964,0,33,0.718469,0.00780351,-0.352684
3.906,0.785408,-1.05087,0.601618,-0.785398,0.523599,-0.523599,0.91018,0.00265451,0.65,0.470346,0,33,0.719189,0.00770706,-0.352413
3.908,0.785407,-1.05085,0.600967,-0.785398,0.523599,-0.523599,0.910927,0.00255537,0.65,0.47105,0,33,0.719909,0.00761062,-0.35214
3.91,0.785407,-1.05082,0.600317,-0.785398,0.523599,-0.523599,0.911675,0.0024581,0.65,0.471754,0,33,0.720627,0.00751137,-0.351866
3.912,0.785407,-1.0508,0.599668,-0.785398,0.523599,-0.523599,0.912423,0.00236272,0.65,0.472452,0,33,0.721345,0.00738423,-0.35159
3.914,0.785407,-1.05077,0.599019,-0.785398,0.523599,-0.523599,0.913171,0.00226922,0.65,0.47315,0,33,0.722062,0.00725625,-0.351313
3.916,0.785407,-1.05075,0.59837,-0.785398,0.523599,-0.523599,0.913919,0.0021776,0.65,0.473848,0,33,0.722778,0.00713261,-0.351035
3.918,0.785407,-1.05072,0.597722,-0.785398,0.523599,-0.523599,0.914668,0.00208786,0.65,0.474545,0,33,0.723493,0.00701425,-0.350755
3.92,0.785406,-1.05069,0.597075,-0.785398,0.523599,-0.523599,0.915417,0.002,0.65,0.475243,0,33,0.724208,0.00690127,-0.350473
3.922,0.785406,-1.05066,0.596428,-0.785398,0.523599,-0.523599,0.916166,0.00191403,0.65,0.47594,0,33,0.724921,0.00679366,-0.350191
3.924,0.785406,-1.05062,0.595782,-0.785398,0.523599,-0.523599,0.916915,0.00182993,0.65,0.476638,0,33,0.725634,0.00669133,-0.349906
3.926,0.785406,-1.05059,0.595136,-0.785398,0.523599,-0.523599,0.917665,0.00174772,0.65,0.477335,0,33,0.726346,0.00659423,-0.349621
3.928,0.785406,-1.05056,0.59449,-0.785398,0.523599,-0.523599,0.918414,0.0016674,0.65,0.478033,0,33,0.727058,0.00650227,-0.349334
3.93,0.785406,-1.05052,0.593845,-0.785398,0.523599,-0.523599,0.919164,0.00158896,0.65,0.478731,0,33,0.727768,0.00641539,-0.349045
3.932,0.785405,-1.05049,0.593201,-0.785398,0.523599,-0.523599,0.919914,0.0015124,0.65,0.479428,0,33,0.728478,0.00633351,-0.348756
3.934,0.785405,-1.05045,0.592557,-0.785398,0.523599,-0.523599,0.920665,0.00143773,0.65,0.480124,0,33,0.729187,0.00624667,-0.348464
3.936,0.785405,-1.05042,0.591913,-0.785398,0.523599,-0.523599,0.921415,0.00136494,0.65,0.480814,0,33,0.729895,0.00612214,-0.348172
3.938,0.785405,-1.05038,0.59127,-0.785398,0.523599,-0.523599,0.922166,0.00129404,0.65,0.481501,0,33,0.730603,0.0059875,-0.347878
3.94,0.785405,-1.05034,0.590628,-0.785398,0.523599,-0.523599,0.922916,0.00122503,0.65,0.482186,0,33,0.73131,0.00584483,-0.347583
3.942,0.785405,-1.0503,0.589986,-0.785398,0.523599,-0.523599,0.923667,0.00115791,0.65,0.482869,0,33,0.732015,0.00569323,-0.347286
3.944,0.785405,-1.05026,0.589344,-0.785398,0.523599,-0.523599,0.924419,0.00109267,0.65,0.483557,0,33,0.73272,0.00558276,-0.346988
3.946,0.785405,-1.05021,0.588703,-0.785398,0.523599,-0.523599,0.92517,0.00102932,0.65,0.484256,0,33,0.733424,0.00554805,-0.346688
3.948,0.785404,-1.05017,0.588063,-0.785398,0.523599,-0.523599,0.925921,0.000967861,0.65,0.484957,0,33,0.734128,0.00553054,-0.346387
3.95,0.785404,-1.05013,0.587423,-0.785398,0.523599,-0.523599,0.926673,0.00090829,0.65,0.485658,0,33,0.73483,0.00551889,-0.346085
3.952,0.785404,-1.05009,0.586783,-0.785398,0.523599,-0.523599,0.927425,0.000850607,0.65,0.486359,0,33,0.735533,0.00551086,-0.345781
3.954,0.785404,-1.05005,0.586144,-0.785398,0.523599,-0.523599,0.928177,0.000794814,0.65,0.48706,0,33,0.736234,0.005506,-0.345477
3.956,0.785404,-1.05,0.585506,-0.785398,0.523599,-0.523599,0.928929,0.000740911,0.65,0.487761,0,33,0.736935,0.00550419,-0.345171
3.958,0.785404,-1.04996,0.584868,-0.785398,0.523599,-0.523599,0.929681,0.000688899,0.65,0.488461,0,33,0.737635,0.00550538,-0.344863
3.96,0.785404,-1.04992,0.58423,-0.785398,0.523599,-0.523599,0.930433,0.000638777,0.65,0.489161,0,33,0.738335,0.00550954,-0.344555
3.962,0.785404,-1.04988,0.583593,-0.785398,0.523599,-0.523599,0.931186,0.000590546,0.65,0.489862,0,33,0.739034,0.00551663,-0.344245
3.964,0.785404,-1.04984,0.582957,-0.785398,0.523599,-0.523599,0.931938,0.000544206,0.65,0.490562,0,33,0.739733,0.00552663,-0.343934
3.966,0.785403,-1.04979,0.582321,-0.785398,0.523599,-0.523599,0.932691,0.000499757,0.65,0.491261,0,33,0.74043,0.00553949,-0.343622
3.968,0.785403,-1.04975,0.581686,-0.785398,0.523599,-0.523599,0.933444,0.000457201,0.65,0.491961,0,33,0.741128,0.00555519,-0.343308
3.97,0.785403,-1.04971,0.581051,-0.785398,0.523599,-0.523599,0.934197,0.000416536,0.65,0.49266,0,33,0.741824,0.00557371,-0.342993
3.972,0.785403,-1.04967,0.580416,-0.785398,0.523599,-0.523599,0.93495,0.000377764,0.65,0.49336,0,33,0.74252,0.00559501,-0.342677
3.974,0.785403,-1.04963,0.579782,-0.785398,0.523599,-0.523599,0.935703,0.000340885,0.65,0.494059,0,33,0.743216,0.00561905,-0.34236
3.976,0.785403,-1.04959,0.579149,-0.785398,0.523599,-0.523599,0.936456,0.000305898,0.65,0.494758,0,33,0.743911,0.00564583,-0.342041
3.978,0.785403,-1.04955,0.578516,-0.785398,0.523599,-0.523599,0.937209,0.000272804,0.65,0.495456,0,33,0.744605,0.0056753,-0.341722
3.98,0.785403,-1.04951,0.577884,-0.785398,0.523599,-0.523599,0.937962,0.000241604,0.65,0.496155,0,33,0.745299,0.00570744,-0.341401
3.982,0.785403,-1.04947,0.577252,-0.785398,0.523599,-0.523599,0.938716,0.000212297,0.65,0.496853,0,33,0.745992,0.00574222,-0.341079
3.984,0.785403,-1.04943,0.576621,-0.785398,0.523599,-0.523599,0.939469,0.000184883,0.65,0.497551,0,33,0.746685,0.00577962,-0.340756
3.986,0.785403,-1.04939,0.57599,-0.785398,0.523599,-0.523599,0.940223,0.000159364,0.65,0.498249,0,33,0.747377,0.00581961,-0.340431
3.988,0.785402,-1.04935,0.57536,-0.785398,0.523599,-0.523599,0.940976,0.000135738,0.65,0.498947,0,33,0.748068,0.00586217,-0.340105
3.99,0.785402,-1.04931,0.57473,-0.785398,0.523599,-0.523599,0.94173,0.000114006,0.65,0.499645,0,33,0.748759,0.00590727,-0.339779
3.992,0.785402,-1.04927,0.574101,-0.785398,0.523599,-0.523599,0.942484,9.41691e-05,0.65,0.500342,0,33,0.749449,0.00595489,-0.339451
3.994,0.785402,-1.04923,0.573472,-0.785398,0.523599,-0.523599,0.943238,7.62261e-05,0.65,0.50104,0,33,0.750139,0.00600501,-0.339122
3.996,0.785402,-1.0492,0.572844,-0.785398,0.523599,-0.523599,0.943991,6.01776e-05,0.65,0.501737,0,33,0.750828,0.0060576,-0.338791
3.998,0.785402,-1.04916,0.572216,-0.785398,0.523599,-0.523599,0.944745,4.60238e-05,0.65,0.502434,0,33,0.751517,0.00611264,-0.33846
4,0.785402,-1.04912,0.571589,-0.785398,0.523599,-0.523599,0.945499,3.37645e-05,0.65,0.50313,0,33,0.752205,0.00617011,-0.338127
4.002,0.785402,-1.04909,0.570962,-0.785398,0.523599,-0.523599,0.946253,2.34001e-05,0.65,0.503827,0,33,0.752892,0.00622998,-0.337794
4.004,0.785402,-1.04905,0.570336,-0.785398,0.523599,-0.523599,0.947007,1.49304e-05,0.65,0.504523,0,33,0.753579,0.00629224,-0.337459
4.006,0.785402,-1.04902,0.569711,-0.785398,0.523599,-0.523599,0.947761,8.35565e-06,0.65,0.505219,0,33,0.754266,0.00635687,-0.337123
4.008,0.785402,-1.04898,0.569086,-0.785398,0.523599,-0.523599,0.948515,3.67578e-06,0.65,0.505915,0,33,0.754951,0.00642384,-0.336786
4.01,0.785402,-1.04895,0.568461,-0.785398,0.523599,-0.523599,0.949269,8.90846e-07,0.65,0.506611,0,33,0.755637,0.00649314,-0.336448
4.012,0.785402,-1.04892,0.567837,-0.785398,0.523599,-0.523599,0.950023,8.72632e-10,0.65,0.507306,0,33,0.756321,0.00656474,-0.336108
4.014,0.785402,-1.04889,0.567214,-0.785398,0.523599,-0.523599,0.950777,1.00586e-06,0.65,0.508002,0,33,0.757006,0.00663864,-0.335768
4.016,0.785401,-1.04885,0.566591,-0.785398,0.523599,-0.523599,0.951531,3.90581e-06,0.65,0.508697,0,33,0.757689,0.0067148,-0.335426
4.018,0.785401,-1.04882,0.565968,-0.785398,0.523599,-0.523599,0.952285,8.70069e-06,0.65,0.509392,0,33,0.758373,0.00679321,-0.335084
4.02,0.785401,-1.04879,0.565346,-0.785398,0.523599,-0.523599,0.953039,1.53905e-05,0.65,0.510086,0,33,0.759055,0.00687385,-0.33474
4.022,0.785401,-1.04876,0.564725,-0.785398,0.523599,-0.523599,0.953793,2.39751e-05,0.65,0.510781,0,33,0.759737,0.00695671,-0.334396
4.024,0.785401,-1.04873,0.564104,-0.785398,0.523599,-0.523599,0.954547,3.44546e-05,0.65,0.511475,0,33,0.760419,0.00704177,-0.33405
4.026,0.785401,-1.04871,0.563484,-0.785398,0.523599,-0.523599,0.9553,4.68288e-05,0.65,0.512169,0,33,0.7611,0.00712901,-0.333703
4.028,0.785401,-1.04868,0.562864,-0.785398,0.523599,-0.523599,0.956054,6.10977e-05,0.65,0.512863,0,33,0.761781,0.00721842,-0.333355
4.03,0.785401,-1.04865,0.562245,-0.785398,0.523599,-0.523599,0.956808,7.72612e-05,0.65,0.513557,0,33,0.762461,0.00730998,-0.333006
4.032,0.785401,-1.04863,0.561626,-0.785398,0.523599,-0.523599,0.957562,9.53191e-05,0.65,0.514251,0,33,0.76314,0.00740367,-0.332656
4.034,0.785401,-1.0486,0.561008,-0.785398,0.523599,-0.523599,0.958316,0.000115271,0.65,0.514944,0,33,0.763819,0.00749949,-0.332305
4.036,0.785401,-1.04858,0.56039,-0.785398,0.523599,-0.523599,0.959069,0.000137118,0.65,0.515637,0,33,0.764498,0.00759741,-0.331953
4.038,0.785401,-1.04855,0.559773,-0.785398,0.523599,-0.523599,0.959823,0.000160859,0.65,0.51633,0,33,0.765176,0.00769742,-0.3316
4.04,0.785401,-1.04853,0.559157,-0.785398,0.523599,-0.523599,0.960576,0.000186493,0.65,0.517023,0,33,0.765853,0.00779951,-0.331246
4.042,0.785401,-1.04851,0.558541,-0.785398,0.523599,-0.523599,0.96133,0.000214022,0.65,0.517715,0,33,0.76653,0.00790366,-0.330891
4.044,0.785401,-1.04849,0.557925,-0.785398,0.523599,-0.523599,0.962083,0.000243443,0.65,0.518408,0,33,0.767206,0.00800986,-0.330535
4.046,0.785401,-1.04847,0.55731,-0.785398,0.523599,-0.523599,0.962837,0.000274759,0.65,0.5191,0,33,0.767882,0.00811809,-0.330178
4.048,0.785401,-1.04845,0.556696,-0.785398,0.523599,-0.523599,0.96359,0.000307967,0.65,0.519792,0,33,0.768558,0.00822836,-0.32982
4.05,0.785401,-1.04843,0.556082,-0.785398,0.523599,-0.523599,0.964343,0.000343069,0.65,0.520484,0,33,0.769233,0.00834063,-0.329461
4.052,0.785401,-1.04841,0.555469,-0.785398,0.523599,-0.523599,0.965096,0.000380064,0.65,0.521175,0,33,0.769907,0.0084549,-0.329101
4.054,0.7854,-1.0484,0.554856,-0.785398,0.523599,-0.523599,0.965849,0.000418951,0.65,0.521867,0,33,0.770581,0.00857116,-0.32874
4.056,0.7854,-1.04838,0.554243,-0.785398,0.523599,-0.523599,0.966602,0.00045973,0.65,0.522558,0,33,0.771255,0.00868939,-0.328378
4.058,0.7854,-1.04837,0.553632,-0.785398,0.523599,-0.523599,0.967355,0.000502401,0.65,0.523249,0,33,0.771928,0.00880959,-0.328015
4.06,0.7854,-1.04835,0.553021,-0.785398,0.523599,-0.523599,0.968107,0.000546964,0.65,0.52394,0,33,0.7726,0.00893175,-0.327651
4.062,0.7854,-1.04834,0.55241,-0.785398,0.523599,-0.523599,0.96886,0.000593419,0.65,0.52463,0,33,0.773272,0.00905584,-0.327286
4.064,0.7854,-1.04833,0.5518,-0.785398,0.523599,-0.523599,0.969612,0.000641765,0.65,0.525321,0,33,0.773944,0.00918187,-0.32692
4.066,0.7854,-1.04832,0.55119,-0.785398,0.523599,-0.523599,0.970365,0.000692002,0.65,0.526011,0,33,0.774615,0.00930982,-0.326553
4.068,0.7854,-1.04831,0.550581,-0.785398,0.523599,-0.523599,0.971117,0.000744129,0.65,0.526701,0,33,0.775285,0.00943967,-0.326185
4.07,0.7854,-1.0483,0.549973,-0.785398,0.523599,-0.523599,0.971869,0.000798147,0.65,0.527391,0,33,0.775955,0.00957144,-0.325817
4.072,0.7854,-1.04829,0.549365,-0.785398,0.523599,-0.523599,0.972621,0.000854054,0.65,0.528081,0,33,0.776625,0.00970509,-0.325447
4.074,0.7854,-1.04829,0.548757,-0.785398,0.523599,-0.523599,0.973373,0.000911852,0.65,0.52877,0,33,0.777294,0.00984063,-0.325077
4.076,0.7854,-1.04828,0.548151,-0.785398,0.523599,-0.523599,0.974124,0.000971538,0.65,0.529459,0,33,0.777963,0.00997804,-0.324705
4.078,0.7854,-1.04828,0.547544,-0.785398,0.523599,-0.523599,0.974876,0.00103311,0.65,0.530148,0,33,0.778631,0.0101173,-0.324333
4.08,0.7854,-1.04828,0.546939,-0.785398,0.523599,-0.523599,0.975627,0.00109658,0.65,0.530837,0,33,0.779299,0.0102584,-0.32396
4.082,0.7854,-1.04827,0.546333,-0.785398,0.523599,-0.523599,0.976378,0.00116193,0.65,0.531526,0,33,0.779966,0.0104014,-0.323586
4.084,0.7854,-1.04827,0.545729,-0.785398,0.523599,-0.523599,0.977129,0.00122917,0.65,0.532215,0,33,0.780633,0.0105462,-0.32321
4.086,0.7854,-1.04827,0.545125,-0.785398,0.523599,-0.523599,0.97788,0.00129829,0.65,0.532903,0,33,0.781299,0.0106929,-0.322835
4.088,0.7854,-1.04828,0.544521,-0.785398,0.523599,-0.523599,0.978631,0.00136931,0.65,0.533591,0,33,0.781965,0.0108414,-0.322458
4.09,0.7854,-1.04828,0.543918,-0.785398,0.523599,-0.523599,0.979381,0.00144221,0.65,0.534279,0,33,0.78263,0.0109917,-0.32208
4.092,0.7854,-1.04828,0.543316,-0.785398,0.523599,-0.523599,0.980131,0.00151699,0.65,0.534967,0,33,0.783295,0.0111438,-0.321702
4.094,0.7854,-1.04829,0.542714,-0.785398,0.523599,-0.523599,0.980881,0.00159366,0.65,0.535654,0,33,0.78396,0.0112977,-0.321322
4.096,0.7854,-1.0483,0.542113,-0.785398,0.523599,-0.523599,0.981631,0.00167222,0.65,0.536342,0,33,0.784624,0.0114534,-0.320942
4.098,0.7854,-1.0483,0.541512,-0.785398,0.523599,-0.523599,0.982381,0.00175266,0.65,0.537029,0,33,0.785287,0.0116109,-0.320561
4.1,0.7854,-1.04831,0.540912,-0.785398,0.523599,-0.523599,0.98313,0.00183498,0.65,0.537716,0,33,0.78595,0.0117702,-0.320179
4.102,0.7854,-1.04832,0.540312,-0.785398,0.523599,-0.523599,0.98388,0.00191919,0.65,0.538403,0,33,0.786613,0.0119312,-0.319796
4.104,0.7854,-1.04833,0.539713,-0.785398,0.523599,-0.523599,0.984629,0.00200528,0.65,0.539089,0,33,0.787275,0.012094,-0.319412
4.106,0.7854,-1.04835,0.539115,-0.785398,0.523599,-0.523599,0.985378,0.00209325,0.65,0.539776,0,33,0.787937,0.0122586,-0.319028
4.108,0.7854,-1.04836,0.538517,-0.785398,0.523599,-0.523599,0.986126,0.00218311,0.65,0.540462,0,33,0.788599,0.0124249,-0.318643
4.11,0.7854,-1.04838,0.537919,-0.785398,0.523599,-0.523599,0.986875,0.00227484,0.65,0.541148,0,33,0.789259,0.012593,-0.318256
4.112,0.785399,-1.04839,0.537323,-0.785398,0.523599,-0.523599,0.987623,0.00236846,0.65,0.541834,0,33,0.78992,0.0127629,-0.317869
4.114,0.785399,-1.04841,0.536726,-0.785398,0.523599,-0.523599,0.988371,0.00246395,0.65,0.54252,0,33,0.79058,0.0129345,-0.317482
4.116,0.785399,-1.04843,0.536131,-0.785398,0.523599,-0.523599,0.989118,0.00256133,0.65,0.543206,0,33,0.79124,0.0131078,-0.317093
4.118,0.785399,-1.04845,0.535536,-0.785398,0.523599,-0.523599,0.989866,0.00266058,0.65,0.543891,0,33,0.791899,0.0132828,-0.316704
4.12,0.785399,-1.04847,0.534941,-0.785398,0.523599,-0.523599,0.990613,0.00276172,0.65,0.544576,0,33,0.792557,0.0134596,-0.316314
4.122,0.785399,-1.04849,0.534347,-0.785398,0.523599,-0.523599,0.99136,0.00286473,0.65,0.545262,0,33,0.793216,0.0136381,-0.315923
4.124,0.785399,-1.04852,0.533754,-0.785398,0.523599,-0.523599,0.992106,0.00296961,0.65,0.545946,0,33,0.793874,0.0138183,-0.315531
4.126,0.785399,-1.04854,0.533161,-0.785398,0.523599,-0.523599,0.992853,0.00307638,0.65,0.546631,0,33,0.794531,0.0140003,-0.315138
4.128,0.785399,-1.04857,0.532569,-0.785398,0.523599,-0.523599,0.993599,0.00318501,0.65,0.547316,0,33,0.795188,0.0141839,-0.314745
4.13,0.785399,-1.0486,0.531977,-0.785398,0.523599,-0.523599,0.994345,0.00329553,0.65,0.548,0,33,0.795845,0.0143692,-0.314351
4.132,0.785399,-1.04863,0.531386,-0.785398,0.523599,-0.523599,0.99509,0.00340791,0.65,0.548684,0,33,0.796501,0.0145563,-0.313956
4.134,0.785399,-1.04866,0.530795,-0.785398,0.523599,-0.523599,0.995836,0.00352218,0.65,0.549369,0,33,0.797157,0.014745,-0.31356
4.136,0.785399,-1.04869,0.530205,-0.785398,0.523599,-0.523599,0.996581,0.00363831,0.65,0.550053,0,33,0.797812,0.0149355,-0.313164
4.138,0.785399,-1.04873,0.529616,-0.785398,0.523599,-0.523599,0.997325,0.00375631,0.65,0.550736,0,33,0.798467,0.0151276,-0.312767
4.14,0.785399,-1.04876,0.529027,-0.785398,0.523599,-0.523599,0.99807,0.00387619,0.65,0.55142,0,33,0.799122,0.0153214,-0.312369
4.142,0.785399,-1.0488,0.528439,-0.785398,0.523599,-0.523599,0.998814,0.00399794,0.65,0.552103,0,33,0.799776,0.0155169,-0.31197
4.144,0.785399,-1.04884,0.527851,-0.785398,0.523599,-0.523599,0.999558,0.00412156,0.65,0.552787,0,33,0.80043,0.015714,-0.311571
4.146,0.785399,-1.04888,0.527264,-0.785398,0.523599,-0.523599,1.0003,0.00424704,0.65,0.55347,0,33,0.801083,0.0159129,-0.311171
4.148,0.785399,-1.04892,0.526678,-0.785398,0.523599,-0.523599,1.00104,0.0043744,0.65,0.554153,0,33,0.801736,0.0161134,-0.31077
4.15,0.785399,-1.04896,0.526092,-0.785398,0.523599,-0.523599,1.00179,0.00450362,0.65,0.554836,0,33,0.802388,0.0163156,-0.310369
4.152,0.785399,-1.04901,0.525507,-0.785398,0.523599,-0.523599,1.00253,0.00463471,0.65,0.555518,0,33,0.80304,0.0165194,-0.309966
4.154,0.785399,-1.04905,0.524922,-0.785398,0.523599,-0.523599,1.00327,0.00476766,0.65,0.556201,0,33,0.803692,0.016725,-0.309564
4.156,0.785399,-1.0491,0.524338,-0.785398,0.523599,-0.523599,1.00401,0.00490248,0.65,0.556883,0,33,0.804343,0.0169321,-0.30916
4.158,0.785399,-1.04915,0.523754,-0.785398,0.523599,-0.523599,1.00475,0.00503916,0.65,0.557565,0,33,0.804994,0.017141,-0.308756
4.16,0.785399,-1.0492,0.523171,-0.785398,0.523599,-0.523599,1.0055,0.00517771,0.65,0.558248,0,33,0.805645,0.0173515,-0.30835
4.162,0.785399,-1.04925,0.522589,-0.785398,0.523599,-0.523599,1.00624,0.00531811,0.65,0.55893,0,33,0.806295,0.0175636,-0.307945
4.164,0.785399,-1.0493,0.522007,-0.785398,0.523599,-0.523599,1.00698,0.00546038,0.65,0.559611,0,33,0.806945,0.0177774,-0.307538
4.166,0.785399,-1.04936,0.521426,-0.785398,0.523599,-0.523599,1.00772,0.00560451,0.65,0.560293,0,33,0.807594,0.0179929,-0.307131
4.168,0.785399,-1.04941,0.520845,-0.785398,0.523599,-0.523599,1.00846,0.0057505,0.65,0.560965,0,33,0.808243,0.0181472,-0.306723
4.17,0.785399,-1.04947,0.520265,-0.785398,0.523599,-0.523599,1.0092,0.00589835,0.65,0.561637,0,33,0.808891,0.0183026,-0.306315
4.172,0.785399,-1.04953,0.519686,-0.785398,0.523599,-0.523599,1.00994,0.00604805,0.65,0.562315,0,33,0.809539,0.018505,-0.305905
4.174,0.785399,-1.04959,0.519107,-0.785398,0.523599,-0.523599,1.01067,0.00619962,0.65,0.562976,0,33,0.810187,0.0185929,-0.305495
4.176,0.785399,-1.04965,0.518529,-0.785398,0.523599,-0.523599,1.01141,0.00635304,0.65,0.563652,0,33,0.810834,0.0187889,-0.305085
4.178,0.785399,-1.04971,0.517951,-0.785398,0.523599,-0.523599,1.01215,0.00650831,0.65,0.564319,0,33,0.81148,0.0189299,-0.304673
4.18,0.785399,-1.04977,0.517374,-0.785398,0.523599,-0.523599,1.01289,0.00666544,0.65,0.564984,0,33,0.812126,0.0190547,-0.304261
4.182,0.785399,-1.04983,0.516798,-0.785398,0.523599,-0.523599,1.01362,0.00682441,0.65,0.56566,0,33,0.812771,0.0192607,-0.303848
4.184,0.785399,-1.0499,0.516222,-0.785398,0.523599,-0.523599,1.01436,0.00698525,0.65,0.566339,0,33,0.813416,0.0194837,-0.303434
4.186,0.785399,-1.04996,0.515647,-0.785398,0.523599,-0.523599,1.0151,0.00714793,0.65,0.567017,0,33,0.814061,0.0197112,-0.30302
4.188,0.785399,-1.05003,0.515072,-0.785398,0.523599,-0.523599,1.01583,0.00731246,0.65,0.567696,0,33,0.814705,0.0199409,-0.302605
4.19,0.785399,-1.0501,0.514498,-0.785398,0.523599,-0.523599,1.01657,0.00747884,0.65,0.568374,0,33,0.815349,0.0201722,-0.302189
4.192,0.785399,-1.05017,0.513925,-0.785398,0.523599,-0.523599,1.0173,0.00764707,0.65,0.569053,0,33,0.815992,0.0204051,-0.301773
4.194,0.785399,-1.05024,0.513352,-0.785398,0.523599,-0.523599,1.01804,0.00781715,0.65,0.569731,0,33,0.816635,0.0206395,-0.301356
4.196,0.785399,-1.05032,0.51278,-0.785398,0.523599,-0.523599,1.01877,0.00798907,0.65,0.570409,0,33,0.817278,0.0208755,-0.300939
4.198,0.785399,-1.0504,0.512208,-0.785398,0.523599,-0.523599,1.01951,0.00816283,0.65,0.571087,0,33,0.81792,0.021113,-0.300521
4.2,0.785399,-1.05047,0.511637,-0.785398,0.523599,-0.523599,1.02024,0.00833844,0.65,0.571765,0,33,0.818562,0.0213521,-0.300102
4.202,0.785399,-1.05055,0.511067,-0.785398,0.523599,-0.523599,1.02097,0.00851589,0.65,0.572442,0,33,0.819204,0.0215927,-0.299683
4.204,0.785399,-1.05063,0.510497,-0.785398,0.523599,-0.523599,1.0217,0.00869518,0.65,0.57312,0,33,0.819845,0.0218349,-0.299263
4.206,0.785399,-1.05072,0.509928,-0.785398,0.523599,-0.523599,1.02244,0.00887632,0.65,0.573774,1,33,0.821753,0.0134772,-0.29913
4.208,0.785399,-1.0508,0.509359,-0.785398,0.523599,-0.523599,1.02317,0.00905929,0.65,0.574423,1,33,0.822392,0.0135368,-0.29871
4.21,0.785399,-1.05088,0.508791,-0.785398,0.523599,-0.523599,1.0239,0.0092441,0.65,0.575071,1,33,0.823031,0.0135969,-0.29829
4.212,0.785399,-1.05097,0.508224,-0.785398,0.523599,-0.523599,1.02463,0.00943074,0.65,0.575719,1,33,0.82367,0.0136575,-0.297869
4.214,0.785399,-1.05106,0.507657,-0.785398,0.523599,-0.523599,1.02536,0.00961922,0.65,0.576366,1,33,0.824308,0.0137187,-0.297448
4.216,0.785399,-1.05115,0.507091,-0.785398,0.523599,-0.523599,1.02609,0.00980954,0.65,0.577014,1,33,0.824947,0.0137804,-0.297025
4.218,0.785399,-1.05124,0.506526,-0.785398,0.523599,-0.523599,1.02682,0.0100017,0.65,0.577661,1,33,0.825584,0.0138427,-0.296603
4.22,0.785399,-1.05134,0.505961,-0.785398,0.523599,-0.523599,1.02755,0.0101957,0.65,0.578307,1,33,0.826222,0.0139055,-0.29618
4.222,0.785399,-1.05143,0.505397,-0.785398,0.523599,-0.523599,1.02827,0.0103915,0.65,0.578954,1,33,0.826859,0.0139689,-0.295756
4.224,0.785399,-1.05153,0.504834,-0.785398,0.523599,-0.523599,1.029,0.0105891,0.65,0.5796,1,33,0.827495,0.0140328,-0.295332
4.226,0.785399,-1.05163,0.504271,-0.785398,0.523599,-0.523599,1.02973,0.0107886,0.65,0.580246,1,33,0.828132,0.0140972,-0.294907
4.228,0.785399,-1.05173,0.503708,-0.785398,0.523599,-0.523599,1.03046,0.0109899,0.65,0.580892,1,33,0.828768,0.0141623,-0.294481
4.23,0.785399,-1.05183,0.503147,-0.785398,0.523599,-0.523599,1.03118,0.011193,0.65,0.581538,1,33,0.829403,0.0142278,-0.294055
4.232,0.785399,-1.05194,0.502586,-0.785398,0.523599,-0.523599,1.03191,0.0113979,0.65,0.582183,1,33,0.830039,0.0142939,-0.293629
4.234,0.785399,-1.05204,0.502025,-0.785398,0.523599,-0.523599,1.03263,0.0116047,0.65,0.582828,1,33,0.830674,0.0143606,-0.293202
4.236,0.785399,-1.05215,0.501466,-0.785398,0.523599,-0.523599,1.03336,0.0118133,0.65,0.583473,1,33,0.831309,0.0144278,-0.292774
4.238,0.785399,-1.05226,0.500906,-0.785398,0.523599,-0.523599,1.03408,0.0120237,0.65,0.584117,1,33,0.831943,0.0144956,-0.292346
4.24,0.785399,-1.05237,0.500348,-0.785398,0.523599,-0.523599,1.0348,0.0122359,0.65,0.584762,1,33,0.832577,0.0145639,-0.291917
4.242,0.785399,-1.05249,0.49979,-0.785398,0.523599,-0.523599,1.03553,0.01245,0.65,0.585406,1,33,0.833211,0.0146328,-0.291488
4.244,0.785399,-1.0526,0.499233,-0.785398,0.523599,-0.523599,1.03625,0.0126658,0.65,0.58605,1,33,0.833844,0.0147023,-0.291058
4.246,0.785399,-1.05272,0.498676,-0.785398,0.523599,-0.523599,1.03697,0.0128835,0.65,0.586693,1,33,0.834477,0.0147723,-0.290628
4.248,0.785399,-1.05284,0.498121,-0.785398,0.523599,-0.523599,1.03769,0.013103,0.65,0.587337,1,33,0.83511,0.0148429,-0.290197
4.25,0.785399,-1.05296,0.497565,-0.785398,0.523599,-0.523599,1.03841,0.0133243,0.65,0.58798,1,33,0.835743,0.014914,-0.289766
4.252,0.785399,-1.05308,0.497011,-0.785398,0.523599,-0.523599,1.03913,0.0135474,0.65,0.588623,1,33,0.836375,0.0149857,-0.289334
4.254,0.785399,-1.0532,0.496457,-0.785398,0.523599,-0.523599,1.03985,0.0137724,0.65,0.589265,1,33,0.837007,0.0150579,-0.288902
4.256,0.785399,-1.05333,0.495903,-0.785398,0.523599,-0.523599,1.04057,0.0139991,0.65,0.589908,1,33,0.837638,0.0151307,-0.288469
4.258,0.785398,-1.05345,0.495351,-0.785398,0.523599,-0.523599,1.04129,0.0142276,0.65,0.59055,1,33,0.838269,0.0152041,-0.288035
4.26,0.785398,-1.05358,0.494799,-0.785398,0.523599,-0.523599,1.04201,0.014458,0.65,0.591192,1,33,0.8389,0.015278,-0.287602
4.262,0.785398,-1.05371,0.494247,-0.785398,0.523599,-0.523599,1.04273,0.0146901,0.65,0.591834,1,33,0.839531,0.0153525,-0.287167
4.264,0.785398,-1.05384,0.493697,-0.785398,0.523599,-0.523599,1.04344,0.0149241,0.65,0.592476,1,33,0.840162,0.0154275,-0.286733
4.266,0.785398,-1.05398,0.493147,-0.785398,0.523599,-0.523599,1.04416,0.0151598,0.65,0.593117,1,33,0.840792,0.0155031,-0.286297
4.268,0.785398,-1.05411,0.492597,-0.785398,0.523599,-0.523599,1.04488,0.0153974,0.65,0.593758,1,33,0.841421,0.0155793,-0.285862
4.27,0.785398,-1.05425,0.492049,-0.785398,0.523599,-0.523599,1.04559,0.0156367,0.65,0.594399,1,33,0.842051,0.0156561,-0.285425
4.272,0.785398,-1.05439,0.491501,-0.785398,0.523599,-0.523599,1.0463,0.0158779,0.65,0.59504,1,33,0.84268,0.0157334,-0.284989
4.274,0.785398,-1.05453,0.490953,-0.785398,0.523599,-0.523599,1.04702,0.0161208,0.65,0.595681,1,33,0.843309,0.0158113,-0.284551
4.276,0.785398,-1.05468,0.490407,-0.785398,0.523599,-0.523599,1.04773,0.0163655,0.65,0.596321,1,33,0.843938,0.0158897,-0.284114
4.278,0.785398,-1.05482,0.48986,-0.785398,0.523599,-0.523599,1.04844,0.016612,0.65,0.596961,1,33,0.844566,0.0159687,-0.283676
4.28,0.785398,-1.05497,0.489315,-0.785398,0.523599,-0.523599,1.04916,0.0168604,0.65,0.597601,1,33,0.845194,0.0160483,-0.283237
4.282,0.785398,-1.05512,0.48877,-0.785398,0.523599,-0.523599,1.04987,0.0171105,0.65,0.598241,1,33,0.845822,0.0161285,-0.282798
4.284,0.785398,-1.05527,0.488226,-0.785398,0.523599,-0.523599,1.05058,0.0173623,0.65,0.598881,1,33,0.846449,0.0162092,-0.282359
4.286,0.785398,-1.05542,0.487683,-0.785398,0.523599,-0.523599,1.05129,0.017616,0.65,0.59952,1,33,0.847077,0.0162905,-0.281919
4.288,0.785398,-1.05557,0.48714,-0.785398,0.523599,-0.523599,1.052,0.0178715,0.65,0.60016,1,33,0.847704,0.0163722,-0.281478
4.29,0.785398,-1.05573,0.486598,-0.785398,0.523599,-0.523599,1.05271,0.0181287,0.65,0.600799,1,33,0.84833,0.0164543,-0.281037
4.292,0.785398,-1.05589,0.486057,-0.785398,0.523599,-0.523599,1.05341,0.0183877,0.65,0.601437,1,33,0.848957,0.0165367,-0.280596
4.294,0.785398,-1.05605,0.485516,-0.785398,0.523599,-0.523599,1.05412,0.0186485,0.65,0.602076,1,33,0.849583,0.0166194,-0.280154
4.296,0.785398,-1.05621,0.484976,-0.785398,0.523599,-0.523599,1.05483,0.0189111,0.65,0.602714,1,33,0.850209,0.0167025,-0.279712
4.298,0.785398,-1.05637,0.484437,-0.785398,0.523599,-0.523599,1.05553,0.0191755,0.65,0.603352,1,33,0.850834,0.016786,-0.27927
4.3,0.785398,-1.05653,0.483898,-0.785398,0.523599,-0.523599,1.05624,0.0194416,0.65,0.60399,1,33,0.851459,0.0168698,-0.278826
4.302,0.785398,-1.0567,0.48336,-0.785398,0.523599,-0.523599,1.05694,0.0197095,0.65,0.604627,1,33,0.852084,0.016954,-0.278383
4.304,0.785398,-1.05687,0.482823,-0.785398,0.523599,-0.523599,1.05765,0.0199791,0.65,0.605265,1,33,0.852709,0.0170386,-0.277939
4.306,0.785398,-1.05704,0.482287,-0.785398,0.523599,-0.523599,1.05835,0.0202506,0.65,0.605902,1,33,0.853333,0.0171235,-0.277494
4.308,0.785398,-1.05721,0.481751,-0.785398,0.523599,-0.523599,1.05906,0.0205238,0.65,0.606538,1,33,0.853957,0.0172088,-0.27705
4.31,0.785398,-1.05738,0.481215,-0.785398,0.523599,-0.523599,1.05976,0.0207987,0.65,0.607175,1,33,0.854581,0.0172945,-0.276604
4.312,0.785398,-1.05756,0.480681,-0.785398,0.523599,-0.523599,1.06046,0.0210755,0.65,0.607811,1,33,0.855204,0.0173805,-0.276158
4.314,0.785398,-1.05773,0.480147,-0.785398,0.523599,-0.523599,1.06116,0.021354,0.65,0.608447,1,33,0.855827,0.0174669,-0.275712
4.316,0.785398,-1.05791,0.479614,-0.785398,0.523599,-0.523599,1.06186,0.0216342,0.65,0.609083,1,33,0.856449,0.0175537,-0.275265
4.318,0.785398,-1.05809,0.479081,-0.785398,0.523599,-0.523599,1.06256,0.0219162,0.65,0.609718,1,33,0.857072,0.0176408,-0.274818
4.32,0.785398,-1.05827,0.47855,-0.785398,0.523599,-0.523599,1.06326,0.0222,0.65,0.610353,1,33,0.857694,0.0177283,-0.27437
4.322,0.785398,-1.05845,0.478018,-0.785398,0.523599,-0.523599,1.06395,0.0224855,0.65,0.610988,1,33,0.858315,0.0178162,-0.273922
4.324,0.785398,-1.05863,0.477488,-0.785398,0.523599,-0.523599,1.06465,0.0227728,0.65,0.611622,1,33,0.858936,0.0179045,-0.273474
4.326,0.785398,-1.05882,0.476958,-0.785398,0.523599,-0.523599,1.06535,0.0230618,0.65,0.612256,1,33,0.859557,0.0179931,-0.273025
4.328,0.785398,-1.059,0.476429,-0.785398,0.523599,-0.523599,1.06604,0.0233526,0.65,0.61289,1,33,0.860178,0.0180822,-0.272575
4.33,0.785398,-1.05919,0.475901,-0.785398,0.523599,-0.523599,1.06674,0.0236451,0.65,0.613523,1,33,0.860798,0.0181716,-0.272125
4.332,0.785398,-1.05938,0.475373,-0.785398,0.523599,-0.523599,1.06743,0.0239394,0.65,0.614157,1,33,0.861417,0.0182614,-0.271675
4.334,0.785398,-1.05957,0.474846,-0.785398,0.523599,-0.523599,1.06813,0.0242354,0.65,0.614789,1,33,0.862037,0.0183515,-0.271224
4.336,0.785398,-1.05976,0.47432,-0.785398,0.523599,-0.523599,1.06882,0.0245332,0.65,0.615422,1,33,0.862656,0.0184421,-0.270773
4.338,0.785398,-1.05996,0.473794,-0.785398,0.523599,-0.523599,1.06951,0.0248327,0.65,0.616054,1,33,0.863274,0.018533,-0.270321
4.34,0.785398,-1.06015,0.473269,-0.785398,0.523599,-0.523599,1.0702,0.0251339,0.65,0.616686,1,33,0.863892,0.0186243,-0.269869
4.342,0.785398,-1.06035,0.472745,-0.785398,0.523599,-0.523599,1.07089,0.0254369,0.65,0.617318,1,33,0.86451,0.018716,-0.269416
4.344,0.785398,-1.06055,0.472222,-0.785398,0.523599,-0.523599,1.07158,0.0257416,0.65,0.617949,1,33,0.865128,0.0188081,-0.268963
4.346,0.785398,-1.06074,0.471699,-0.785398,0.523599,-0.523599,1.07227,0.026048,0.65,0.61858,1,33,0.865745,0.0189005,-0.268509
4.348,0.785398,-1.06094,0.471177,-0.785398,0.523599,-0.523599,1.07296,0.0263562,0.65,0.61921,1,33,0.866361,0.0189934,-0.268055
4.35,0.785398,-1.06114,0.470656,-0.785398,0.523599,-0.523599,1.07365,0.0266661,0.65,0.61984,1,33,0.866977,0.019082,-0.267601
4.352,0.785398,-1.06135,0.470135,-0.785398,0.523599,-0.523599,1.07433,0.0269777,0.65,0.620464,1,33,0.867593,0.0191429,-0.267146
4.354,0.785398,-1.06155,0.469615,-0.785398,0.523599,-0.523599,1.07502,0.027291,0.65,0.621089,1,33,0.868208,0.0192043,-0.266691
4.356,0.785398,-1.06176,0.469096,-0.785398,0.523599,-0.523599,1.0757,0.0276061,0.65,0.621713,1,33,0.868823,0.0192663,-0.266235
4.358,0.785398,-1.06196,0.468577,-0.785398,0.523599,-0.523599,1.07639,0.0279229,0.65,0.622337,1,33,0.869438,0.0193288,-0.265778
4.36,0.785398,-1.06217,0.468059,-0.785398,0.523599,-0.523599,1.07707,0.0282414,0.65,0.622961,1,33,0.870052,0.0193919,-0.265321
4.362,0.785398,-1.06238,0.467542,-0.785398,0.523599,-0.523599,1.07775,0.0285616,0.65,0.623584,1,33,0.870666,0.0194555,-0.264864
4.364,0.785398,-1.06259,0.467025,-0.785398,0.523599,-0.523599,1.07844,0.0288836,0.65,0.624207,1,33,0.871279,0.0195196,-0.264406
4.366,0.785398,-1.0628,0.46651,-0.785398,0.523599,-0.523599,1.07912,0.0292072,0.65,0.624829,1,33,0.871892,0.0195843,-0.263948
4.368,0.785398,-1.06301,0.465995,-0.785398,0.523599,-0.523599,1.0798,0.0295326,0.65,0.625451,1,33,0.872504,0.0196494,-0.26349
4.37,0.785398,-1.06323,0.46548,-0.785398,0.523599,-0.523599,1.08048,0.0298597,0.65,0.626073,1,33,0.873116,0.0197151,-0.263031
4.372,0.785398,-1.06344,0.464967,-0.785398,0.523599,-0.523599,1.08116,0.0301884,0.65,0.626695,1,33,0.873727,0.0197813,-0.262571
4.374,0.785398,-1.06366,0.464454,-0.785398,0.523599,-0.523599,1.08183,0.0305189,0.65,0.627316,1,33,0.874338,0.019848,-0.262111
4.376,0.785398,-1.06387,0.463941,-0.785398,0.523599,-0.523599,1.08251,0.0308511,0.65,0.627936,1,33,0.874949,0.0199152,-0.261651
4.378,0.785398,-1.06409,0.46343,-0.785398,0.523599,-0.523599,1.08319,0.031185,0.65,0.628557,1,33,0.875559,0.0199829,-0.26119
4.38,0.785398,-1.06431,0.462919,-0.785398,0.523599,-0.523599,1.08386,0.0315206,0.65,0.629177,1,33,0.876169,0.0200511,-0.260728
4.382,0.785398,-1.06453,0.462409,-0.785398,0.523599,-0.523599,1.08454,0.0318578,0.65,0.629796,1,33,0.876778,0.0201198,-0.260267
4.384,0.785398,-1.06475,0.4619,-0.785398,0.523599,-0.523599,1.08521,0.0321968,0.65,0.630416,1,33,0.877387,0.020189,-0.259804
4.386,0.785398,-1.06498,0.461391,-0.785398,0.523599,-0.523599,1.08588,0.0325375,0.65,0.631034,1,33,0.877996,0.0202586,-0.259342
4.388,0.785398,-1.0652,0.460883,-0.785398,0.523599,-0.523599,1.08655,0.0328798,0.65,0.631653,1,33,0.878604,0.0203288,-0.258878
4.39,0.785398,-1.06543,0.460376,-0.785398,0.523599,-0.523599,1.08722,0.0332239,0.65,0.632271,1,33,0.879211,0.0203994,-0.258415
4.392,0.785398,-1.06565,0.459869,-0.785398,0.523599,-0.523599,1.08789,0.0335696,0.65,0.632889,1,33,0.879818,0.0204705,-0.257951
4.394,0.785398,-1.06588,0.459363,-0.785398,0.523599,-0.523599,1.08856,0.033917,0.65,0.633508,1,33,0.880425,0.0205561,-0.257486
4.396,0.785398,-1.06611,0.458858,-0.785398,0.523599,-0.523599,1.08923,0.0342661,0.65,0.634129,1,33,0.881031,0.0206511,-0.257021
4.398,0.785398,-1.06634,0.458354,-0.785398,0.523599,-0.523599,1.0899,0.0346168,0.65,0.634749,1,33,0.881637,0.0207465,-0.256556
4.4,0.785398,-1.06657,0.45785,-0.785398,0.523599,-0.523599,1.09057,0.0349693,0.65,0.635368,1,33,0.882242,0.0208422,-0.25609
4.402,0.785398,-1.0668,0.457347,-0.785398,0.523599,-0.523599,1.09123,0.0353234,0.65,0.635985,1,33,0.882846,0.0209228,-0.255624
4.404,0.785398,-1.06703,0.456845,-0.785398,0.523599,-0.523599,1.0919,0.0356792,0.65,0.6366,1,33,0.883451,0.020996,-0.255157
4.406,0.785398,-1.06726,0.456344,-0.785398,0.523599,-0.523599,1.09256,0.0360367,0.65,0.637215,1,33,0.884054,0.0210696,-0.25469
4.408,0.785398,-1.0675,0.455843,-0.785398,0.523599,-0.523599,1.09322,0.0363958,0.65,0.637829,1,33,0.884658,0.0211437,-0.254222
4.41,0.785398,-1.06773,0.455343,-0.785398,0.523599,-0.523599,1.09389,0.0367566,0.65,0.638443,1,33,0.885261,0.0212182,-0.253754
4.412,0.785398,-1.06797,0.454844,-0.785398,0.523599,-0.523599,1.09455,0.037119,0.65,0.639057,1,33,0.885863,0.0212932,-0.253286
4.414,0.785398,-1.06821,0.454345,-0.785398,0.523599,-0.523599,1.09521,0.0374831,0.65,0.63967,1,33,0.886465,0.0213687,-0.252817
4.416,0.785398,-1.06844,0.453847,-0.785398,0.523599,-0.523599,1.09587,0.0378489,0.65,0.640283,1,33,0.887066,0.0214446,-0.252347
4.418,0.785398,-1.06868,0.45335,-0.785398,0.523599,-0.523599,1.09652,0.0382163,0.65,0.640895,1,33,0.887667,0.0215209,-0.251877
4.42,0.785398,-1.06892,0.452854,-0.785398,0.523599,-0.523599,1.09718,0.0385854,0.65,0.641507,1,33,0.888267,0.0215977,-0.251407
4.422,0.785398,-1.06916,0.452358,-0.785398,0.523599,-0.523599,1.09784,0.0389561,0.65,0.642118,1,33,0.888867,0.0216749,-0.250936
4.424,0.785398,-1.06941,0.451863,-0.785398,0.523599,-0.523599,1.09849,0.0393285,0.65,0.642729,1,33,0.889466,0.0217526,-0.250465
4.426,0.785398,-1.06965,0.451369,-0.785398,0.523599,-0.523599,1.09915,0.0397026,0.65,0.64334,1,33,0.890065,0.0218307,-0.249993
4.428,0.785398,-1.06989,0.450875,-0.785398,0.523599,-0.523599,1.0998,0.0400782,0.65,0.64395,1,33,0.890664,0.0219092,-0.249521
4.43,0.785398,-1.07014,0.450383,-0.785398,0.523599,-0.523599,1.10045,0.0404555,0.65,0.64456,1,33,0.891262,0.0219881,-0.249048
4.432,0.785398,-1.07038,0.449891,-0.785398,0.523599,-0.523599,1.10111,0.0408345,0.65,0.645169,1,33,0.891859,0.0220675,-0.248575
4.434,0.785398,-1.07063,0.449399,-0.785398,0.523599,-0.523599,1.10176,0.0412151,0.65,0.645778,1,33,0.892456,0.0221473,-0.248102
4.436,0.785398,-1.07088,0.448909,-0.785398,0.523599,-0.523599,1.10241,0.0415973,0.65,0.646386,1,33,0.893052,0.0222276,-0.247628
4.438,0.785398,-1.07113,0.448419,-0.785398,0.523599,-0.523599,1.10306,0.0419812,0.65,0.646994,1,33,0.893648,0.0223082,-0.247154
4.44,0.785398,-1.07138,0.44793,-0.785398,0.523599,-0.523599,1.1037,0.0423667,0.65,0.647602,1,33,0.894243,0.0223893,-0.246679
4.442,0.785398,-1.07163,0.447442,-0.785398,0.523599,-0.523599,1.10435,0.0427538,0.65,0.648209,1,33,0.894838,0.0224708,-0.246204
4.444,0.785398,-1.07188,0.446954,-0.785398,0.523599,-0.523599,1.105,0.0431425,0.65,0.648815,1,33,0.895432,0.0225527,-0.245728
4.446,0.785398,-1.07213,0.446467,-0.785398,0.523599,-0.523599,1.10564,0.0435329,0.65,0.649421,1,33,0.896026,0.022635,-0.245252
4.448,0.785398,-1.07238,0.445981,-0.785398,0.523599,-0.523599,1.10629,0.0439249,0.65,0.650027,1,33,0.896619,0.0227177,-0.244775
4.45,0.785398,-1.07264,0.445496,-0.785398,0.523599,-0.523599,1.10693,0.0443185,0.65,0.650632,1,33,0.897212,0.0228008,-0.244298
4.452,0.785398,-1.07289,0.445011,-0.785398,0.523599,-0.523599,1.10757,0.0447137,0.65,0.651237,1,33,0.897804,0.0228843,-0.243821
4.454,0.785398,-1.07315,0.444527,-0.785398,0.523599,-0.523599,1.10821,0.0451105,0.65,0.651841,1,33,0.898396,0.0229682,-0.243343
4.456,0.785398,-1.0734,0.444044,-0.785398,0.523599,-0.523599,1.10885,0.0455089,0.65,0.652445,1,33,0.898987,0.0230525,-0.242865
4.458,0.785398,-1.07366,0.443562,-0.785398,0.523599,-0.523599,1.10949,0.045909,0.65,0.653048,1,33,0.899578,0.0231372,-0.242386
4.46,0.785398,-1.07392,0.44308,-0.785398,0.523599,-0.523599,1.11013,0.0463106,0.65,0.653651,1,33,0.900168,0.0232223,-0.241907
4.462,0.785398,-1.07418,0.442599,-0.785398,0.523599,-0.523599,1.11077,0.0467139,0.65,0.654254,1,33,0.900758,0.0233078,-0.241427
4.464,0.785398,-1.07444,0.442119,-0.785398,0.523599,-0.523599,1.1114,0.0471187,0.65,0.654856,1,33,0.901347,0.0233936,-0.240947
4.466,0.785398,-1.0747,0.441639,-0.785398,0.523599,-0.523599,1.11204,0.0475252,0.65,0.655457,1,33,0.901935,0.0234799,-0.240467
4.468,0.785398,-1.07496,0.441161,-0.785398,0.523599,-0.523599,1.11267,0.0479332,0.65,0.656058,1,33,0.902523,0.0235665,-0.239986
4.47,0.785398,-1.07522,0.440683,-0.785398,0.523599,-0.523599,1.11331,0.0483429,0.65,0.656658,1,33,0.90311,0.0236536,-0.239504
4.472,0.785398,-1.07549,0.440206,-0.785398,0.523599,-0.523599,1.11394,0.0487541,0.65,0.657258,1,33,0.903697,0.0237409,-0.239023
4.474,0.785398,-1.07575,0.439729,-0.785398,0.523599,-0.523599,1.11457,0.0491669,0.65,0.657858,1,33,0.904284,0.0238287,-0.23854
4.476,0.785398,-1.07601,0.439253,-0.785398,0.523599,-0.523599,1.1152,0.0495813,0.65,0.658457,1,33,0.904869,0.0239169,-0.238058
4.478,0.785398,-1.07628,0.438778,-0.785398,0.523599,-0.523599,1.11583,0.0499973,0.65,0.659056,1,33,0.905455,0.0240054,-0.237575
4.48,0.785398,-1.07655,0.438304,-0.785398,0.523599,-0.523599,1.11645,0.0504148,0.65,0.659654,1,33,0.906039,0.0240943,-0.237091
4.482,0.785398,-1.07681,0.437831,-0.785398,0.523599,-0.523599,1.11708,0.050834,0.65,0.660251,1,33,0.906624,0.0241835,-0.236607
4.484,0.785398,-1.07708,0.437358,-0.785398,0.523599,-0.523599,1.11771,0.0512547,0.65,0.660848,1,33,0.907207,0.0242731,-0.236123
4.486,0.785398,-1.07735,0.436886,-0.785398,0.523599,-0.523599,1.11833,0.051677,0.65,0.661445,1,33,0.90779,0.0243631,-0.235638
4.488,0.785398,-1.07762,0.436415,-0.785398,0.523599,-0.523599,1.11896,0.0521008,0.65,0.662041,1,33,0.908373,0.0244534,-0.235153
4.49,0.785398,-1.07789,0.435945,-0.785398,0.523599,-0.523599,1.11958,0.0525262,0.65,0.662636,1,33,0.908955,0.0245441,-0.234667
4.492,0.785398,-1.07816,0.435475,-0.785398,0.523599,-0.523599,1.1202,0.0529532,0.65,0.663231,1,33,0.909536,0.0246352,-0.234181
4.494,0.785398,-1.07843,0.435006,-0.785398,0.523599,-0.523599,1.12082,0.0533817,0.65,0.663826,1,33,0.910117,0.0247266,-0.233694
4.496,0.785398,-1.0787,0.434538,-0.785398,0.523599,-0.523599,1.12144,0.0538118,0.65,0.66442,1,33,0.910697,0.0248183,-0.233207
4.498,0.785398,-1.07898,0.434071,-0.785398,0.523599,-0.523599,1.12206,0.0542435,0.65,0.665013,1,33,0.911277,0.0249104,-0.23272
4.5,0.785398,-1.07925,0.433604,-0.785398,0.523599,-0.523599,1.12267,0.0546767,0.65,0.665606,1,33,0.911856,0.0250029,-0.232232
4.502,0.785398,-1.07952,0.433138,-0.785398,0.523599,-0.523599,1.12329,0.0551114,0.65,0.666199,1,33,0.912434,0.0250957,-0.231744
4.504,0.785398,-1.0798,0.432673,-0.785398,0.523599,-0.523599,1.12391,0.0555477,0.65,0.666791,1,33,0.913012,0.0251888,-0.231255
4.506,0.785398,-1.08008,0.432209,-0.785398,0.523599,-0.523599,1.12452,0.0559856,0.65,0.667382,1,33,0.91359,0.0252823,-0.230766
4.508,0.785398,-1.08035,0.431745,-0.785398,0.523599,-0.523599,1.12513,0.056425,0.65,0.667973,1,33,0.914167,0.0253761,-0.230277
4.51,0.785398,-1.08063,0.431282,-0.785398,0.523599,-0.523599,1.12574,0.0568659,0.65,0.668564,1,33,0.914743,0.0254702,-0.229787
4.512,0.785398,-1.08091,0.43082,-0.785398,0.523599,-0.523599,1.12635,0.0573084,0.65,0.669153,1,33,0.915319,0.0255647,-0.229296
4.514,0.785398,-1.08119,0.430359,-0.785398,0.523599,-0.523599,1.12696,0.0577523,0.65,0.669743,1,33,0.915894,0.0256595,-0.228805
4.516,0.785398,-1.08147,0.429899,-0.785398,0.523599,-0.523599,1.12757,0.0581979,0.65,0.670332,1,33,0.916468,0.0257546,-0.228314
4.518,0.785398,-1.08175,0.429439,-0.785398,0.523599,-0.523599,1.12818,0.0586449,0.65,0.67092,1,33,0.917042,0.0258501,-0.227822
4.52,0.785398,-1.08203,0.42898,-0.785398,0.523599,-0.523599,1.12878,0.0590935,0.65,0.671508,1,33,0.917616,0.0259459,-0.22733
4.522,0.785398,-1.08231,0.428522,-0.785398,0.523599,-0.523599,1.12939,0.0595436,0.65,0.672095,1,33,0.918189,0.026042,-0.226838
4.524,0.785398,-1.08259,0.428064,-0.785398,0.523599,-0.523599,1.12999,0.0599952,0.65,0.672682,1,33,0.918761,0.0261384,-0.226345
4.526,0.785398,-1.08287,0.427608,-0.785398,0.523599,-0.523599,1.1306,0.0604483,0.65,0.673268,1,33,0.919332,0.0262352,-0.225852
4.528,0.785398,-1.08316,0.427152,-0.785398,0.523599,-0.523599,1.1312,0.060903,0.65,0.673853,1,33,0.919903,0.0263322,-0.225358
4.53,0.785398,-1.08344,0.426697,-0.785398,0.523599,-0.523599,1.1318,0.0613591,0.65,0.674438,1,33,0.920474,0.0264296,-0.224864
4.532,0.785398,-1.08373,0.426242,-0.785398,0.523599,-0.523599,1.1324,0.0618168,0.65,0.675023,1,33,0.921044,0.0265273,-0.224369
4.534,0.785398,-1.08401,0.425789,-0.785398,0.523599,-0.523599,1.133,0.062276,0.65,0.675607,1,33,0.921613,0.0266253,-0.223874
4.536,0.785398,-1.0843,0.425336,-0.785398,0.523599,-0.523599,1.13359,0.0627366,0.65,0.67619,1,33,0.922182,0.0267236,-0.223379
4.538,0.785398,-1.08459,0.424884,-0.785398,0.523599,-0.523599,1.13419,0.0631988,0.65,0.676774,1,33,0.92275,0.026829,-0.222883
4.54,0.785398,-1.08487,0.424433,-0.785398,0.523599,-0.523599,1.13478,0.0636625,0.65,0.677358,1,33,0.923317,0.0269366,-0.222386
4.542,0.785398,-1.08516,0.423982,-0.785398,0.523599,-0.523599,1.13538,0.0641276,0.65,0.677941,1,33,0.923884,0.0270446,-0.22189
4.544,0.785398,-1.08545,0.423532,-0.785398,0.523599,-0.523599,1.13597,0.0645943,0.65,0.678524,1,33,0.924451,0.0271527,-0.221393
4.546,0.785398,-1.08574,0.423084,-0.785398,0.523599,-0.523599,1.13656,0.0650624,0.65,0.679106,1,33,0.925016,0.0272611,-0.220895
4.548,0.785398,-1.08603,0.422635,-0.785398,0.523599,-0.523599,1.13715,0.065532,0.65,0.679687,1,33,0.925582,0.0273698,-0.220397
4.55,0.785398,-1.08632,0.422188,-0.785398,0.523599,-0.523599,1.13774,0.0660031,0.65,0.680267,1,33,0.926146,0.0274719,-0.219899
4.552,0.785398,-1.08661,0.421742,-0.785398,0.523599,-0.523599,1.13833,0.0664757,0.65,0.680846,1,33,0.92671,0.0275723,-0.2194
4.554,0.785398,-1.0869,0.421296,-0.785398,0.523599,-0.523599,1.13891,0.0669497,0.65,0.681424,1,33,0.927273,0.027673,-0.218901
4.556,0.785398,-1.0872,0.420851,-0.785398,0.523599,-0.523599,1.1395,0.0674252,0.65,0.682002,1,33,0.927836,0.027774,-0.218401
4.558,0.785398,-1.08749,0.420406,-0.785398,0.523599,-0.523599,1.14008,0.0679022,0.65,0.682579,1,33,0.928398,0.0278752,-0.217901
4.56,0.785398,-1.08778,0.419963,-0.785398,0.523599,-0.523599,1.14066,0.0683807,0.65,0.683156,1,33,0.928959,0.0279768,-0.217401
4.562,0.785398,-1.08808,0.41952,-0.785398,0.523599,-0.523599,1.14124,0.0688606,0.65,0.683732,1,33,0.92952,0.0280786,-0.2169
4.564,0.785398,-1.08837,0.419079,-0.785398,0.523599,-0.523599,1.14183,0.069342,0.65,0.684308,1,33,0.930081,0.0281807,-0.216399
4.566,0.785398,-1.08867,0.418637,-0.785398,0.523599,-0.523599,1.1424,0.0698248,0.65,0.684883,1,33,0.93064,0.0282831,-0.215897
4.568,0.785398,-1.08897,0.418197,-0.785398,0.523599,-0.523599,1.14298,0.0703091,0.65,0.685457,1,33,0.931199,0.0283857,-0.215395
4.57,0.785398,-1.08926,0.417758,-0.785398,0.523599,-0.523599,1.14356,0.0707949,0.65,0.686031,1,33,0.931758,0.0284887,-0.214892
4.572,0.785398,-1.08956,0.417319,-0.785398,0.523599,-0.523599,1.14413,0.0712821,0.65,0.686604,1,33,0.932315,0.0285919,-0.21439
4.574,0.785398,-1.08986,0.416881,-0.785398,0.523599,-0.523599,1.14471,0.0717707,0.65,0.687177,1,33,0.932873,0.0286953,-0.213886
4.576,0.785398,-1.09016,0.416444,-0.785398,0.523599,-0.523599,1.14528,0.0722608,0.65,0.687749,1,33,0.933429,0.028799,-0.213383
4.578,0.785398,-1.09046,0.416007,-0.785398,0.523599,-0.523599,1.14585,0.0727523,0.65,0.688321,1,33,0.933985,0.028903,-0.212878
4.58,0.785398,-1.09076,0.415572,-0.785398,0.523599,-0.523599,1.14642,0.0732452,0.65,0.688891,1,33,0.93454,0.0290073,-0.212374
4.582,0.785398,-1.09106,0.415137,-0.785398,0.523599,-0.523599,1.14699,0.0737396,0.65,0.689462,1,33,0.935095,0.0291118,-0.211869
4.584,0.785398,-1.09136,0.414703,-0.785398,0.523599,-0.523599,1.14756,0.0742354,0.65,0.690032,1,33,0.935649,0.0292166,-0.211364
4.586,0.785398,-1.09166,0.41427,-0.785398,0.523599,-0.523599,1.14813,0.0747327,0.65,0.690601,1,33,0.936202,0.0293216,-0.210858
4.588,0.785398,-1.09196,0.413838,-0.785398,0.523599,-0.523599,1.14869,0.0752313,0.65,0.691169,1,33,0.936755,0.0294268,-0.210352
4.59,0.785398,-1.09227,0.413406,-0.785398,0.523599,-0.523599,1.14926,0.0757314,0.65,0.691737,1,33,0.937307,0.0295323,-0.209845
4.592,0.785398,-1.09257,0.412975,-0.785398,0.523599,-0.523599,1.14982,0.0762329,0.65,0.692305,1,33,0.937859,0.0296381,-0.209338
4.594,0.785398,-1.09287,0.412545,-0.785398,0.523599,-0.523599,1.15038,0.0767358,0.65,0.692871,1,33,0.93841,0.0297441,-0.208831
4.596,0.785398,-1.09318,0.412116,-0.785398,0.523599,-0.523599,1.15094,0.0772401,0.65,0.693438,1,33,0.93896,0.0298503,-0.208323
4.598,0.785398,-1.09348,0.411688,-0.785398,0.523599,-0.523599,1.1515,0.0777459,0.65,0.694003,1,33,0.93951,0.0299568,-0.207815
4.6,0.785398,-1.09379,0.41126,-0.785398,0.523599,-0.523599,1.15206,0.078253,0.65,0.694568,1,33,0.940059,0.0300635,-0.207306
4.602,0.785398,-1.09409,0.410833,-0.785398,0.523599,-0.523599,1.15262,0.0787615,0.65,0.695133,1,33,0.940607,0.0301705,-0.206797
4.604,0.785398,-1.0944,0.410407,-0.785398,0.523599,-0.523599,1.15317,0.0792714,0.65,0.695696,1,33,0.941155,0.0302777,-0.206288
4.606,0.785398,-1.09471,0.409982,-0.785398,0.523599,-0.523599,1.15373,0.0797828,0.65,0.69626,1,33,0.941702,0.0303851,-0.205778
4.608,0.785398,-1.09502,0.409558,-0.785398,0.523599,-0.523599,1.15428,0.0802955,0.65,0.696822,1,33,0.942248,0.0304927,-0.205268
4.61,0.785398,-1.09533,0.409134,-0.785398,0.523599,-0.523599,1.15483,0.0808096,0.65,0.697384,1,33,0.942794,0.0306006,-0.204758
4.612,0.785398,-1.09563,0.408711,-0.785398,0.523599,-0.523599,1.15538,0.0813251,0.65,0.697945,1,33,0.943339,0.0307087,-0.204247
4.614,0.785398,-1.09594,0.408289,-0.785398,0.523599,-0.523599,1.15593,0.0818419,0.65,0.698506,1,33,0.943884,0.030817,-0.203735
4.616,0.785398,-1.09625,0.407868,-0.785398,0.523599,-0.523599,1.15648,0.0823602,0.65,0.699066,1,33,0.944428,0.0309255,-0.203224
4.618,0.785398,-1.09656,0.407448,-0.785398,0.523599,-0.523599,1.15702,0.0828798,0.65,0.699626,1,33,0.944971,0.0310342,-0.202712
4.62,0.785398,-1.09688,0.407028,-0.785398,0.523599,-0.523599,1.15757,0.0834008,0.65,0.700185,1,33,0.945513,0.0311431,-0.202199
4.622,0.785398,-1.09719,0.406609,-0.785398,0.523599,-0.523599,1.15811,0.0839232,0.65,0.700743,1,33,0.946055,0.0312523,-0.201686
4.624,0.785398,-1.0975,0.406191,-0.785398,0.523599,-0.523599,1.15865,0.0844469,0.65,0.701301,1,33,0.946596,0.0313617,-0.201173
4.626,0.785398,-1.09781,0.405774,-0.785398,0.523599,-0.523599,1.1592,0.084972,0.65,0.701858,1,33,0.947137,0.0314712,-0.200659
4.628,0.785398,-1.09813,0.405358,-0.785398,0.523599,-0.523599,1.15974,0.0854984,0.65,0.702414,1,33,0.947677,0.031581,-0.200145
4.63,0.785398,-1.09844,0.404942,-0.785398,0.523599,-0.523599,1.16027,0.0860262,0.65,0.70297,1,33,0.948216,0.031691,-0.19963
4.632,0.785398,-1.09875,0.404528,-0.785398,0.523599,-0.523599,1.16081,0.0865554,0.65,0.703525,1,33,0.948755,0.0318011,-0.199116
4.634,0.785398,-1.09907,0.404114,-0.785398,0.523599,-0.523599,1.16135,0.0870859,0.65,0.70408,1,33,0.949293,0.0319115,-0.1986
4.636,0.785398,-1.09938,0.403701,-0.785398,0.523599,-0.523599,1.16188,0.0876177,0.65,0.704633,1,33,0.94983,0.032022,-0.198085
4.638,0.785398,-1.0997,0.403288,-0.785398,0.523599,-0.523599,1.16241,0.0881509,0.65,0.705187,1,33,0.950367,0.0321328,-0.197569
4.64,0.785398,-1.10002,0.402877,-0.785398,0.523599,-0.523599,1.16295,0.0886854,0.65,0.705739,1,33,0.950903,0.0322437,-0.197052
4.642,0.785398,-1.10033,0.402466,-0.785398,0.523599,-0.523599,1.16348,0.0892213,0.65,0.706291,1,33,0.951438,0.0323548,-0.196535
4.644,0.785398,-1.10065,0.402056,-0.785398,0.523599,-0.523599,1.16401,0.0897585,0.65,0.706843,1,33,0.951973,0.0324661,-0.196018
4.646,0.785398,-1.10097,0.401647,-0.785398,0.523599,-0.523599,1.16453,0.090297,0.65,0.707393,1,33,0.952507,0.0325776,-0.1955
4.648,0.785398,-1.10129,0.401239,-0.785398,0.523599,-0.523599,1.16506,0.0908368,0.65,0.707943,1,33,0.95304,0.0326892,-0.194982
4.65,0.785398,-1.10161,0.400832,-0.785398,0.523599,-0.523599,1.16558,0.091378,0.65,0.708493,1,33,0.953573,0.032801,-0.194464
4.652,0.785398,-1.10192,0.400425,-0.785398,0.523599,-0.523599,1.16611,0.0919205,0.65,0.709041,1,33,0.954105,0.0329116,-0.193945
4.654,0.785398,-1.10224,0.40002,-0.785398,0.523599,-0.523599,1.16663,0.0924643,0.65,0.709587,1,33,0.954636,0.0330049,-0.193426
4.656,0.785398,-1.10257,0.399615,-0.785398,0.523599,-0.523599,1.16715,0.0930094,0.65,0.710131,1,33,0.955166,0.0330984,-0.192907
4.658,0.785398,-1.10289,0.399211,-0.785398,0.523599,-0.523599,1.16767,0.0935558,0.65,0.710675,1,33,0.955696,0.0331921,-0.192387
4.66,0.785398,-1.10321,0.398807,-0.785398,0.523599,-0.523599,1.16819,0.0941035,0.65,0.711218,1,33,0.956226,0.0332859,-0.191866
4.662,0.785398,-1.10353,0.398405,-0.785398,0.523599,-0.523599,1.16871,0.0946525,0.65,0.711761,1,33,0.956754,0.03338,-0.191346
4.664,0.785398,-1.10385,0.398003,-0.785398,0.523599,-0.523599,1.16922,0.0952029,0.65,0.712303,1,33,0.957282,0.0334742,-0.190824
4.666,0.785398,-1.10417,0.397602,-0.785398,0.523599,-0.523599,1.16974,0.0957545,0.65,0.712845,1,33,0.957809,0.0335686,-0.190303
4.668,0.785398,-1.1045,0.397202,-0.785398,0.523599,-0.523599,1.17025,0.0963074,0.65,0.713385,1,33,0.958336,0.0336633,-0.189781
4.67,0.785398,-1.10482,0.396803,-0.785398,0.523599,-0.523599,1.17076,0.0968616,0.65,0.713926,1,33,0.958862,0.0337638,-0.189259
4.672,0.785398,-1.10515,0.396405,-0.785398,0.523599,-0.523599,1.17127,0.097417,0.65,0.714466,1,33,0.959387,0.0338645,-0.188736
4.674,0.785398,-1.10547,0.396007,-0.785398,0.523599,-0.523599,1.17178,0.0979738,0.65,0.715006,1,33,0.959911,0.0339653,-0.188213
4.676,0.785398,-1.1058,0.395611,-0.785398,0.523599,-0.523599,1.17228,0.0985318,0.65,0.715545,1,33,0.960435,0.0340663,-0.18769
4.678,0.785398,-1.10612,0.395215,-0.785398,0.523599,-0.523599,1.17279,0.0990911,0.65,0.716083,1,33,0.960958,0.0341675,-0.187166
4.68,0.785398,-1.10645,0.39482,-0.785398,0.523599,-0.523599,1.17329,0.0996517,0.65,0.716621,1,33,0.961481,0.0342688,-0.186642
4.682,0.785398,-1.10677,0.394426,-0.785398,0.523599,-0.523599,1.1738,0.100214,0.65,0.717158,1,33,0.962002,0.0343702,-0.186118
4.684,0.785398,-1.1071,0.394032,-0.785398,0.523599,-0.523599,1.1743,0.100777,0.65,0.717694,1,33,0.962523,0.0344718,-0.185593
4.686,0.785398,-1.10743,0.39364,-0.785398,0.523599,-0.523599,1.1748,0.101341,0.65,0.71823,1,33,0.963044,0.0345736,-0.185068
4.688,0.785398,-1.10776,0.393248,-0.785398,0.523599,-0.523599,1.1753,0.101907,0.65,0.718765,1,33,0.963564,0.0346755,-0.184542
4.69,0.785398,-1.10808,0.392857,-0.785398,0.523599,-0.523599,1.17579,0.102473,0.65,0.719299,1,33,0.964082,0.0347776,-0.184016
4.692,0.785398,-1.10841,0.392467,-0.785398,0.523599,-0.523599,1.17629,0.103042,0.65,0.719833,1,33,0.964601,0.0348798,-0.18349
4.694,0.785398,-1.10874,0.392078,-0.785398,0.523599,-0.523599,1.17678,0.103611,0.65,0.720366,1,33,0.965118,0.0349821,-0.182963
4.696,0.785398,-1.10907,0.391689,-0.785398,0.523599,-0.523599,1.17728,0.104181,0.65,0.720898,1,33,0.965635,0.0350846,-0.182436
4.698,0.785398,-1.1094,0.391302,-0.785398,0.523599,-0.523599,1.17777,0.104753,0.65,0.72143,1,33,0.966151,0.0351872,-0.181908
4.7,0.785398,-1.10973,0.390915,-0.785398,0.523599,-0.523599,1.17826,0.105326,0.65,0.72196,1,33,0.966667,0.0352899,-0.18138
4.702,0.785398,-1.11006,0.390529,-0.785398,0.523599,-0.523599,1.17875,0.105901,0.65,0.722491,1,33,0.967182,0.0353928,-0.180852
4.704,0.785398,-1.1104,0.390144,-0.785398,0.523599,-0.523599,1.17923,0.106476,0.65,0.72302,1,33,0.967696,0.0354958,-0.180323
4.706,0.785398,-1.11073,0.38976,-0.785398,0.523599,-0.523599,1.17972,0.107053,0.65,0.723549,1,33,0.968209,0.0355989,-0.179795
4.708,0.785398,-1.11106,0.389377,-0.785398,0.523599,-0.523599,1.1802,0.107631,0.65,0.724077,1,33,0.968722,0.0357021,-0.179265
4.71,0.785398,-1.11139,0.388994,-0.785398,0.523599,-0.523599,1.18069,0.10821,0.65,0.724605,1,33,0.969234,0.0358055,-0.178735
4.712,0.785398,-1.11173,0.388613,-0.785398,0.523599,-0.523599,1.18117,0.10879,0.65,0.725132,1,33,0.969745,0.0359089,-0.178205
4.714,0.785398,-1.11206,0.388232,-0.785398,0.523599,-0.523599,1.18165,0.109372,0.65,0.725658,1,33,0.970256,0.0360125,-0.177675
4.716,0.785398,-1.11239,0.387852,-0.785398,0.523599,-0.523599,1.18213,0.109955,0.65,0.726183,1,33,0.970766,0.0361162,-0.177144
4.718,0.785398,-1.11273,0.387473,-0.785398,0.523599,-0.523599,1.1826,0.110539,0.65,0.726665,1,35,0.968839,0.0521731,-0.134009
4.72,0.785398,-1.11306,0.387094,-0.785398,0.523599,-0.523599,1.18308,0.111124,0.65,0.727144,1,35,0.969299,0.0522999,-0.133503
4.722,0.785398,-1.1134,0.386717,-0.785398,0.523599,-0.523599,1.18355,0.11171,0.65,0.727621,1,35,0.969757,0.0524269,-0.132996
4.724,0.785398,-1.11374,0.38634,-0.785398,0.523599,-0.523599,1.18403,0.112298,0.65,0.728099,1,35,0.970216,0.052554,-0.132489
4.726,0.785398,-1.11407,0.385964,-0.785398,0.523599,-0.523599,1.1845,0.112887,0.65,0.728575,1,35,0.970673,0.0526811,-0.131981
4.728,0.785398,-1.11441,0.38559,-0.785398,0.523599,-0.523599,1.18497,0.113477,0.65,0.729051,1,35,0.97113,0.0528083,-0.131474
4.73,0.785398,-1.11475,0.385215,-0.785398,0.523599,-0.523599,1.18543,0.114068,0.65,0.729527,1,35,0.971586,0.0529355,-0.130966
4.732,0.785398,-1.11508,0.384842,-0.785398,0.523599,-0.523599,1.1859,0.11466,0.65,0.730002,1,35,0.972042,0.0530628,-0.130458
4.734,0.785398,-1.11542,0.38447,-0.785398,0.523599,-0.523599,1.18637,0.115254,0.65,0.730476,1,35,0.972497,0.0531902,-0.12995
4.736,0.785398,-1.11576,0.384098,-0.785398,0.523599,-0.523599,1.18683,0.115848,0.65,0.730949,1,35,0.972952,0.0533176,-0.129441
4.738,0.785398,-1.1161,0.383728,-0.785398,0.523599,-0.523599,1.18729,0.116444,0.65,0.731423,1,35,0.973406,0.053445,-0.128933
4.74,0.785398,-1.11644,0.383358,-0.785398,0.523599,-0.523599,1.18775,0.117041,0.65,0.731895,1,35,0.973859,0.0535725,-0.128424
4.742,0.785398,-1.11678,0.382989,-0.785398,0.523599,-0.523599,1.18821,0.117639,0.65,0.732367,1,35,0.974312,0.0537001,-0.127915
4.744,0.785398,-1.11712,0.382621,-0.785398,0.523599,-0.523599,1.18867,0.118238,0.65,0.732838,1,35,0.974764,0.0538277,-0.127405
4.746,0.785398,-1.11746,0.382253,-0.785398,0.523599,-0.523599,1.18912,0.118839,0.65,0.733309,1,35,0.975215,0.0539553,-0.126896
4.748,0.785398,-1.1178,0.381887,-0.785398,0.523599,-0.523599,1.18958,0.11944,0.65,0.733779,1,35,0.975666,0.054083,-0.126386
4.75,0.785398,-1.11814,0.381521,-0.785398,0.523599,-0.523599,1.19003,0.120043,0.65,0.734248,1,35,0.976117,0.0542107,-0.125876
4.752,0.785398,-1.11848,0.381157,-0.785398,0.523599,-0.523599,1.19048,0.120647,0.65,0.734717,1,35,0.976566,0.0543384,-0.125366
4.754,0.785398,-1.11882,0.380793,-0.785398,0.523599,-0.523599,1.19093,0.121252,0.65,0.735185,1,35,0.977015,0.0544661,-0.124855
4.756,0.785398,-1.11917,0.38043,-0.785398,0.523599,-0.523599,1.19138,0.121858,0.65,0.735653,1,35,0.977464,0.0545939,-0.124344
4.758,0.785398,-1.11951,0.380068,-0.785398,0.523599,-0.523599,1.19183,0.122465,0.65,0.73612,1,35,0.977912,0.0547217,-0.123834
4.76,0.785398,-1.11985,0.379706,-0.785398,0.523599,-0.523599,1.19227,0.123073,0.65,0.736586,1,35,0.978359,0.0548495,-0.123322
4.762,0.785398,-1.1202,0.379346,-0.785398,0.523599,-0.523599,1.19272,0.123683,0.65,0.737052,1,35,0.978806,0.0549773,-0.122811
4.764,0.785398,-1.12054,0.378986,-0.785398,0.523599,-0.523599,1.19316,0.124294,0.65,0.737517,1,35,0.979252,0.0551051,-0.122299
4.766,0.785398,-1.12089,0.378628,-0.785398,0.523599,-0.523599,1.1936,0.124905,0.65,0.737982,1,35,0.979697,0.0552329,-0.121788
4.768,0.785398,-1.12123,0.37827,-0.785398,0.523599,-0.523599,1.19404,0.125518,0.65,0.738446,1,35,0.980142,0.0553608,-0.121276
4.77,0.785398,-1.12158,0.377913,-0.785398,0.523599,-0.523599,1.19448,0.126132,0.65,0.738909,1,35,0.980586,0.0554886,-0.120763
4.772,0.785398,-1.12192,0.377556,-0.785398,0.523599,-0.523599,1.19491,0.126747,0.65,0.739372,1,35,0.98103,0.0556164,-0.120251
4.774,0.785398,-1.12227,0.377201,-0.785398,0.523599,-0.523599,1.19535,0.127363,0.65,0.739834,1,35,0.981472,0.0557442,-0.119738
4.776,0.785398,-1.12261,0.376847,-0.785398,0.523599,-0.523599,1.19578,0.12798,0.65,0.740296,1,35,0.981915,0.055872,-0.119225
4.778,0.785398,-1.12296,0.376493,-0.785398,0.523599,-0.523599,1.19621,0.128598,0.65,0.740756,1,35,0.982356,0.0559997,-0.118712
4.78,0.785398,-1.12331,0.376141,-0.785398,0.523599,-0.523599,1.19664,0.129218,0.65,0.741217,1,35,0.982797,0.0561275,-0.118199
4.782,0.785398,-1.12366,0.375789,-0.785398,0.523599,-0.523599,1.19707,0.129838,0.65,0.741676,1,35,0.983238,0.0562552,-0.117685
4.784,0.785398,-1.124,0.375438,-0.785398,0.523599,-0.523599,1.1975,0.13046,0.65,0.742135,1,35,0.983678,0.0563829,-0.117171
4.786,0.785398,-1.12435,0.375088,-0.785398,0.523599,-0.523599,1.19792,0.131082,0.65,0.742593,1,35,0.984117,0.0565106,-0.116657
4.788,0.785398,-1.1247,0.374738,-0.785398,0.523599,-0.523599,1.19835,0.131706,0.65,0.743051,1,35,0.984555,0.0566383,-0.116143
4.79,0.785398,-1.12505,0.37439,-0.785398,0.523599,-0.523599,1.19877,0.132331,0.65,0.743508,1,35,0.984993,0.0567659,-0.115628
4.792,0.785398,-1.1254,0.374042,-0.785398,0.523599,-0.523599,1.19919,0.132956,0.65,0.743965,1,35,0.985431,0.0568934,-0.115114
4.794,0.785398,-1.12575,0.373696,-0.785398,0.523599,-0.523599,1.19961,0.133583,0.65,0.744421,1,35,0.985867,0.0570243,-0.114599
4.796,0.785398,-1.1261,0.37335,-0.785398,0.523599,-0.523599,1.20003,0.134211,0.65,0.744877,1,35,0.986303,0.0571603,-0.114083
4.798,0.785398,-1.12645,0.373005,-0.785398,0.523599,-0.523599,1.20044,0.13484,0.65,0.745333,1,35,0.986739,0.0572963,-0.113568
4.8,0.785398,-1.1268,0.372661,-0.785398,0.523599,-0.523599,1.20086,0.13547,0.65,0.745788,1,35,0.987173,0.0574322,-0.113052
4.802,0.785398,-1.12715,0.372318,-0.785398,0.523599,-0.523599,1.20127,0.136101,0.65,0.746243,1,35,0.987608,0.0575681,-0.112537
4.804,0.785398,-1.1275,0.371976,-0.785398,0.523599,-0.523599,1.20168,0.136733,0.65,0.746696,1,35,0.988041,0.0577011,-0.112021
4.806,0.785398,-1.12786,0.371634,-0.785398,0.523599,-0.523599,1.20209,0.137366,0.65,0.747148,1,35,0.988474,0.0578282,-0.111504
4.808,0.785398,-1.12821,0.371294,-0.785398,0.523599,-0.523599,1.2025,0.138,0.65,0.747599,1,35,0.988906,0.0579552,-0.110988
4.81,0.785398,-1.12856,0.370954,-0.785398,0.523599,-0.523599,1.20291,0.138635,0.65,0.74805,1,35,0.989338,0.0580821,-0.110471
4.812,0.785398,-1.12891,0.370615,-0.785398,0.523599,-0.523599,1.20331,0.139271,0.65,0.7485,1,35,0.989768,0.058209,-0.109954
4.814,0.785398,-1.12927,0.370277,-0.785398,0.523599,-0.523599,1.20371,0.139908,0.65,0.748949,1,35,0.990199,0.0583358,-0.109437
4.816,0.785398,-1.12962,0.36994,-0.785398,0.523599,-0.523599,1.20412,0.140547,0.65,0.749398,1,35,0.990628,0.0584625,-0.10892
4.818,0.785398,-1.12998,0.369604,-0.785398,0.523599,-0.523599,1.20452,0.141186,0.65,0.749846,1,35,0.991057,0.0585891,-0.108402
4.82,0.785398,-1.13033,0.369269,-0.785398,0.523599,-0.523599,1.20491,0.141826,0.65,0.750293,1,35,0.991486,0.0587157,-0.107884
4.822,0.785398,-1.13069,0.368934,-0.785398,0.523599,-0.523599,1.20531,0.142467,0.65,0.75074,1,35,0.991913,0.0588421,-0.107366
4.824,0.785398,-1.13104,0.368601,-0.785398,0.523599,-0.523599,1.20571,0.143109,0.65,0.751186,1,35,0.99234,0.0589685,-0.106848
4.826,0.785398,-1.1314,0.368268,-0.785398,0.523599,-0.523599,1.2061,0.143752,0.65,0.751631,1,35,0.992767,0.0590948,-0.106329
4.828,0.785398,-1.13175,0.367936,-0.785398,0.523599,-0.523599,1.20649,0.144397,0.65,0.752076,1,35,0.993192,0.059221,-0.105811
4.83,0.785398,-1.13211,0.367605,-0.785398,0.523599,-0.523599,1.20688,0.145042,0.65,0.75252,1,35,0.993617,0.0593471,-0.105292
4.832,0.785398,-1.13247,0.367275,-0.785398,0.523599,-0.523599,1.20727,0.145688,0.65,0.752963,1,35,0.994042,0.059473,-0.104773
4.834,0.785398,-1.13282,0.366946,-0.785398,0.523599,-0.523599,1.20766,0.146335,0.65,0.753405,1,35,0.994466,0.0595989,-0.104253
4.836,0.785398,-1.13318,0.366618,-0.785398,0.523599,-0.523599,1.20804,0.146983,0.65,0.753847,1,35,0.994889,0.0597247,-0.103734
4.838,0.785398,-1.13354,0.366291,-0.785398,0.523599,-0.523599,1.20843,0.147632,0.65,0.754289,1,35,0.995311,0.0598503,-0.103214
4.84,0.785398,-1.1339,0.365964,-0.785398,0.523599,-0.523599,1.20881,0.148282,0.65,0.754729,1,35,0.995733,0.0599759,-0.102694
4.842,0.785398,-1.13426,0.365638,-0.785398,0.523599,-0.523599,1.20919,0.148933,0.65,0.755169,1,35,0.996154,0.0601013,-0.102174
4.844,0.785398,-1.13461,0.365314,-0.785398,0.523599,-0.523599,1.20957,0.149585,0.65,0.755609,1,35,0.996575,0.0602266,-0.101653
4.846,0.785398,-1.13497,0.36499,-0.785398,0.523599,-0.523599,1.20994,0.150238,0.65,0.756047,1,35,0.996994,0.0603518,-0.101133
4.848,0.785398,-1.13533,0.364667,-0.785398,0.523599,-0.523599,1.21032,0.150891,0.65,0.756485,1,35,0.997414,0.0604768,-0.100612
4.85,0.785398,-1.13569,0.364345,-0.785398,0.523599,-0.523599,1.21069,0.151546,0.65,0.756922,1,35,0.997832,0.0606017,-0.100091
4.852,0.785398,-1.13605,0.364024,-0.785398,0.523599,-0.523599,1.21107,0.152202,0.65,0.757359,1,35,0.99825,0.0607265,-0.0995694
4.854,0.785398,-1.13641,0.363703,-0.785398,0.523599,-0.523599,1.21144,0.152858,0.65,0.757795,1,35,0.998667,0.0608512,-0.0990479
4.856,0.785398,-1.13677,0.363384,-0.785398,0.523599,-0.523599,1.21181,0.153516,0.65,0.75823,1,35,0.999083,0.0609757,-0.0985261
4.858,0.785398,-1.13714,0.363065,-0.785398,0.523599,-0.523599,1.21217,0.154174,0.65,0.758664,1,35,0.999499,0.0611,-0.0980042
4.86,0.785398,-1.1375,0.362748,-0.785398,0.523599,-0.523599,1.21254,0.154834,0.65,0.759098,1,35,0.999914,0.0612242,-0.097482
4.862,0.785398,-1.13786,0.362431,-0.785398,0.523599,-0.523599,1.2129,0.155494,0.65,0.759531,1,35,1.00033,0.0613483,-0.0969596
4.864,0.785398,-1.13822,0.362115,-0.785398,0.523599,-0.523599,1.21327,0.156155,0.65,0.759963,1,35,1.00074,0.0614722,-0.096437
4.866,0.785398,-1.13858,0.3618,-0.785398,0.523599,-0.523599,1.21363,0.156817,0.65,0.760395,1,35,1.00116,0.0615959,-0.0959142
4.868,0.785398,-1.13895,0.361486,-0.785398,0.523599,-0.523599,1.21399,0.15748,0.65,0.760826,1,35,1.00157,0.0617195,-0.0953912
4.87,0.785398,-1.13931,0.361173,-0.785398,0.523599,-0.523599,1.21434,0.158144,0.65,0.761256,1,35,1.00198,0.061843,-0.094868
4.872,0.785398,-1.13967,0.360861,-0.785398,0.523599,-0.523599,1.2147,0.158809,0.65,0.761686,1,35,1.00239,0.0619662,-0.0943445
4.874,0.785398,-1.14004,0.360549,-0.785398,0.523599,-0.523599,1.21505,0.159475,0.65,0.762115,1,35,1.0028,0.0620893,-0.0938208
4.876,0.785398,-1.1404,0.360239,-0.785398,0.523599,-0.523599,1.2154,0.160141,0.65,0.762543,1,35,1.00321,0.0622122,-0.093297
4.878,0.785398,-1.14077,0.359929,-0.785398,0.523599,-0.523599,1.21576,0.160809,0.65,0.762971,1,35,1.00362,0.062335,-0.0927729
4.88,0.785398,-1.14113,0.35962,-0.785398,0.523599,-0.523599,1.2161,0.161477,0.65,0.763397,1,35,1.00403,0.0624575,-0.0922486
4.882,0.785398,-1.1415,0.359312,-0.785398,0.523599,-0.523599,1.21645,0.162146,0.65,0.763823,1,35,1.00444,0.0625799,-0.0917241
4.884,0.785398,-1.14186,0.359006,-0.785398,0.523599,-0.523599,1.2168,0.162816,0.65,0.764249,1,35,1.00484,0.0627021,-0.0911993
4.886,0.785398,-1.14223,0.3587,-0.785398,0.523599,-0.523599,1.21714,0.163487,0.65,0.764673,1,35,1.00525,0.0628242,-0.0906744
4.888,0.785398,-1.1426,0.358394,-0.785398,0.523599,-0.523599,1.21748,0.164159,0.65,0.765097,1,35,1.00566,0.062946,-0.0901492
4.89,0.785398,-1.14296,0.35809,-0.785398,0.523599,-0.523599,1.21782,0.164832,0.65,0.76552,1,35,1.00606,0.0630676,-0.0896239
4.892,0.785398,-1.14333,0.357787,-0.785398,0.523599,-0.523599,1.21816,0.165505,0.65,0.765943,1,35,1.00646,0.0631891,-0.0890983
4.894,0.785398,-1.1437,0.357484,-0.785398,0.523599,-0.523599,1.2185,0.16618,0.65,0.766365,1,35,1.00687,0.0633103,-0.0885725
4.896,0.785398,-1.14406,0.357183,-0.785398,0.523599,-0.523599,1.21884,0.166855,0.65,0.766786,1,35,1.00727,0.0634313,-0.0880465
4.898,0.785398,-1.14443,0.356882,-0.785398,0.523599,-0.523599,1.21917,0.167531,0.65,0.767206,1,35,1.00767,0.0635522,-0.0875203
4.9,0.785398,-1.1448,0.356582,-0.785398,0.523599,-0.523599,1.2195,0.168208,0.65,0.767626,1,35,1.00807,0.0636728,-0.0869939
4.902,0.785398,-1.14517,0.356284,-0.785398,0.523599,-0.523599,1.21983,0.168886,0.65,0.768045,1,35,1.00848,0.0637932,-0.0864673
4.904,0.785398,-1.14554,0.355986,-0.785398,0.523599,-0.523599,1.22016,0.169564,0.65,0.768463,1,35,1.00888,0.0639134,-0.0859405
4.906,0.785398,-1.14591,0.355689,-0.785398,0.523599,-0.523599,1.22049,0.170244,0.65,0.76888,1,35,1.00928,0.0640334,-0.0854134
4.908,0.785398,-1.14627,0.355392,-0.785398,0.523599,-0.523599,1.22081,0.170924,0.65,0.769297,1,35,1.00967,0.0641531,-0.0848862
4.91,0.785398,-1.14664,0.355097,-0.785398,0.523599,-0.523599,1.22114,0.171605,0.65,0.769713,1,35,1.01007,0.0642727,-0.0843587
4.912,0.785398,-1.14701,0.354803,-0.785398,0.523599,-0.523599,1.22146,0.172287,0.65,0.770128,1,35,1.01047,0.064392,-0.083831
4.914,0.785398,-1.14738,0.354509,-0.785398,0.523599,-0.523599,1.22178,0.17297,0.65,0.770543,1,35,1.01087,0.0645111,-0.0833032
4.916,0.785398,-1.14776,0.354217,-0.785398,0.523599,-0.523599,1.2221,0.173653,0.65,0.770956,1,35,1.01126,0.0646299,-0.0827751
4.918,0.785398,-1.14813,0.353925,-0.785398,0.523599,-0.523599,1.22241,0.174337,0.65,0.771369,1,35,1.01166,0.0647486,-0.0822468
4.92,0.785398,-1.1485,0.353635,-0.785398,0.523599,-0.523599,1.22273,0.175022,0.65,0.771782,1,35,1.01205,0.0648669,-0.0817183
4.922,0.785398,-1.14887,0.353345,-0.785398,0.523599,-0.523599,1.22304,0.175708,0.65,0.772193,1,35,1.01245,0.0649851,-0.0811896
4.924,0.785398,-1.14924,0.353056,-0.785398,0.523599,-0.523599,1.22335,0.176395,0.65,0.772604,1,35,1.01284,0.065103,-0.0806607
4.926,0.785398,-1.14961,0.352768,-0.785398,0.523599,-0.523599,1.22366,0.177082,0.65,0.773014,1,35,1.01323,0.0652206,-0.0801316
4.928,0.785398,-1.14999,0.352481,-0.785398,0.523599,-0.523599,1.22397,0.17777,0.65,0.773423,1,35,1.01362,0.0653381,-0.0796023
4.93,0.785398,-1.15036,0.352195,-0.785398,0.523599,-0.523599,1.22428,0.178459,0.65,0.773832,1,35,1.01401,0.0654552,-0.0790728
4.932,0.785398,-1.15073,0.351909,-0.785398,0.523599,-0.523599,1.22458,0.179149,0.65,0.77424,1,35,1.0144,0.0655721,-0.078543
4.934,0.785398,-1.1511,0.351625,-0.785398,0.523599,-0.523599,1.22488,0.179839,0.65,0.774647,1,35,1.01479,0.0656888,-0.0780131
4.936,0.785398,-1.15148,0.351342,-0.785398,0.523599,-0.523599,1.22519,0.180531,0.65,0.775053,1,35,1.01518,0.0658052,-0.077483
4.938,0.785398,-1.15185,0.351059,-0.785398,0.523599,-0.523599,1.22548,0.181223,0.65,0.775459,1,35,1.01557,0.0659213,-0.0769526
4.94,0.785398,-1.15223,0.350777,-0.785398,0.523599,-0.523599,1.22578,0.181915,0.65,0.775863,1,35,1.01596,0.0660371,-0.0764221
4.942,0.785398,-1.1526,0.350497,-0.785398,0.523599,-0.523599,1.22608,0.182609,0.65,0.776267,1,35,1.01634,0.0661527,-0.0758913
4.944,0.785398,-1.15298,0.350217,-0.785398,0.523599,-0.523599,1.22637,0.183303,0.65,0.776671,1,35,1.01673,0.0662681,-0.0753604
4.946,0.785398,-1.15335,0.349938,-0.785398,0.523599,-0.523599,1.22667,0.183998,0.65,0.777073,1,35,1.01712,0.0663831,-0.0748292
4.948,0.785398,-1.15373,0.34966,-0.785398,0.523599,-0.523599,1.22696,0.184694,0.65,0.777475,1,35,1.0175,0.0664979,-0.0742979
4.95,0.785398,-1.1541,0.349383,-0.785398,0.523599,-0.523599,1.22724,0.18539,0.65,0.777876,1,35,1.01788,0.0666124,-0.0737663
4.952,0.785398,-1.15448,0.349107,-0.785398,0.523599,-0.523599,1.22753,0.186087,0.65,0.778276,1,35,1.01827,0.0667266,-0.0732346
4.954,0.785398,-1.15485,0.348832,-0.785398,0.523599,-0.523599,1.22782,0.186785,0.65,0.778676,1,35,1.01865,0.0668405,-0.0727026
4.956,0.785398,-1.15523,0.348557,-0.785398,0.523599,-0.523599,1.2281,0.187484,0.65,0.779074,1,35,1.01903,0.0669542,-0.0721705
4.958,0.785398,-1.15561,0.348284,-0.785398,0.523599,-0.523599,1.22838,0.188183,0.65,0.779472,1,35,1.01941,0.0670675,-0.0716381
4.96,0.785398,-1.15599,0.348012,-0.785398,0.523599,-0.523599,1.22866,0.188883,0.65,0.779869,1,35,1.01979,0.0671806,-0.0711056
4.962,0.785398,-1.15636,0.34774,-0.785398,0.523599,-0.523599,1.22894,0.189584,0.65,0.780266,1,35,1.02017,0.0672934,-0.0705728
4.964,0.785398,-1.15674,0.347469,-0.785398,0.523599,-0.523599,1.22922,0.190285,0.65,0.780661,1,35,1.02055,0.0674058,-0.0700399
4.966,0.785398,-1.15712,0.3472,-0.785398,0.523599,-0.523599,1.22949,0.190987,0.65,0.781056,1,35,1.02093,0.067518,-0.0695067
4.968,0.785398,-1.1575,0.346931,-0.785398,0.523599,-0.523599,1.22977,0.19169,0.65,0.78145,1,35,1.02131,0.0676299,-0.0689734
4.97,0.785398,-1.15788,0.346663,-0.785398,0.523599,-0.523599,1.23004,0.192394,0.65,0.781843,1,35,1.02168,0.0677415,-0.0684398
4.972,0.785398,-1.15825,0.346396,-0.785398,0.523599,-0.523599,1.23031,0.193098,0.65,0.782236,1,35,1.02206,0.0678527,-0.0679061
4.974,0.785398,-1.15863,0.34613,-0.785398,0.523599,-0.523599,1.23057,0.193803,0.65,0.782628,1,35,1.02243,0.0679637,-0.0673721
4.976,0.785398,-1.15901,0.345865,-0.785398,0.523599,-0.523599,1.23084,0.194508,0.65,0.783019,1,35,1.02281,0.0680743,-0.066838
4.978,0.785398,-1.15939,0.345601,-0.785398,0.523599,-0.523599,1.2311,0.195214,0.65,0.783409,1,35,1.02318,0.0681847,-0.0663037
4.98,0.785398,-1.15977,0.345337,-0.785398,0.523599,-0.523599,1.23137,0.195921,0.65,0.783798,1,35,1.02355,0.0682947,-0.0657691
4.982,0.785398,-1.16015,0.345075,-0.785398,0.523599,-0.523599,1.23163,0.196629,0.65,0.784187,1,35,1.02393,0.0684044,-0.0652344
4.984,0.785398,-1.16053,0.344814,-0.785398,0.523599,-0.523599,1.23189,0.197337,0.65,0.784574,1,35,1.0243,0.0685137,-0.0646995
4.986,0.785398,-1.16091,0.344553,-0.785398,0.523599,-0.523599,1.23214,0.198046,0.65,0.784961,1,35,1.02467,0.0686228,-0.0641644
4.988,0.785398,-1.1613,0.344294,-0.785398,0.523599,-0.523599,1.2324,0.198755,0.65,0.785348,1,35,1.02504,0.0687315,-0.0636291
4.99,0.785398,-1.16168,0.344035,-0.785398,0.523599,-0.523599,1.23265,0.199465,0.65,0.785733,1,35,1.02541,0.0688399,-0.0630936
4.992,0.785398,-1.16206,0.343777,-0.785398,0.523599,-0.523599,1.2329,0.200176,0.65,0.786118,1,35,1.02578,0.068948,-0.0625579
4.994,0.785398,-1.16244,0.34352,-0.785398,0.523599,-0.523599,1.23315,0.200887,0.65,0.786501,1,35,1.02614,0.0690557,-0.062022
4.996,0.785398,-1.16282,0.343264,-0.785398,0.523599,-0.523599,1.2334,0.201599,0.65,0.786884,1,35,1.02651,0.0691631,-0.0614859
4.998,0.785398,-1.16321,0.343009,-0.785398,0.523599,-0.523599,1.23365,0.202312,0.65,0.787267,1,35,1.02688,0.0692701,-0.0609496
5,0.785398,-1.16359,0.342755,-0.785398,0.523599,-0.523599,1.23389,0.203025,0.65,0.787648,1,35,1.02724,0.0693768,-0.0604132
5.002,0.785398,-1.16397,0.342502,-0.785398,0.523599,-0.523599,1.23414,0.203739,0.65,0.788029,1,35,1.02761,0.0694832,-0.0598765
5.004,0.785398,-1.16436,0.34225,-0.785398,0.523599,-0.523599,1.23438,0.204453,0.65,0.788408,1,35,1.02797,0.0695887,-0.0593397
5.006,0.785398,-1.16474,0.341999,-0.785398,0.523599,-0.523599,1.23462,0.205168,0.65,0.788786,1,35,1.02833,0.0696876,-0.0588026
5.008,0.785398,-1.16512,0.341749,-0.785398,0.523599,-0.523599,1.23485,0.205884,0.65,0.789164,1,35,1.0287,0.0697862,-0.0582654
5.01,0.785398,-1.16551,0.341499,-0.785398,0.523599,-0.523599,1.23509,0.2066,0.65,0.78954,1,35,1.02906,0.0698845,-0.057728
5.012,0.785398,-1.16589,0.341251,-0.785398,0.523599,-0.523599,1.23532,0.207317,0.65,0.789915,1,35,1.02942,0.0699824,-0.0571904
5.014,0.785398,-1.16628,0.341003,-0.785398,0.523599,-0.523599,1.23556,0.208034,0.65,0.79029,1,35,1.02978,0.07008,-0.0566526
5.016,0.785398,-1.16666,0.340757,-0.785398,0.523599,-0.523599,1.23579,0.208752,0.65,0.790664,1,35,1.03014,0.0701773,-0.0561146
5.018,0.785398,-1.16705,0.340511,-0.785398,0.523599,-0.523599,1.23601,0.209471,0.65,0.791037,1,35,1.0305,0.0702742,-0.0555764
5.02,0.785398,-1.16743,0.340266,-0.785398,0.523599,-0.523599,1.23624,0.21019,0.65,0.79141,1,35,1.03085,0.0703708,-0.055038
5.022,0.785398,-1.16782,0.340023,-0.785398,0.523599,-0.523599,1.23647,0.210909,0.65,0.791781,1,35,1.03121,0.070467,-0.0544995
5.024,0.785398,-1.1682,0.33978,-0.785398,0.523599,-0.523599,1.23669,0.21163,0.65,0.792152,1,35,1.03157,0.0705629,-0.0539608
5.026,0.785398,-1.16859,0.339538,-0.785398,0.523599,-0.523599,1.23691,0.21235,0.65,0.792522,1,35,1.03192,0.0706585,-0.0534218
5.028,0.785398,-1.16898,0.339297,-0.785398,0.523599,-0.523599,1.23713,0.213072,0.65,0.792891,1,35,1.03228,0.0707536,-0.0528827
5.03,0.785398,-1.16936,0.339057,-0.785398,0.523599,-0.523599,1.23735,0.213794,0.65,0.793259,1,35,1.03263,0.0708485,-0.0523434
5.032,0.785398,-1.16975,0.338818,-0.785398,0.523599,-0.523599,1.23756,0.214516,0.65,0.793626,1,35,1.03298,0.070943,-0.051804
5.034,0.785398,-1.17014,0.338579,-0.785398,0.523599,-0.523599,1.23778,0.215239,0.65,0.793993,1,35,1.03334,0.0710371,-0.0512643
5.036,0.785398,-1.17053,0.338342,-0.785398,0.523599,-0.523599,1.23799,0.215963,0.65,0.794359,1,35,1.03369,0.0711309,-0.0507245
5.038,0.785398,-1.17091,0.338106,-0.785398,0.523599,-0.523599,1.2382,0.216687,0.65,0.794723,1,35,1.03404,0.0712243,-0.0501844
5.04,0.785398,-1.1713,0.337871,-0.785398,0.523599,-0.523599,1.23841,0.217411,0.65,0.795088,1,35,1.03439,0.0713173,-0.0496442
5.042,0.785398,-1.17169,0.337636,-0.785398,0.523599,-0.523599,1.23861,0.218136,0.65,0.795451,1,35,1.03474,0.07141,-0.0491038
5.044,0.785398,-1.17208,0.337403,-0.785398,0.523599,-0.523599,1.23882,0.218862,0.65,0.795813,1,35,1.03509,0.0715023,-0.0485633
5.046,0.785398,-1.17247,0.33717,-0.785398,0.523599,-0.523599,1.23902,0.219588,0.65,0.796175,1,35,1.03544,0.0715942,-0.0480225
5.048,0.785398,-1.17286,0.336938,-0.785398,0.523599,-0.523599,1.23922,0.220315,0.65,0.796536,1,35,1.03578,0.0716858,-0.0474816
5.05,0.785398,-1.17325,0.336708,-0.785398,0.523599,-0.523599,1.23942,0.221042,0.65,0.796896,1,35,1.03613,0.071777,-0.0469405
5.052,0.785398,-1.17364,0.336478,-0.785398,0.523599,-0.523599,1.23962,0.22177,0.65,0.797255,1,35,1.03647,0.0718678,-0.0463992
5.054,0.785398,-1.17403,0.336249,-0.785398,0.523599,-0.523599,1.23982,0.222498,0.65,0.797613,1,35,1.03682,0.0719583,-0.0458577
5.056,0.785398,-1.17442,0.336021,-0.785398,0.523599,-0.523599,1.24001,0.223226,0.65,0.79797,1,35,1.03716,0.0720484,-0.0453161
5.058,0.785398,-1.17481,0.335794,-0.785398,0.523599,-0.523599,1.2402,0.223956,0.65,0.798327,1,35,1.03751,0.0721381,-0.0447742
5.06,0.785398,-1.1752,0.335568,-0.785398,0.523599,-0.523599,1.24039,0.224685,0.65,0.798683,1,35,1.03785,0.0722274,-0.0442322
5.062,0.785398,-1.17559,0.335343,-0.785398,0.523599,-0.523599,1.24058,0.225415,0.65,0.799038,1,35,1.03819,0.0723163,-0.0436901
5.064,0.785398,-1.17598,0.335119,-0.785398,0.523599,-0.523599,1.24077,0.226146,0.65,0.799392,1,35,1.03853,0.0724049,-0.0431477
5.066,0.785398,-1.17637,0.334896,-0.785398,0.523599,-0.523599,1.24095,0.226877,0.65,0.799745,1,35,1.03887,0.072493,-0.0426052
5.068,0.785398,-1.17676,0.334674,-0.785398,0.523599,-0.523599,1.24113,0.227608,0.65,0.800097,1,35,1.03921,0.0725808,-0.0420625
5.07,0.785398,-1.17716,0.334453,-0.785398,0.523599,-0.523599,1.24132,0.22834,0.65,0.800449,1,35,1.03955,0.0726682,-0.0415196
5.072,0.785398,-1.17755,0.334232,-0.785398,0.523599,-0.523599,1.24149,0.229073,0.65,0.800799,1,35,1.03989,0.0727552,-0.0409765
5.074,0.785398,-1.17794,0.334013,-0.785398,0.523599,-0.523599,1.24167,0.229805,0.65,0.801149,1,35,1.04022,0.0728418,-0.0404333
5.076,0.785398,-1.17833,0.333795,-0.785398,0.523599,-0.523599,1.24185,0.230539,0.65,0.801498,1,35,1.04056,0.072928,-0.0398899
5.078,0.785398,-1.17873,0.333577,-0.785398,0.523599,-0.523599,1.24202,0.231272,0.65,0.801846,1,35,1.04089,0.0730138,-0.0393463
5.08,0.785398,-1.17912,0.333361,-0.785398,0.523599,-0.523599,1.24219,0.232006,0.65,0.802193,1,35,1.04123,0.0730992,-0.0388026
5.082,0.785398,-1.17951,0.333145,-0.785398,0.523599,-0.523599,1.24236,0.232741,0.65,0.80254,1,35,1.04156,0.0731843,-0.0382587
5.084,0.785398,-1.17991,0.33293,-0.785398,0.523599,-0.523599,1.24253,0.233476,0.65,0.802885,1,35,1.04189,0.0732689,-0.0377146
5.086,0.785398,-1.1803,0.332717,-0.785398,0.523599,-0.523599,1.2427,0.234211,0.65,0.80323,1,35,1.04223,0.0733531,-0.0371703
5.088,0.785398,-1.18069,0.332504,-0.785398,0.523599,-0.523599,1.24286,0.234947,0.65,0.803574,1,35,1.04256,0.0734369,-0.0366259
5.09,0.785398,-1.18109,0.332292,-0.785398,0.523599,-0.523599,1.24302,0.235684,0.65,0.803917,1,35,1.04289,0.0735203,-0.0360813
5.092,0.785398,-1.18148,0.332081,-0.785398,0.523599,-0.523599,1.24319,0.23642,0.65,0.804259,1,35,1.04322,0.0736033,-0.0355365
5.094,0.785398,-1.18188,0.331871,-0.785398,0.523599,-0.523599,1.24334,0.237157,0.65,0.8046,1,35,1.04355,0.0736859,-0.0349916
5.096,0.785398,-1.18227,0.331662,-0.785398,0.523599,-0.523599,1.2435,0.237895,0.65,0.80494,1,35,1.04387,0.0737681,-0.0344465
5.098,0.785398,-1.18267,0.331454,-0.785398,0.523599,-0.523599,1.24366,0.238633,0.65,0.80528,1,35,1.0442,0.0738498,-0.0339012
5.1,0.785398,-1.18306,0.331247,-0.785398,0.523599,-0.523599,1.24381,0.239371,0.65,0.805622,1,35,1.04453,0.0739573,-0.0333558
5.102,0.785398,-1.18346,0.331041,-0.785398,0.523599,-0.523599,1.24396,0.240109,0.65,0.805965,1,35,1.04485,0.0740712,-0.0328102
5.104,0.785397,-1.18386,0.330836,-0.785398,0.523599,-0.523599,1.24411,0.240848,0.65,0.806306,1,35,1.04518,0.0741839,-0.0322644
5.106,0.785397,-1.18425,0.330632,-0.785398,0.523599,-0.523599,1.24426,0.241588,0.65,0.806647,1,35,1.0455,0.0742963,-0.0317185
5.108,0.785396,-1.18465,0.330429,-0.785398,0.523599,-0.523599,1.2444,0.242328,0.65,0.806987,1,35,1.04583,0.0744085,-0.0311725
5.11,0.785395,-1.18505,0.330226,-0.785398,0.523599,-0.523599,1.24455,0.243068,0.65,0.807326,1,35,1.04615,0.0745205,-0.0306263
5.112,0.785394,-1.18544,0.330025,-0.785398,0.523599,-0.523599,1.24469,0.243808,0.65,0.807664,1,35,1.04647,0.0746323,-0.0300799
5.114,0.785393,-1.18584,0.329824,-0.785398,0.523599,-0.523599,1.24483,0.244549,0.65,0.808001,1,35,1.04679,0.0747439,-0.0295334
5.116,0.785392,-1.18624,0.329625,-0.785398,0.523599,-0.523599,1.24497,0.24529,0.65,0.808337,1,35,1.04711,0.0748553,-0.0289867
5.118,0.78539,-1.18664,0.329427,-0.785397,0.523599,-0.523599,1.24511,0.246032,0.65,0.808672,1,35,1.04743,0.0749664,-0.0284399
5.12,0.785389,-1.18703,0.329229,-0.785397,0.523599,-0.523599,1.24524,0.246773,0.65,0.809007,1,35,1.04774,0.0750826,-0.027893
5.122,0.785387,-1.18743,0.329032,-0.785397,0.523599,-0.523599,1.24537,0.247516,0.65,0.809342,1,35,1.04806,0.0752033,-0.0273459
5.124,0.785386,-1.18783,0.328837,-0.785397,0.523599,-0.523599,1.2455,0.248258,0.65,0.809677,1,35,1.04838,0.075324,-0.0267986
5.126,0.785384,-1.18823,0.328642,-0.785397,0.523599,-0.523599,1.24563,0.249001,0.65,0.810009,1,35,1.04869,0.0754359,-0.0262512
5.128,0.785382,-1.18863,0.328448,-0.785397,0.523599,-0.523599,1.24576,0.249744,0.65,0.810339,1,35,1.04901,0.0755458,-0.0257036
5.13,0.78538,-1.18903,0.328256,-0.785397,0.523599,-0.523599,1.24589,0.250488,0.65,0.810559,1,46,1.0523,0.111329,0.079989
5.132,0.785378,-1.18943,0.328064,-0.785396,0.523599,-0.523599,1.24601,0.251231,0.65,0.810718,1,46,1.05247,0.111498,0.080378
5.134,0.785375,-1.18983,0.327873,-0.785396,0.523599,-0.523599,1.24613,0.251976,0.65,0.810868,2,46,1.05288,0.109436,0.0793237
5.136,0.785373,-1.19023,0.327683,-0.785396,0.523599,-0.523599,1.24625,0.25272,0.65,0.811014,2,46,1.05305,0.109555,0.0797135
5.138,0.785371,-1.19063,0.327494,-0.785396,0.523599,-0.523599,1.24637,0.253465,0.65,0.811161,2,46,1.05321,0.109673,0.0801031
5.14,0.785368,-1.19103,0.327306,-0.785396,0.523599,-0.523599,1.24648,0.25421,0.65,0.811305,2,46,1.05338,0.109782,0.0804926
5.142,0.785365,-1.19143,0.327119,-0.785395,0.523599,-0.523599,1.2466,0.254955,0.65,0.811448,2,46,1.05354,0.109888,0.080882
5.144,0.785363,-1.19183,0.326933,-0.785395,0.523599,-0.523599,1.24671,0.255701,0.65,0.81159,2,46,1.05371,0.109994,0.0812713
5.146,0.78536,-1.19223,0.326748,-0.785395,0.523599,-0.523599,1.24682,0.256446,0.65,0.811732,2,46,1.05387,0.110098,0.0816605
5.148,0.785357,-1.19263,0.326564,-0.785395,0.523599,-0.523599,1.24693,0.257193,0.65,0.811874,2,46,1.05403,0.110202,0.0820497
5.15,0.785354,-1.19303,0.326381,-0.785394,0.523599,-0.523599,1.24704,0.257939,0.65,0.812014,2,46,1.0542,0.110306,0.0824387
5.152,0.785351,-1.19344,0.326198,-0.785394,0.523599,-0.523599,1.24714,0.258686,0.65,0.812155,2,46,1.05436,0.110408,0.0828276
5.154,0.785348,-1.19384,0.326017,-0.785394,0.523599,-0.523599,1.24724,0.259433,0.65,0.812294,2,46,1.05452,0.11051,0.0832164
5.156,0.785345,-1.19424,0.325837,-0.785393,0.523599,-0.523599,1.24735,0.26018,0.65,0.812433,2,46,1.05468,0.110612,0.0836051
5.158,0.785341,-1.19464,0.325658,-0.785393,0.523599,-0.523599,1.24744,0.260927,0.65,0.812572,2,46,1.05484,0.110713,0.0839938
5.16,0.785338,-1.19504,0.325479,-0.785393,0.523599,-0.523599,1.24754,0.261675,0.65,0.812711,2,46,1.05501,0.110817,0.0843823
5.162,0.785335,-1.19545,0.325302,-0.785393,0.523599,-0.523599,1.24764,0.262423,0.65,0.812849,2,46,1.05517,0.110922,0.0847707
5.164,0.785331,-1.19585,0.325125,-0.785392,0.523599,-0.523599,1.24773,0.263171,0.65,0.812987,2,46,1.05533,0.111026,0.0851591
5.166,0.785328,-1.19625,0.32495,-0.785392,0.523599,-0.523599,1.24782,0.263919,0.65,0.813124,2,46,1.05548,0.111129,0.0855473
5.168,0.785324,-1.19666,0.324775,-0.785392,0.523599,-0.523599,1.24791,0.264668,0.65,0.813261,2,46,1.05564,0.111232,0.0859355
5.17,0.785321,-1.19706,0.324602,-0.785391,0.523599,-0.523599,1.248,0.265417,0.65,0.813397,2,46,1.0558,0.111334,0.0863235
5.172,0.785317,-1.19747,0.324429,-0.785391,0.523599,-0.523599,1.24809,0.266166,0.65,0.813532,2,46,1.05596,0.111431,0.0867115
5.174,0.785313,-1.19787,0.324257,-0.785391,0.523599,-0.523599,1.24817,0.266915,0.65,0.813665,2,46,1.05612,0.111526,0.0870994
5.176,0.785309,-1.19827,0.324087,-0.78539,0.523599,-0.523599,1.24825,0.267665,0.65,0.813799,2,46,1.05627,0.111621,0.0874872
5.178,0.785305,-1.19868,0.323917,-0.78539,0.523599,-0.523599,1.24833,0.268414,0.65,0.813931,2,46,1.05643,0.111715,0.0878749
5.18,0.785301,-1.19908,0.323748,-0.785389,0.523599,-0.523599,1.24841,0.269164,0.65,0.814064,2,46,1.05658,0.111808,0.0882625
5.182,0.785297,-1.19949,0.323581,-0.785389,0.523599,-0.523599,1.24849,0.269914,0.65,0.814195,2,46,1.05674,0.1119,0.08865
5.184,0.785293,-1.19989,0.323414,-0.785389,0.523599,-0.523599,1.24856,0.270665,0.65,0.814326,2,46,1.05689,0.111992,0.0890375
5.186,0.785289,-1.2003,0.323248,-0.785388,0.523599,-0.523599,1.24864,0.271415,0.65,0.814456,2,46,1.05705,0.112084,0.0894248
5.188,0.785285,-1.20071,0.323083,-0.785388,0.523599,-0.523599,1.24871,0.272166,0.65,0.814586,2,46,1.0572,0.112174,0.089812
5.19,0.785281,-1.20111,0.322919,-0.785388,0.523599,-0.523599,1.24877,0.272916,0.65,0.814715,2,46,1.05736,0.112264,0.0901992
5.192,0.785277,-1.20152,0.322756,-0.785387,0.523599,-0.523599,1.24884,0.273667,0.65,0.814844,2,46,1.05751,0.112353,0.0905863
5.194,0.785272,-1.20192,0.322594,-0.785387,0.523599,-0.523599,1.24891,0.274419,0.65,0.814972,2,46,1.05766,0.112442,0.0909732
5.196,0.785268,-1.20233,0.322433,-0.785386,0.523599,-0.523599,1.24897,0.27517,0.65,0.815099,2,46,1.05781,0.112529,0.0913601
5.198,0.785264,-1.20274,0.322273,-0.785386,0.523599,-0.523599,1.24903,0.275921,0.65,0.815226,2,46,1.05796,0.112617,0.0917469
5.2,0.785259,-1.20314,0.322114,-0.785385,0.523599,-0.523599,1.24909,0.276673,0.65,0.815352,2,46,1.05811,0.112703,0.0921336
5.202,0.785255,-1.20355,0.321956,-0.785385,0.523599,-0.523599,1.24915,0.277425,0.65,0.815478,2,46,1.05826,0.112789,0.0925202
5.204,0.78525,-1.20396,0.321799,-0.785385,0.523599,-0.523599,1.24921,0.278177,0.65,0.815603,2,46,1.05841,0.112874,0.0929067
5.206,0.785245,-1.20437,0.321643,-0.785384,0.523599,-0.523599,1.24926,0.278929,0.65,0.815727,2,46,1.05856,0.112958,0.0932932
5.208,0.785241,-1.20478,0.321487,-0.785384,0.523599,-0.523599,1.24931,0.279681,0.65,0.815851,2,46,1.05871,0.113042,0.0936795
5.21,0.785236,-1.20518,0.321333,-0.785383,0.523599,-0.523599,1.24936,0.280433,0.65,0.815974,2,46,1.05886,0.113125,0.0940658
5.212,0.785231,-1.20559,0.32118,-0.785383,0.523599,-0.523599,1.24941,0.281186,0.65,0.816096,2,46,1.05901,0.113207,0.0944519
5.214,0.785226,-1.206,0.321028,-0.785382,0.523599,-0.523599,1.24946,0.281938,0.65,0.816218,2,46,1.05915,0.113289,0.094838
5.216,0.785221,-1.20641,0.320876,-0.785382,0.523599,-0.523599,1.2495,0.282691,0.65,0.816339,2,46,1.0593,0.113369,0.095224
5.218,0.785217,-1.20682,0.320726,-0.785381,0.523599,-0.523599,1.24954,0.283444,0.65,0.81646,2,46,1.05945,0.11345,0.0956099
5.22,0.785212,-1.20723,0.320577,-0.785381,0.523599,-0.523599,1.24958,0.284197,0.65,0.81658,2,46,1.05959,0.113529,0.0959957
5.222,0.785207,-1.20764,0.320428,-0.78538,0.523599,-0.523599,1.24962,0.28495,0.65,0.816699,2,46,1.05974,0.113608,0.0963814
5.224,0.785202,-1.20805,0.320281,-0.78538,0.523599,-0.523599,1.24966,0.285703,0.65,0.816818,2,46,1.05988,0.113686,0.096767
5.226,0.785196,-1.20846,0.320134,-0.785379,0.523599,-0.523599,1.24969,0.286456,0.65,0.816936,2,46,1.06002,0.113763,0.0971526
5.228,0.785191,-1.20887,0.319989,-0.785379,0.523599,-0.523599,1.24973,0.287209,0.65,0.817054,2,46,1.06017,0.11384,0.097538
5.23,0.785186,-1.20928,0.319844,-0.785378,0.523599,-0.523599,1.24976,0.287962,0.65,0.817171,2,46,1.06031,0.113916,0.0979234
5.232,0.785181,-1.20969,0.319701,-0.785378,0.523599,-0.523599,1.24979,0.288716,0.65,0.817287,2,46,1.06045,0.113991,0.0983087
5.234,0.785176,-1.2101,0.319558,-0.785377,0.523599,-0.523599,1.24982,0.289469,0.65,0.817402,3,46,1.06084,0.111227,0.0959264
5.236,0.78517,-1.21051,0.319416,-0.785377,0.523599,-0.523599,1.24984,0.290223,0.65,0.817511,3,46,1.06098,0.1113,0.0963138
5.238,0.785165,-1.21092,0.319276,-0.785376,0.523599,-0.523599,1.24986,0.290976,0.65,0.81762,3,46,1.06111,0.111373,0.096701
5.24,0.78516,-1.21133,0.319136,-0.785376,0.523599,-0.523599,1.24989,0.29173,0.65,0.817728,3,46,1.06125,0.111444,0.0970882
5.242,0.785154,-1.21174,0.318997,-0.785375,0.523599,-0.523599,1.24991,0.292484,0.65,0.81783,4,46,1.06166,0.10807,0.0940569
5.244,0.785149,-1.21215,0.31886,-0.785374,0.523599,-0.523599,1.24992,0.293238,0.65,0.817929,4,46,1.06179,0.108141,0.0944466
5.246,0.785143,-1.21257,0.318723,-0.785374,0.523599,-0.523599,1.24994,0.293991,0.65,0.818027,4,46,1.06192,0.10821,0.0948362
5.248,0.785138,-1.21298,0.318587,-0.785373,0.523599,-0.523599,1.24995,0.294745,0.65,0.818125,4,46,1.06204,0.108279,0.0952258
5.25,0.785132,-1.21339,0.318453,-0.785373,0.523599,-0.523599,1.24997,0.295499,0.65,0.818223,4,46,1.06217,0.108347,0.0956153
5.252,0.785126,-1.2138,0.318319,-0.785372,0.523599,-0.523599,1.24998,0.296253,0.65,0.818319,4,46,1.06229,0.108415,0.0960047
5.254,0.785121,-1.21422,0.318186,-0.785372,0.523599,-0.523599,1.24999,0.297007,0.65,0.818415,4,46,1.06242,0.108481,0.0963941
5.256,0.785115,-1.21463,0.318054,-0.785371,0.523599,-0.523599,1.24999,0.297761,0.65,0.81851,4,46,1.06254,0.108547,0.0967834
5.258,0.785109,-1.21504,0.317923,-0.78537,0.523599,-0.523599,1.25,0.298515,0.65,0.818605,4,46,1.06267,0.108613,0.0971726
5.26,0.785104,-1.21545,0.317793,-0.78537,0.523599,-0.523599,1.25,0.299269,0.65,0.818699,4,46,1.06279,0.108677,0.0975618
5.262,0.785098,-1.21587,0.317664,-0.785369,0.523599,-0.523599,1.25,0.300023,0.65,0.818792,4,46,1.06291,0.108741,0.0979509
5.264,0.785092,-1.21628,0.317536,-0.785369,0.523599,-0.523599,1.25,0.300777,0.65,0.818885,4,46,1.06303,0.108804,0.0983399
5.266,0.785086,-1.2167,0.317409,-0.785368,0.523599,-0.523599,1.25,0.301531,0.65,0.818976,4,46,1.06316,0.108867,0.0987288
5.268,0.78508,-1.21711,0.317283,-0.785367,0.523599,-0.523599,1.24999,0.302285,0.65,0.819068,4,46,1.06328,0.108928,0.0991177
5.27,0.785074,-1.21752,0.317158,-0.785367,0.523599,-0.523599,1.24998,0.303039,0.65,0.819158,4,46,1.0634,0.108989,0.0995065
5.272,0.785068,-1.21794,0.317034,-0.785366,0.523599,-0.523599,1.24998,0.303793,0.65,0.819248,4,46,1.06352,0.109049,0.0998953
5.274,0.785062,-1.21835,0.316911,-0.785365,0.523599,-0.523599,1.24997,0.304547,0.65,0.819337,4,46,1.06364,0.109109,0.100284
5.276,0.785056,-1.21877,0.316789,-0.785365,0.523599,-0.523599,1.24995,0.3053,0.65,0.819425,4,46,1.06375,0.109168,0.100673
5.278,0.78505,-1.21918,0.316668,-0.785364,0.523599,-0.523599,1.24994,0.306054,0.65,0.819513,4,46,1.06387,0.109226,0.101061
5.28,0.785044,-1.2196,0.316548,-0.785364,0.523599,-0.523599,1.24992,0.306808,0.65,0.8196,4,46,1.06399,0.109283,0.10145
5.282,0.785038,-1.22001,0.316429,-0.785363,0.523599,-0.523599,1.2499,0.307562,0.65,0.819686,4,46,1.06411,0.10934,0.101838
5.284,0.785032,-1.22043,0.316311,-0.785362,0.523599,-0.523599,1.24988,0.308316,0.65,0.819772,4,46,1.06422,0.109396,0.102226
5.286,0.785025,-1.22085,0.316193,-0.785362,0.523599,-0.523599,1.24986,0.309069,0.65,0.819857,4,46,1.06434,0.109451,0.102615
5.288,0.785019,-1.22126,0.316077,-0.785361,0.523599,-0.523599,1.24984,0.309823,0.65,0.819941,4,46,1.06445,0.109505,0.103003
5.29,0.785013,-1.22168,0.315962,-0.78536,0.523599,-0.523599,1.24981,0.310576,0.65,0.820025,4,46,1.06457,0.109559,0.103391
5.292,0.785007,-1.2221,0.315848,-0.785359,0.523599,-0.523599,1.24979,0.31133,0.65,0.820108,4,46,1.06468,0.109612,0.103779
5.294,0.785,-1.22251,0.315735,-0.785359,0.523599,-0.523599,1.24976,0.312083,0.65,0.82019,4,46,1.0648,0.109664,0.104167
5.296,0.784994,-1.22293,0.315622,-0.785358,0.523599,-0.523599,1.24973,0.312837,0.65,0.820271,4,46,1.06491,0.109716,0.104555
5.298,0.784988,-1.22335,0.315511,-0.785357,0.523599,-0.523599,1.24969,0.31359,0.65,0.820352,4,46,1.06502,0.109767,0.104943
5.3,0.784981,-1.22376,0.315401,-0.785357,0.523599,-0.523599,1.24966,0.314343,0.65,0.820432,4,46,1.06513,0.109817,0.10533
5.302,0.784975,-1.22418,0.315291,-0.785356,0.523599,-0.523599,1.24962,0.315096,0.65,0.820511,4,46,1.06524,0.109866,0.105718
5.304,0.784968,-1.2246,0.315183,-0.785355,0.523599,-0.523599,1.24958,0.315849,0.65,0.82059,4,46,1.06535,0.109915,0.106106
5.306,0.784962,-1.22502,0.315076,-0.785354,0.523599,-0.523599,1.24954,0.316602,0.65,0.820668,4,46,1.06546,0.109963,0.106493
5.308,0.784955,-1.22543,0.314969,-0.785354,0.523599,-0.523599,1.2495,0.317355,0.65,0.820745,4,46,1.06557,0.11001,0.106881
5.31,0.784949,-1.22585,0.314864,-0.785353,0.523599,-0.523599,1.24945,0.318107,0.65,0.820821,4,46,1.06568,0.110056,0.107268
5.312,0.784942,-1.22627,0.314759,-0.785352,0.523599,-0.523599,1.24941,0.31886,0.65,0.820897,4,46,1.06579,0.110102,0.107656
5.314,0.784936,-1.22669,0.314656,-0.785352,0.523599,-0.523599,1.24936,0.319612,0.65,0.820972,4,46,1.0659,0.110147,0.108043
5.316,0.784929,-1.22711,0.314553,-0.785351,0.523599,-0.523599,1.24931,0.320365,0.65,0.821046,4,46,1.066,0.110192,0.10843
5.318,0.784922,-1.22753,0.314452,-0.78535,0.523599,-0.523599,1.24926,0.321117,0.65,0.82112,4,46,1.06611,0.110235,0.108817
5.32,0.784916,-1.22795,0.314351,-0.785349,0.523599,-0.523599,1.2492,0.321869,0.65,0.821193,4,46,1.06621,0.110278,0.109204
5.322,0.784909,-1.22837,0.314252,-0.785348,0.523599,-0.523599,1.24915,0.322621,0.65,0.821265,4,46,1.06632,0.11032,0.109591
5.324,0.784902,-1.22879,0.314153,-0.785348,0.523599,-0.523599,1.24909,0.323373,0.65,0.821336,4,46,1.06642,0.110362,0.109978
5.326,0.784896,-1.2292,0.314056,-0.785347,0.523599,-0.523599,1.24903,0.324124,0.65,0.821407,4,46,1.06653,0.110402,0.110365
5.328,0.784889,-1.22962,0.313959,-0.785346,0.523599,-0.523599,1.24897,0.324876,0.65,0.821477,4,46,1.06663,0.110442,0.110752
5.33,0.784882,-1.23004,0.313864,-0.785345,0.523599,-0.523599,1.2489,0.325627,0.65,0.821546,4,46,1.06673,0.110482,0.111138
5.332,0.784875,-1.23047,0.313769,-0.785345,0.523599,-0.523599,1.24884,0.326378,0.65,0.821614,4,46,1.06683,0.11052,0.111525
5.334,0.784868,-1.23089,0.313675,-0.785344,0.523599,-0.523599,1.24877,0.327129,0.65,0.821682,4,46,1.06694,0.110558,0.111911
5.336,0.784862,-1.23131,0.313583,-0.785343,0.523599,-0.523599,1.2487,0.32788,0.65,0.821749,4,46,1.06704,0.110595,0.112298
5.338,0.784855,-1.23173,0.313491,-0.785342,0.523599,-0.523599,1.24863,0.328631,0.65,0.821815,4,46,1.06714,0.110632,0.112684
5.34,0.784848,-1.23215,0.313401,-0.785341,0.523599,-0.523599,1.24856,0.329381,0.65,0.821881,4,46,1.06724,0.110667,0.11307
5.342,0.784841,-1.23257,0.313311,-0.78534,0.523599,-0.523599,1.24848,0.330131,0.65,0.821946,4,46,1.06733,0.110702,0.113457
5.344,0.784834,-1.23299,0.313222,-0.78534,0.523599,-0.523599,1.24841,0.330881,0.65,0.82201,4,46,1.06743,0.110737,0.113843
5.346,0.784827,-1.23341,0.313134,-0.785339,0.523599,-0.523599,1.24833,0.331631,0.65,0.822073,4,46,1.06753,0.11077,0.114229
5.348,0.78482,-1.23383,0.313048,-0.785338,0.523599,-0.523599,1.24825,0.332381,0.65,0.822136,4,46,1.06763,0.110803,0.114615
5.35,0.784813,-1.23426,0.312962,-0.785337,0.523599,-0.523599,1.24817,0.33313,0.65,0.822197,4,46,1.06772,0.110835,0.115001
5.352,0.784806,-1.23468,0.312877,-0.785336,0.523599,-0.523599,1.24808,0.33388,0.65,0.822258,4,46,1.06782,0.110867,0.115386
5.354,0.784799,-1.2351,0.312793,-0.785335,0.523599,-0.523599,1.24799,0.334629,0.65,0.822319,4,46,1.06791,0.110897,0.115772
5.356,0.784792,-1.23552,0.312711,-0.785335,0.523599,-0.523599,1.24791,0.335378,0.65,0.822378,4,46,1.06801,0.110927,0.116158
5.358,0.784785,-1.23595,0.312629,-0.785334,0.523599,-0.523599,1.24782,0.336126,0.65,0.822437,4,46,1.0681,0.110956,0.116543
5.36,0.784778,-1.23637,0.312548,-0.785333,0.523599,-0.523599,1.24773,0.336875,0.65,0.822495,4,46,1.0682,0.110985,0.116929
5.362,0.78477,-1.23679,0.312468,-0.785332,0.523599,-0.523599,1.24763,0.337623,0.65,0.822552,4,46,1.06829,0.111013,0.117314
5.364,0.784763,-1.23722,0.312389,-0.785331,0.523599,-0.523599,1.24754,0.338371,0.65,0.822609,4,46,1.06838,0.11104,0.1177
5.366,0.784756,-1.23764,0.312312,-0.78533,0.523599,-0.523599,1.24744,0.339118,0.65,0.822665,4,46,1.06847,0.111066,0.118085
5.368,0.784749,-1.23806,0.312235,-0.785329,0.523599,-0.523599,1.24734,0.339866,0.65,0.82272,4,46,1.06856,0.111092,0.11847
5.37,0.784742,-1.23849,0.312159,-0.785328,0.523599,-0.523599,1.24724,0.340613,0.65,0.822774,4,46,1.06865,0.111117,0.118855
5.372,0.784734,-1.23891,0.312084,-0.785328,0.523599,-0.523599,1.24714,0.34136,0.65,0.822827,4,46,1.06874,0.111141,0.11924
5.374,0.784727,-1.23933,0.31201,-0.785327,0.523599,-0.523599,1.24703,0.342106,0.65,0.82288,4,46,1.06883,0.111165,0.119625
5.376,0.78472,-1.23976,0.311937,-0.785326,0.523599,-0.523599,1.24692,0.342853,0.65,0.822932,4,46,1.06892,0.111188,0.12001
5.378,0.784713,-1.24018,0.311865,-0.785325,0.523599,-0.523599,1.24681,0.343599,0.65,0.822983,4,46,1.06901,0.11121,0.120395
5.38,0.784705,-1.24061,0.311794,-0.785324,0.523599,-0.523599,1.2467,0.344345,0.65,0.823034,4,46,1.06909,0.111232,0.120779
5.382,0.784698,-1.24103,0.311725,-0.785323,0.523599,-0.523599,1.24659,0.34509,0.65,0.823083,4,46,1.06918,0.111252,0.121164
5.384,0.784691,-1.24146,0.311656,-0.785322,0.523599,-0.523599,1.24648,0.345836,0.65,0.823132,4,46,1.06926,0.111272,0.121549
5.386,0.784683,-1.24188,0.311588,-0.785321,0.523599,-0.523599,1.24636,0.346581,0.65,0.82318,4,46,1.06935,0.111292,0.121933
5.388,0.784676,-1.24231,0.311521,-0.78532,0.523599,-0.523599,1.24624,0.347325,0.65,0.823227,4,46,1.06943,0.11131,0.122317
5.39,0.784669,-1.24273,0.311455,-0.785319,0.523599,-0.523599,1.24612,0.34807,0.65,0.823274,4,46,1.06952,0.111328,0.122701
5.392,0.784661,-1.24316,0.31139,-0.785318,0.523599,-0.523599,1.246,0.348814,0.65,0.82332,4,46,1.0696,0.111346,0.123086
5.394,0.784654,-1.24359,0.311326,-0.785317,0.523599,-0.523599,1.24588,0.349558,0.65,0.823365,4,46,1.06968,0.111362,0.12347
5.396,0.784646,-1.24401,0.311263,-0.785316,0.523599,-0.523599,1.24575,0.350301,0.65,0.823409,4,46,1.06976,0.111378,0.123854
5.398,0.784639,-1.24444,0.311201,-0.785315,0.523599,-0.523599,1.24563,0.351044,0.65,0.823452,4,46,1.06984,0.111393,0.124238
5.4,0.784631,-1.24486,0.31114,-0.785314,0.523599,-0.523599,1.2455,0.351787,0.65,0.823495,4,46,1.06992,0.111407,0.124621
5.402,0.784624,-1.24529,0.31108,-0.785313,0.523599,-0.523599,1.24537,0.352529,0.65,0.823537,4,46,1.07,0.111421,0.125005
5.404,0.784616,-1.24572,0.31102,-0.785312,0.523599,-0.523599,1.24523,0.353272,0.65,0.823578,4,46,1.07008,0.111434,0.125389
5.406,0.784609,-1.24614,0.310962,-0.785311,0.523599,-0.523599,1.2451,0.354013,0.65,0.823618,4,46,1.07016,0.111447,0.125772
5.408,0.784601,-1.24657,0.310905,-0.78531,0.523599,-0.523599,1.24496,0.354755,0.65,0.823658,4,46,1.07024,0.111458,0.126156
5.41,0.784594,-1.247,0.310849,-0.785309,0.523599,-0.523599,1.24482,0.355496,0.65,0.823696,4,46,1.07031,0.111469,0.126539
5.412,0.784586,-1.24743,0.310794,-0.785308,0.523599,-0.523599,1.24468,0.356237,0.65,0.823734,4,46,1.07039,0.111479,0.126922
5.414,0.784578,-1.24785,0.31074,-0.785307,0.523599,-0.523599,1.24454,0.356977,0.65,0.823771,4,46,1.07047,0.111489,0.127305
5.416,0.784571,-1.24828,0.310687,-0.785306,0.523599,-0.523599,1.2444,0.357717,0.65,0.823807,4,46,1.07054,0.111498,0.127688
5.418,0.784563,-1.24871,0.310635,-0.785305,0.523599,-0.523599,1.24425,0.358457,0.65,0.823843,4,46,1.07062,0.111506,0.128071
5.42,0.784555,-1.24914,0.310584,-0.785304,0.523599,-0.523599,1.2441,0.359196,0.65,0.823878,4,46,1.07069,0.111514,0.128454
5.422,0.784548,-1.24957,0.310533,-0.785303,0.523599,-0.523599,1.24395,0.359935,0.65,0.823912,4,46,1.07076,0.11152,0.128837
5.424,0.78454,-1.25,0.310484,-0.785302,0.523599,-0.523599,1.2438,0.360674,0.65,0.823945,4,46,1.07083,0.111527,0.12922
5.426,0.784532,-1.25042,0.310436,-0.785301,0.523599,-0.523599,1.24365,0.361412,0.65,0.823977,4,46,1.07091,0.111532,0.129602
5.428,0.784525,-1.25085,0.310389,-0.7853,0.523599,-0.523599,1.24349,0.36215,0.65,0.824008,4,46,1.07098,0.111537,0.129985
5.43,0.784517,-1.25128,0.310343,-0.785299,0.523599,-0.523599,1.24333,0.362887,0.65,0.82404,4,46,1.07105,0.111542,0.130367
5.432,0.78451,-1.25171,0.310298,-0.785299,0.523599,-0.523599,1.24318,0.363624,0.65,0.82407,4,46,1.07112,0.111547,0.130749
5.434,0.784503,-1.25214,0.310253,-0.785298,0.523599,-0.523599,1.24301,0.364361,0.65,0.824101,4,46,1.07119,0.111551,0.131131
5.436,0.784495,-1.25257,0.31021,-0.785298,0.523599,-0.523599,1.24285,0.365097,0.65,0.82413,4,46,1.07126,0.111554,0.131513
5.438,0.784488,-1.253,0.310168,-0.785298,0.523599,-0.523599,1.24269,0.365833,0.65,0.824158,4,46,1.07132,0.111557,0.131894
5.44,0.784482,-1.25343,0.310127,-0.785298,0.523599,-0.523599,1.24252,0.366569,0.65,0.824186,4,46,1.07139,0.111559,0.132276
5.442,0.784475,-1.25386,0.310086,-0.785298,0.523599,-0.523599,1.24235,0.367304,0.65,0.824213,4,46,1.07146,0.11156,0.132658
5.444,0.784468,-1.25429,0.310047,-0.785298,0.523599,-0.523599,1.24218,0.368038,0.65,0.82424,4,46,1.07152,0.11156,0.133039
5.446,0.784462,-1.25472,0.310009,-0.785299,0.523599,-0.523599,1.24201,0.368772,0.65,0.824266,4,46,1.07159,0.11156,0.133421
5.448,0.784456,-1.25515,0.309972,-0.7853,0.523599,-0.523599,1.24184,0.369506,0.65,0.82429,4,46,1.07166,0.111559,0.133802
5.45,0.784449,-1.25558,0.309935,-0.785301,0.523599,-0.523599,1.24166,0.370239,0.65,0.824315,4,46,1.07172,0.111558,0.134183
5.452,0.784443,-1.25601,0.3099,-0.785302,0.523599,-0.523599,1.24148,0.370972,0.65,0.824338,4,46,1.07178,0.111556,0.134564
5.454,0.784438,-1.25644,0.309866,-0.785303,0.523599,-0.523599,1.2413,0.371704,0.65,0.824361,4,46,1.07185,0.111553,0.134945
5.456,0.784432,-1.25687,0.309832,-0.785304,0.523599,-0.523599,1.24112,0.372436,0.65,0.824383,4,46,1.07191,0.111549,0.135326
5.458,0.784426,-1.25731,0.3098,-0.785306,0.523599,-0.523599,1.24094,0.373168,0.65,0.824404,4,46,1.07197,0.111545,0.135707
5.46,0.784421,-1.25774,0.309769,-0.785307,0.523599,-0.523599,1.24076,0.373899,0.65,0.824425,4,46,1.07204,0.11154,0.136088
5.462,0.784415,-1.25817,0.309738,-0.785309,0.523599,-0.523599,1.24057,0.374629,0.65,0.824444,4,46,1.0721,0.111533,0.136468
5.464,0.78441,-1.2586,0.309709,-0.785311,0.523599,-0.523599,1.24038,0.375359,0.65,0.824462,4,46,1.07216,0.111526,0.136849
5.466,0.784404,-1.25903,0.309681,-0.785312,0.523599,-0.523599,1.24019,0.376089,0.65,0.82448,4,46,1.07222,0.111518,0.13723
5.468,0.784398,-1.25947,0.309653,-0.785314,0.523599,-0.523599,1.24,0.376818,0.65,0.824497,4,46,1.07227,0.111509,0.13761
5.47,0.784392,-1.2599,0.309627,-0.785316,0.523599,-0.523599,1.2398,0.377546,0.65,0.824512,4,46,1.07233,0.1115,0.137991
5.472,0.784386,-1.26033,0.309602,-0.785317,0.523599,-0.523599,1.23961,0.378275,0.65,0.824527,4,46,1.07239,0.11149,0.138371
5.474,0.78438,-1.26076,0.309577,-0.785319,0.523599,-0.523599,1.23941,0.379002,0.65,0.824541,4,46,1.07245,0.111479,0.138751
5.476,0.784374,-1.2612,0.309554,-0.78532,0.523599,-0.523599,1.23921,0.379729,0.65,0.824555,4,46,1.0725,0.111468,0.139131
5.478,0.784368,-1.26163,0.309532,-0.785322,0.523599,-0.523599,1.23901,0.380456,0.65,0.824567,4,46,1.07256,0.111456,0.139511
5.48,0.784361,-1.26206,0.30951,-0.785323,0.523599,-0.523599,1.23881,0.381182,0.65,0.824578,4,46,1.07261,0.111443,0.139891
5.482,0.784355,-1.2625,0.30949,-0.785325,0.523599,-0.523599,1.2386,0.381908,0.65,0.824589,4,46,1.07266,0.11143,0.140271
5.484,0.784348,-1.26293,0.30947,-0.785326,0.523599,-0.523599,1.2384,0.382633,0.65,0.824599,4,46,1.07272,0.111416,0.14065
5.486,0.784342,-1.26336,0.309452,-0.785327,0.523599,-0.523599,1.23819,0.383357,0.65,0.824607,4,46,1.07277,0.111401,0.14103
5.488,0.784335,-1.2638,0.309434,-0.785329,0.523599,-0.523599,1.23798,0.384081,0.65,0.824615,4,46,1.07282,0.111386,0.141409
5.49,0.784328,-1.26423,0.309418,-0.78533,0.523599,-0.523599,1.23776,0.384805,0.65,0.824622,4,46,1.07287,0.11137,0.141788
5.492,0.784322,-1.26466,0.309403,-0.785331,0.523599,-0.523599,1.23755,0.385528,0.65,0.824629,4,46,1.07292,0.111353,0.142167
5.494,0.784315,-1.2651,0.309388,-0.785332,0.523599,-0.523599,1.23733,0.38625,0.65,0.824634,4,46,1.07297,0.111336,0.142546
5.496,0.784308,-1.26553,0.309375,-0.785334,0.523599,-0.523599,1.23712,0.386972,0.65,0.824638,4,46,1.07302,0.111318,0.142925
5.498,0.784301,-1.26597,0.309362,-0.785335,0.523599,-0.523599,1.2369,0.387693,0.65,0.824642,4,46,1.07306,0.1113,0.143303
5.5,0.784294,-1.2664,0.309351,-0.785336,0.523599,-0.523599,1.23668,0.388414,0.65,0.824644,4,46,1.07311,0.111281,0.143682
5.502,0.784286,-1.26684,0.30934,-0.785337,0.523599,-0.523599,1.23645,0.389134,0.65,0.824646,4,46,1.07315,0.111261,0.14406
5.504,0.784279,-1.26727,0.309331,-0.785338,0.523599,-0.523599,1.23623,0.389854,0.65,0.824647,4,46,1.0732,0.11124,0.144439
5.506,0.784272,-1.26771,0.309322,-0.78534,0.523599,-0.523599,1.236,0.390573,0.65,0.824647,4,46,1.07324,0.111219,0.144817
5.508,0.784264,-1.26814,0.309315,-0.785341,0.523599,-0.523599,1.23577,0.391292,0.65,0.824646,4,46,1.07329,0.111198,0.145195
5.51,0.784257,-1.26858,0.309308,-0.785342,0.523599,-0.523599,1.23554,0.39201,0.65,0.824645,4,46,1.07333,0.111177,0.145573
5.512,0.784249,-1.26902,0.309303,-0.785343,0.523599,-0.523599,1.23531,0.392727,0.65,0.824643,4,46,1.07337,0.111157,0.14595
5.514,0.784242,-1.26945,0.309298,-0.785344,0.523599,-0.523599,1.23508,0.393444,0.65,0.824641,4,46,1.07341,0.111139,0.146328
5.516,0.784234,-1.26989,0.309294,-0.785345,0.523599,-0.523599,1.23484,0.39416,0.65,0.824638,4,46,1.07345,0.111121,0.146705
5.518,0.784226,-1.27032,0.309292,-0.785346,0.523599,-0.523599,1.2346,0.394875,0.65,0.824636,4,46,1.07349,0.111108,0.147082
5.52,0.784219,-1.27076,0.30929,-0.785347,0.523599,-0.523599,1.23436,0.39559,0.65,0.824633,4,46,1.07353,0.111096,0.147459
5.522,0.784211,-1.2712,0.30929,-0.785348,0.523599,-0.523599,1.23412,0.396305,0.65,0.824629,4,46,1.07357,0.111084,0.147836
5.524,0.784203,-1.27163,0.30929,-0.785349,0.523599,-0.523599,1.23388,0.397019,0.65,0.824626,4,46,1.07361,0.111078,0.148213
5.526,0.784195,-1.27207,0.309291,-0.78535,0.523599,-0.523599,1.23363,0.397732,0.65,0.824623,4,46,1.07365,0.111074,0.14859
5.528,0.784187,-1.27251,0.309293,-0.785351,0.523599,-0.523599,1.23339,0.398444,0.65,0.824619,4,46,1.07369,0.11107,0.148966
5.53,0.784179,-1.27294,0.309297,-0.785351,0.523599,-0.523599,1.23314,0.399156,0.65,0.824614,4,46,1.07372,0.111066,0.149342
5.532,0.784171,-1.27338,0.309301,-0.785352,0.523599,-0.523599,1.23289,0.399867,0.65,0.824609,4,46,1.07376,0.111061,0.149718
5.534,0.784162,-1.27382,0.309306,-0.785353,0.523599,-0.523599,1.23264,0.400578,0.65,0.824602,4,46,1.07379,0.111057,0.150094
5.536,0.784154,-1.27426,0.309312,-0.785354,0.523599,-0.523599,1.23238,0.401288,0.65,0.824595,4,46,1.07382,0.111052,0.15047
5.538,0.784146,-1.27469,0.309319,-0.785355,0.523599,-0.523599,1.23213,0.401998,0.65,0.824587,4,46,1.07386,0.111047,0.150846
5.54,0.784138,-1.27513,0.309328,-0.785356,0.523599,-0.523599,1.23187,0.402706,0.65,0.824579,4,46,1.07389,0.111042,0.151221
5.542,0.784129,-1.27557,0.309337,-0.785356,0.523599,-0.523599,1.23161,0.403414,0.65,0.82457,4,46,1.07392,0.111038,0.151596
5.544,0.784122,-1.27601,0.309347,-0.785357,0.523599,-0.523599,1.23135,0.404122,0.65,0.824561,4,46,1.07395,0.111034,0.151971
5.546,0.784114,-1.27645,0.309358,-0.785358,0.523599,-0.523599,1.23109,0.404829,0.65,0.824551,4,46,1.07398,0.111031,0.152346
5.548,0.784107,-1.27688,0.309369,-0.785359,0.523599,-0.523599,1.23082,0.405535,0.65,0.824541,4,46,1.07401,0.111027,0.152721
5.55,0.7841,-1.27732,0.309382,-0.78536,0.523599,-0.523599,1.23056,0.40624,0.65,0.82453,4,46,1.07404,0.111023,0.153095
5.552,0.784094,-1.27776,0.309396,-0.78536,0.523599,-0.523599,1.23029,0.406945,0.65,0.824519,4,46,1.07407,0.111019,0.153469
5.554,0.784088,-1.2782,0.309411,-0.785361,0.523599,-0.523599,1.23002,0.407649,0.65,0.824507,4,46,1.0741,0.111015,0.153844
5.556,0.784082,-1.27864,0.309427,-0.785362,0.523599,-0.523599,1.22975,0.408352,0.65,0.824495,4,46,1.07413,0.11101,0.154218
5.558,0.784077,-1.27908,0.309443,-0.785362,0.523599,-0.523599,1.22948,0.409055,0.65,0.824482,4,46,1.07416,0.111005,0.154592
5.56,0.784072,-1.27952,0.309461,-0.785363,0.523599,-0.523599,1.2292,0.409757,0.65,0.824468,4,46,1.07418,0.111,0.154966
5.562,0.784067,-1.27996,0.309479,-0.785364,0.523599,-0.523599,1.22892,0.410459,0.65,0.824454,4,46,1.07421,0.110995,0.155339
5.564,0.784062,-1.2804,0.309499,-0.785364,0.523599,-0.523599,1.22865,0.411159,0.65,0.824438,4,46,1.07423,0.110988,0.155713
5.566,0.784057,-1.28084,0.309519,-0.785365,0.523599,-0.523599,1.22837,0.411859,0.65,0.824421,4,46,1.07426,0.110978,0.156087
5.568,0.784051,-1.28128,0.309541,-0.785366,0.523599,-0.523599,1.22808,0.412559,0.65,0.824402,4,46,1.07428,0.110964,0.15646
5.57,0.784046,-1.28172,0.309563,-0.785366,0.523599,-0.523599,1.2278,0.413257,0.65,0.824383,4,46,1.07431,0.110949,0.156834
5.572,0.78404,-1.28216,0.309586,-0.785367,0.523599,-0.523599,1.22751,0.413955,0.65,0.824363,4,46,1.07433,0.110935,0.157207
5.574,0.784035,-1.2826,0.30961,-0.785367,0.523599,-0.523599,1.22723,0.414652,0.65,0.824342,4,46,1.07435,0.110921,0.15758
5.576,0.784029,-1.28304,0.309635,-0.785368,0.523599,-0.523599,1.22694,0.415348,0.65,0.82432,4,46,1.07437,0.110906,0.157953
5.578,0.784023,-1.28348,0.309661,-0.785369,0.523599,-0.523599,1.22665,0.416044,0.65,0.824299,4,46,1.07439,0.110896,0.158325
5.58,0.784017,-1.28392,0.309688,-0.785369,0.523599,-0.523599,1.22635,0.416739,0.65,0.824277,4,46,1.07441,0.110888,0.158698
5.582,0.784011,-1.28436,0.309716,-0.78537,0.523599,-0.523599,1.22606,0.417433,0.65,0.824254,4,46,1.07443,0.11088,0.15907
5.584,0.784005,-1.2848,0.309745,-0.78537,0.523599,-0.523599,1.22576,0.418127,0.65,0.824231,4,46,1.07445,0.110872,0.159442
5.586,0.783999,-1.28524,0.309775,-0.785371,0.523599,-0.523599,1.22547,0.418819,0.65,0.824207,4,46,1.07446,0.110864,0.159814
5.588,0.783993,-1.28568,0.309805,-0.785371,0.523599,-0.523599,1.22517,0.419511,0.65,0.824182,4,46,1.07448,0.110856,0.160186
5.59,0.783987,-1.28613,0.309837,-0.785372,0.523599,-0.523599,1.22487,0.420202,0.65,0.824156,4,46,1.07449,0.110847,0.160557
5.592,0.78398,-1.28657,0.309869,-0.785372,0.523599,-0.523599,1.22456,0.420893,0.65,0.82413,4,46,1.07451,0.110839,0.160929
5.594,0.783973,-1.28701,0.309903,-0.785373,0.523599,-0.523599,1.22426,0.421583,0.65,0.824102,4,46,1.07452,0.11083,0.1613
5.596,0.783967,-1.28745,0.309937,-0.785373,0.523599,-0.523599,1.22395,0.422271,0.65,0.824074,4,46,1.07454,0.110821,0.161671
5.598,0.78396,-1.28789,0.309972,-0.785374,0.523599,-0.523599,1.22364,0.42296,0.65,0.824045,4,46,1.07455,0.110812,0.162042
5.6,0.783953,-1.28833,0.310008,-0.785374,0.523599,-0.523599,1.22333,0.423647,0.65,0.824016,4,46,1.07456,0.110803,0.162412
5.602,0.783946,-1.28878,0.310045,-0.785375,0.523599,-0.523599,1.22302,0.424333,0.65,0.823985,4,46,1.07457,0.110794,0.162783
5.604,0.783939,-1.28922,0.310083,-0.785375,0.523599,-0.523599,1.22271,0.425019,0.65,0.823954,4,46,1.07458,0.110785,0.163153
5.606,0.783932,-1.28966,0.310122,-0.785375,0.523599,-0.523599,1.22239,0.425704,0.65,0.823922,4,46,1.07459,0.110775,0.163523
5.608,0.783925,-1.2901,0.310162,-0.785376,0.523599,-0.523599,1.22208,0.426388,0.65,0.82389,4,46,1.0746,0.110765,0.163893
5.61,0.783918,-1.29055,0.310202,-0.785376,0.523599,-0.523599,1.22176,0.427072,0.65,0.823856,4,46,1.0746,0.110756,0.164262
5.612,0.783911,-1.29099,0.310244,-0.785377,0.523599,-0.523599,1.22144,0.427754,0.65,0.823822,4,46,1.07461,0.110746,0.164632
5.614,0.783903,-1.29143,0.310286,-0.785377,0.523599,-0.523599,1.22112,0.428436,0.65,0.823787,4,46,1.07462,0.110736,0.165001
5.616,0.783896,-1.29187,0.31033,-0.785378,0.523599,-0.523599,1.22079,0.429117,0.65,0.823751,4,46,1.07462,0.110726,0.16537
5.618,0.783888,-1.29232,0.310374,-0.785378,0.523599,-0.523599,1.22047,0.429797,0.65,0.823714,4,46,1.07463,0.110715,0.165739
5.62,0.783881,-1.29276,0.310419,-0.785378,0.523599,-0.523599,1.22014,0.430477,0.65,0.823677,4,46,1.07463,0.110705,0.166107
5.622,0.783873,-1.2932,0.310465,-0.785379,0.523599,-0.523599,1.21981,0.431155,0.65,0.823639,4,46,1.07463,0.110694,0.166476
5.624,0.783866,-1.29365,0.310512,-0.785379,0.523599,-0.523599,1.21948,0.431833,0.65,0.8236,4,46,1.07464,0.110683,0.166844
5.626,0.783858,-1.29409,0.31056,-0.785379,0.523599,-0.523599,1.21915,0.43251,0.65,0.82356,4,46,1.07464,0.110672,0.167212
5.628,0.78385,-1.29454,0.310608,-0.78538,0.523599,-0.523599,1.21882,0.433186,0.65,0.82352,4,46,1.07464,0.110661,0.167579
5.63,0.783842,-1.29498,0.310658,-0.78538,0.523599,-0.523599,1.21848,0.433861,0.65,0.823478,4,46,1.07464,0.11065,0.167947
5.632,0.783834,-1.29542,0.310708,-0.78538,0.523599,-0.523599,1.21814,0.434535,0.65,0.823436,4,46,1.07464,0.110639,0.168314
5.634,0.783826,-1.29587,0.31076,-0.785381,0.523599,-0.523599,1.2178,0.435209,0.65,0.823393,4,46,1.07464,0.110627,0.168681
5.636,0.783818,-1.29631,0.310812,-0.785381,0.523599,-0.523599,1.21746,0.435882,0.65,0.82335,4,46,1.07463,0.110616,0.169048
5.638,0.78381,-1.29676,0.310865,-0.785381,0.523599,-0.523599,1.21712,0.436553,0.65,0.823305,4,46,1.07463,0.110604,0.169415
5.64,0.783802,-1.2972,0.310919,-0.785382,0.523599,-0.523599,1.21678,0.437224,0.65,0.82326,4,46,1.07463,0.110592,0.169781
5.642,0.783793,-1.29765,0.310974,-0.785382,0.523599,-0.523599,1.21643,0.437894,0.65,0.823214,4,46,1.07462,0.11058,0.170148
5.644,0.783785,-1.29809,0.311029,-0.785382,0.523599,-0.523599,1.21608,0.438563,0.65,0.823168,4,46,1.07462,0.110568,0.170514
5.646,0.783777,-1.29854,0.311086,-0.785383,0.523599,-0.523599,1.21573,0.439232,0.65,0.82312,4,46,1.07461,0.110555,0.170879
5.648,0.783768,-1.29898,0.311143,-0.785383,0.523599,-0.523599,1.21538,0.439899,0.65,0.823072,4,46,1.07461,0.110543,0.171245
5.65,0.78376,-1.29943,0.311202,-0.785383,0.523599,-0.523599,1.21503,0.440566,0.65,0.823023,4,46,1.0746,0.11053,0.17161
5.652,0.783752,-1.29987,0.311261,-0.785383,0.523599,-0.523599,1.21468,0.441231,0.65,0.822973,4,46,1.07459,0.110517,0.171976
5.654,0.783743,-1.30032,0.311321,-0.785384,0.523599,-0.523599,1.21432,0.441896,0.65,0.822923,4,46,1.07458,0.110504,0.17234
5.656,0.783734,-1.30076,0.311382,-0.785384,0.523599,-0.523599,1.21396,0.44256,0.65,0.822871,4,46,1.07457,0.110491,0.172705
5.658,0.783726,-1.30121,0.311444,-0.785384,0.523599,-0.523599,1.2136,0.443223,0.65,0.822819,4,46,1.07456,0.110478,0.17307
5.66,0.783717,-1.30165,0.311506,-0.785385,0.523599,-0.523599,1.21324,0.443885,0.65,0.822766,4,46,1.07455,0.110465,0.173434
5.662,0.783708,-1.3021,0.31157,-0.785385,0.523599,-0.523599,1.21288,0.444546,0.65,0.822713,4,46,1.07454,0.110451,0.173798
5.664,0.7837,-1.30255,0.311634,-0.785385,0.523599,-0.523599,1.21252,0.445206,0.65,0.822658,4,46,1.07452,0.110437,0.174162
5.666,0.783691,-1.30299,0.311699,-0.785385,0.523599,-0.523599,1.21215,0.445866,0.65,0.822603,4,46,1.07451,0.110424,0.174525
5.668,0.783682,-1.30344,0.311765,-0.785386,0.523599,-0.523599,1.21178,0.446524,0.65,0.822547,4,46,1.0745,0.11041,0.174888
5.67,0.783673,-1.30388,0.311832,-0.785386,0.523599,-0.523599,1.21141,0.447182,0.65,0.822491,4,46,1.07448,0.110395,0.175251
5.672,0.783664,-1.30433,0.3119,-0.785386,0.523599,-0.523599,1.21104,0.447838,0.65,0.822433,4,46,1.07446,0.110381,0.175614
5.674,0.783655,-1.30478,0.311969,-0.785386,0.523599,-0.523599,1.21067,0.448494,0.65,0.822375,4,46,1.07445,0.110367,0.175977
5.676,0.783646,-1.30522,0.312038,-0.785386,0.523599,-0.523599,1.2103,0.449148,0.65,0.822316,4,46,1.07443,0.110352,0.176339
5.678,0.783637,-1.30567,0.312108,-0.785387,0.523599,-0.523599,1.20992,0.449802,0.65,0.822256,4,46,1.07441,0.110337,0.176701
5.68,0.783628,-1.30612,0.312179,-0.785387,0.523599,-0.523599,1.20954,0.450455,0.65,0.822195,4,46,1.07439,0.110322,0.177063
5.682,0.783619,-1.30656,0.312251,-0.785387,0.523599,-0.523599,1.20917,0.451107,0.65,0.822134,4,46,1.07437,0.110307,0.177425
5.684,0.78361,-1.30701,0.312324,-0.785387,0.523599,-0.523599,1.20878,0.451758,0.65,0.822072,4,46,1.07435,0.110292,0.177786
5.686,0.783601,-1.30746,0.312398,-0.785388,0.523599,-0.523599,1.2084,0.452408,0.65,0.822009,4,46,1.07433,0.110277,0.178147
5.688,0.783591,-1.30791,0.312472,-0.785388,0.523599,-0.523599,1.20802,0.453056,0.65,0.821945,4,46,1.07431,0.110261,0.178508
5.69,0.783582,-1.30835,0.312548,-0.785388,0.523599,-0.523599,1.20763,0.453704,0.65,0.821881,4,46,1.07429,0.110245,0.178869
5.692,0.783573,-1.3088,0.312624,-0.785388,0.523599,-0.523599,1.20725,0.454351,0.65,0.821816,4,46,1.07426,0.110229,0.179229
5.694,0.783564,-1.30925,0.312701,-0.785388,0.523599,-0.523599,1.20686,0.454998,0.65,0.82175,4,46,1.07424,0.110213,0.179589
5.696,0.783554,-1.3097,0.312779,-0.785388,0.523599,-0.523599,1.20647,0.455643,0.65,0.821683,4,46,1.07421,0.110197,0.179949
5.698,0.783545,-1.31014,0.312858,-0.785389,0.523599,-0.523599,1.20608,0.456287,0.65,0.821615,4,46,1.07419,0.110181,0.180309
5.7,0.783536,-1.31059,0.312937,-0.785389,0.523599,-0.523599,1.20568,0.45693,0.65,0.821547,4,46,1.07416,0.110164,0.180668
5.702,0.783526,-1.31104,0.313017,-0.785389,0.523599,-0.523599,1.20529,0.457572,0.65,0.821478,4,46,1.07413,0.110147,0.181027
5.704,0.783517,-1.31149,0.313099,-0.785389,0.523599,-0.523599,1.20489,0.458213,0.65,0.821408,4,46,1.07411,0.110131,0.181386
5.706,0.783507,-1.31194,0.313181,-0.785389,0.523599,-0.523599,1.20449,0.458853,0.65,0.821338,4,46,1.07408,0.110114,0.181744
5.708,0.783498,-1.31239,0.313263,-0.78539,0.523599,-0.523599,1.20409,0.459492,0.65,0.821266,4,46,1.07405,0.110096,0.182103
5.71,0.783489,-1.31283,0.313347,-0.78539,0.523599,-0.523599,1.20369,0.46013,0.65,0.821194,4,46,1.07402,0.110079,0.182461
5.712,0.78348,-1.31328,0.313431,-0.78539,0.523599,-0.523599,1.20329,0.460767,0.65,0.821122,4,46,1.07399,0.110063,0.182818
5.714,0.783471,-1.31373,0.313517,-0.78539,0.523599,-0.523599,1.20288,0.461403,0.65,0.821049,4,46,1.07396,0.110046,0.183175
5.716,0.783463,-1.31418,0.313603,-0.78539,0.523599,-0.523599,1.20247,0.462038,0.65,0.820975,4,46,1.07392,0.110029,0.183533
5.718,0.783455,-1.31463,0.31369,-0.78539,0.523599,-0.523599,1.20207,0.462673,0.65,0.820901,4,46,1.07389,0.110012,0.183889
5.72,0.783448,-1.31508,0.313777,-0.78539,0.523599,-0.523599,1.20166,0.463306,0.65,0.820826,4,46,1.07386,0.109995,0.184246
5.722,0.78344,-1.31553,0.313866,-0.785391,0.523599,-0.523599,1.20125,0.463937,0.65,0.82075,4,46,1.07382,0.109978,0.184603
5.724,0.783434,-1.31598,0.313955,-0.785391,0.523599,-0.523599,1.20083,0.464568,0.65,0.820674,4,46,1.07379,0.10996,0.184959
5.726,0.783427,-1.31643,0.314045,-0.785391,0.523599,-0.523599,1.20042,0.465198,0.65,0.820598,4,46,1.07375,0.109942,0.185315
5.728,0.783421,-1.31687,0.314136,-0.785391,0.523599,-0.523599,1.2,0.465827,0.65,0.82052,4,46,1.07372,0.109924,0.18567
5.73,0.783415,-1.31732,0.314228,-0.785391,0.523599,-0.523599,1.19959,0.466455,0.65,0.820442,4,46,1.07368,0.109906,0.186026
5.732,0.78341,-1.31777,0.314321,-0.785391,0.523599,-0.523599,1.19917,0.467082,0.65,0.820363,4,46,1.07365,0.109887,0.186381
5.734,0.783404,-1.31822,0.314414,-0.785391,0.523599,-0.523599,1.19875,0.467707,0.65,0.820284,4,46,1.07361,0.109868,0.186736
5.736,0.7834,-1.31867,0.314508,-0.785392,0.523599,-0.523599,1.19832,0.468332,0.65,0.820204,4,46,1.07357,0.109849,0.187091
5.738,0.783395,-1.31912,0.314603,-0.785392,0.523599,-0.523599,1.1979,0.468956,0.65,0.820123,4,46,1.07353,0.10983,0.187445
5.74,0.783391,-1.31957,0.314699,-0.785392,0.523599,-0.523599,1.19747,0.469578,0.65,0.820042,4,46,1.07349,0.109811,0.187799
5.742,0.783387,-1.32002,0.314796,-0.785392,0.523599,-0.523599,1.19705,0.4702,0.65,0.81996,4,46,1.07345,0.109791,0.188153
5.744,0.783383,-1.32047,0.314893,-0.785392,0.523599,-0.523599,1.19662,0.47082,0.65,0.819878,4,46,1.07341,0.109771,0.188507
5.746,0.78338,-1.32092,0.314991,-0.785392,0.523599,-0.523599,1.19619,0.471439,0.65,0.819794,4,46,1.07337,0.109751,0.188861
5.748,0.783377,-1.32137,0.31509,-0.785392,0.523599,-0.523599,1.19576,0.472057,0.65,0.81971,4,46,1.07333,0.109731,0.189214
5.75,0.783374,-1.32183,0.31519,-0.785392,0.523599,-0.523599,1.19532,0.472674,0.65,0.819626,4,46,1.07329,0.109711,0.189567
5.752,0.783371,-1.32228,0.315291,-0.785392,0.523599,-0.523599,1.19489,0.47329,0.65,0.819541,4,46,1.07324,0.10969,0.189919
5.754,0.783369,-1.32273,0.315392,-0.785393,0.523599,-0.523599,1.19445,0.473905,0.65,0.819455,4,46,1.0732,0.109669,0.190272
5.756,0.783367,-1.32318,0.315494,-0.785393,0.523599,-0.523599,1.19401,0.474519,0.65,0.819368,4,46,1.07315,0.109648,0.190624
5.758,0.783366,-1.32363,0.315597,-0.785393,0.523599,-0.523599,1.19358,0.475132,0.65,0.819281,4,46,1.07311,0.109627,0.190976
5.76,0.783364,-1.32408,0.315701,-0.785393,0.523599,-0.523599,1.19313,0.475744,0.65,0.819193,4,46,1.07306,0.109605,0.191327
5.762,0.783363,-1.32453,0.315805,-0.785393,0.523599,-0.523599,1.19269,0.476354,0.65,0.819104,4,46,1.07302,0.109583,0.191679
5.764,0.783362,-1.32498,0.315911,-0.785393,0.523599,-0.523599,1.19225,0.476963,0.65,0.819015,4,46,1.07297,0.109561,0.19203
5.766,0.783362,-1.32543,0.316017,-0.785393,0.523599,-0.523599,1.1918,0.477572,0.65,0.818925,4,46,1.07292,0.109539,0.192381
5.768,0.783361,-1.32588,0.316124,-0.785393,0.523599,-0.523599,1.19136,0.478179,0.65,0.818835,4,46,1.07287,0.109517,0.192731
5.77,0.783361,-1.32634,0.316231,-0.785393,0.523599,-0.523599,1.19091,0.478785,0.65,0.818743,4,46,1.07282,0.109494,0.193081
5.772,0.783361,-1.32679,0.31634,-0.785393,0.523599,-0.523599,1.19046,0.47939,0.65,0.818651,4,46,1.07278,0.109471,0.193431
5.774,0.783362,-1.32724,0.316449,-0.785394,0.523599,-0.523599,1.19,0.479994,0.65,0.818559,4,46,1.07272,0.109448,0.193781
5.776,0.783363,-1.32769,0.316559,-0.785394,0.523599,-0.523599,1.18955,0.480596,0.65,0.818465,4,46,1.07267,0.109425,0.19413
5.778,0.783363,-1.32814,0.316669,-0.785394,0.523599,-0.523599,1.1891,0.481198,0.65,0.818371,4,46,1.07262,0.109402,0.194479
5.78,0.783364,-1.3286,0.316781,-0.785394,0.523599,-0.523599,1.18864,0.481798,0.65,0.818276,4,46,1.07257,0.109377,0.194828
5.782,0.783364,-1.32905,0.316893,-0.785394,0.523599,-0.523599,1.18818,0.482397,0.65,0.818181,4,46,1.07252,0.109353,0.195177
5.784,0.783365,-1.3295,0.317006,-0.785394,0.523599,-0.523599,1.18772,0.482995,0.65,0.818084,4,46,1.07246,0.109328,0.195525
5.786,0.783365,-1.32995,0.31712,-0.785394,0.523599,-0.523599,1.18726,0.483592,0.65,0.817987,4,46,1.07241,0.109303,0.195873
5.788,0.783365,-1.3304,0.317235,-0.785394,0.523599,-0.523599,1.1868,0.484188,0.65,0.817889,4,46,1.07235,0.109278,0.19622
5.79,0.783365,-1.33086,0.31735,-0.785394,0.523599,-0.523599,1.18634,0.484782,0.65,0.817789,4,46,1.0723,0.109253,0.196568
5.792,0.783365,-1.33131,0.317466,-0.785394,0.523599,-0.523599,1.18587,0.485376,0.65,0.81769,4,46,1.07224,0.109228,0.196915
5.794,0.783364,-1.33176,0.317583,-0.785394,0.523599,-0.523599,1.18541,0.485968,0.65,0.817589,4,46,1.07218,0.109202,0.197261
5.796,0.783364,-1.33221,0.317701,-0.785394,0.523599,-0.523599,1.18494,0.486559,0.65,0.817487,4,46,1.07212,0.109177,0.197607
5.798,0.783363,-1.33267,0.317819,-0.785394,0.523599,-0.523599,1.18447,0.487149,0.65,0.817385,4,46,1.07206,0.109151,0.197953
5.8,0.783363,-1.33312,0.317938,-0.785395,0.523599,-0.523599,1.184,0.487738,0.65,0.817282,4,46,1.072,0.109125,0.198299
5.802,0.783362,-1.33357,0.318058,-0.785395,0.523599,-0.523599,1.18352,0.488325,0.65,0.817178,4,46,1.07194,0.109098,0.198644
5.804,0.783361,-1.33403,0.318179,-0.785395,0.523599,-0.523599,1.18305,0.488912,0.65,0.817073,4,46,1.07188,0.109072,0.198989
5.806,0.78336,-1.33448,0.3183,-0.785395,0.523599,-0.523599,1.18257,0.489497,0.65,0.816967,4,46,1.07182,0.109045,0.199333
5.808,0.783359,-1.33493,0.318422,-0.785395,0.523599,-0.523599,1.1821,0.490081,0.65,0.816861,4,46,1.07175,0.109018,0.199677
5.81,0.783358,-1.33539,0.318545,-0.785395,0.523599,-0.523599,1.18162,0.490663,0.65,0.816754,4,46,1.07169,0.108991,0.200021
5.812,0.783356,-1.33584,0.318669,-0.785395,0.523599,-0.523599,1.18114,0.491245,0.65,0.816646,4,46,1.07162,0.108964,0.200364
5.814,0.783355,-1.33629,0.318793,-0.785395,0.523599,-0.523599,1.18066,0.491825,0.65,0.816537,4,46,1.07156,0.108937,0.200707
5.816,0.783354,-1.33675,0.318918,-0.785395,0.523599,-0.523599,1.18018,0.492404,0.65,0.816427,4,46,1.07149,0.108909,0.20105
5.818,0.783352,-1.3372,0.319044,-0.785395,0.523599,-0.523599,1.17969,0.492982,0.65,0.816317,4,46,1.07142,0.108882,0.201392
5.82,0.78335,-1.33765,0.319171,-0.785395,0.523599,-0.523599,1.17921,0.493559,0.65,0.816205,4,46,1.07135,0.108854,0.201734
5.822,0.783349,-1.33811,0.319298,-0.785395,0.523599,-0.523599,1.17872,0.494134,0.65,0.816093,4,46,1.07128,0.108826,0.202076
5.824,0.783347,-1.33856,0.319427,-0.785395,0.523599,-0.523599,1.17823,0.494708,0.65,0.81598,4,46,1.07121,0.108797,0.202417
5.826,0.783345,-1.33902,0.319555,-0.785395,0.523599,-0.523599,1.17774,0.495281,0.65,0.815866,4,46,1.07114,0.108769,0.202758
5.828,0.783343,-1.33947,0.319685,-0.785395,0.523599,-0.523599,1.17725,0.495853,0.65,0.815752,4,46,1.07107,0.10874,0.203098
5.83,0.783341,-1.33992,0.319815,-0.785395,0.523599,-0.523599,1.17675,0.496424,0.65,0.815636,4,46,1.071,0.108711,0.203438
5.832,0.783338,-1.34038,0.319947,-0.785396,0.523599,-0.523599,1.17626,0.496993,0.65,0.81552,4,46,1.07093,0.108682,0.203778
5.834,0.783336,-1.34083,0.320078,-0.785396,0.523599,-0.523599,1.17576,0.497561,0.65,0.815403,4,46,1.07085,0.108653,0.204117
5.836,0.783334,-1.34129,0.320211,-0.785396,0.523599,-0.523599,1.17527,0.498128,0.65,0.815286,4,46,1.07078,0.108623,0.204456
5.838,0.783331,-1.34174,0.320344,-0.785396,0.523599,-0.523599,1.17477,0.498693,0.65,0.815167,4,46,1.0707,0.108593,0.204795
5.84,0.783329,-1.3422,0.320478,-0.785396,0.523599,-0.523599,1.17427,0.499258,0.65,0.815048,4,46,1.07063,0.108564,0.205133
5.842,0.783326,-1.34265,0.320613,-0.785396,0.523599,-0.523599,1.17377,0.499821,0.65,0.814927,4,46,1.07055,0.108533,0.205471
5.844,0.783324,-1.34311,0.320749,-0.785396,0.523599,-0.523599,1.17326,0.500382,0.65,0.814806,4,46,1.07047,0.108503,0.205808
5.846,0.783321,-1.34356,0.320885,-0.785396,0.523599,-0.523599,1.17276,0.500943,0.65,0.814685,4,46,1.07039,0.108473,0.206145
5.848,0.783318,-1.34402,0.321022,-0.785396,0.523599,-0.523599,1.17225,0.501502,0.65,0.814562,4,46,1.07031,0.108442,0.206482
5.85,0.783315,-1.34447,0.321159,-0.785396,0.523599,-0.523599,1.17175,0.50206,0.65,0.814439,4,46,1.07023,0.108411,0.206818
5.852,0.783312,-1.34493,0.321298,-0.785396,0.523599,-0.523599,1.17124,0.502617,0.65,0.814315,4,46,1.07015,0.10838,0.207154
5.854,0.783309,-1.34538,0.321437,-0.785396,0.523599,-0.523599,1.17073,0.503172,0.65,0.81419,4,46,1.07007,0.108349,0.20749
5.856,0.783306,-1.34584,0.321577,-0.785396,0.523599,-0.523599,1.17022,0.503726,0.65,0.814064,4,46,1.06999,0.108317,0.207825
5.858,0.783303,-1.34629,0.321717,-0.785396,0.523599,-0.523599,1.1697,0.504279,0.65,0.813937,4,46,1.0699,0.108285,0.208159
5.86,0.7833,-1.34675,0.321859,-0.785396,0.523599,-0.523599,1.16919,0.504831,0.65,0.81381,4,46,1.06982,0.108253,0.208494
5.862,0.783297,-1.3472,0.322001,-0.785396,0.523599,-0.523599,1.16867,0.505381,0.65,0.813682,4,46,1.06973,0.108221,0.208827
5.864,0.783294,-1.34766,0.322143,-0.785396,0.523599,-0.523599,1.16816,0.50593,0.65,0.813553,4,46,1.06965,0.108189,0.209161
5.866,0.78329,-1.34811,0.322287,-0.785396,0.523599,-0.523599,1.16764,0.506477,0.65,0.813423,4,46,1.06956,0.108156,0.209494
5.868,0.783287,-1.34857,0.322431,-0.785396,0.523599,-0.523599,1.16712,0.507024,0.65,0.813292,4,46,1.06947,0.108123,0.209827
5.87,0.783284,-1.34903,0.322576,-0.785396,0.523599,-0.523599,1.1666,0.507569,0.65,0.813161,4,46,1.06939,0.10809,0.210159
5.872,0.78328,-1.34948,0.322721,-0.785396,0.523599,-0.523599,1.16608,0.508112,0.65,0.813029,4,46,1.0693,0.108057,0.210491
5.874,0.783277,-1.34994,0.322868,-0.785396,0.523599,-0.523599,1.16555,0.508655,0.65,0.812896,4,46,1.06921,0.108024,0.210822
5.876,0.783273,-1.35039,0.323015,-0.785396,0.523599,-0.523599,1.16503,0.509196,0.65,0.812763,4,46,1.06912,0.10799,0.211153
5.878,0.78327,-1.35085,0.323162,-0.785396,0.523599,-0.523599,1.1645,0.509736,0.65,0.812628,4,46,1.06902,0.107956,0.211484
5.88,0.783266,-1.35131,0.323311,-0.785396,0.523599,-0.523599,1.16397,0.510274,0.65,0.812493,4,46,1.06893,0.107922,0.211814
5.882,0.783262,-1.35176,0.32346,-0.785397,0.523599,-0.523599,1.16344,0.510811,0.65,0.812357,4,46,1.06884,0.107888,0.212144
5.884,0.783259,-1.35222,0.32361,-0.785397,0.523599,-0.523599,1.16291,0.511347,0.65,0.81222,4,46,1.06875,0.107853,0.212473
5.886,0.783255,-1.35268,0.32376,-0.785397,0.523599,-0.523599,1.16238,0.511881,0.65,0.812082,4,46,1.06865,0.107818,0.212802
5.888,0.783251,-1.35313,0.323911,-0.785397,0.523599,-0.523599,1.16185,0.512415,0.65,0.811944,4,46,1.06856,0.107783,0.213131
5.89,0.783247,-1.35359,0.324063,-0.785397,0.523599,-0.523599,1.16131,0.512946,0.65,0.811805,4,46,1.06846,0.107748,0.213459
5.892,0.783244,-1.35405,0.324216,-0.785397,0.523599,-0.523599,1.16078,0.513477,0.65,0.811665,4,46,1.06836,0.107713,0.213787
5.894,0.78324,-1.3545,0.324369,-0.785397,0.523599,-0.523599,1.16024,0.514006,0.65,0.811524,4,46,1.06827,0.107677,0.214114
5.896,0.783236,-1.35496,0.324523,-0.785397,0.523599,-0.523599,1.1597,0.514534,0.65,0.811383,4,46,1.06817,0.107641,0.214441
5.898,0.783232,-1.35542,0.324678,-0.785397,0.523599,-0.523599,1.15916,0.51506,0.65,0.81124,4,46,1.06807,0.107605,0.214767
5.9,0.783228,-1.35587,0.324833,-0.785397,0.523599,-0.523599,1.15862,0.515585,0.65,0.811097,4,46,1.06797,0.107569,0.215093
5.902,0.783224,-1.35633,0.32499,-0.785397,0.523599,-0.523599,1.15808,0.516109,0.65,0.810953,4,46,1.06787,0.107532,0.215419
5.904,0.78322,-1.35679,0.325146,-0.785397,0.523599,-0.523599,1.15754,0.516631,0.65,0.810809,4,46,1.06777,0.107495,0.215744
5.906,0.783216,-1.35725,0.325304,-0.785397,0.523599,-0.523599,1.15699,0.517152,0.65,0.810663,4,46,1.06767,0.107458,0.216068
5.908,0.783212,-1.3577,0.325462,-0.785397,0.523599,-0.523599,1.15644,0.517671,0.65,0.810517,4,46,1.06756,0.107421,0.216393
5.91,0.783208,-1.35816,0.325621,-0.785397,0.523599,-0.523599,1.1559,0.518189,0.65,0.81037,4,46,1.06746,0.107383,0.216716
5.912,0.783203,-1.35862,0.32578,-0.785397,0.523599,-0.523599,1.15535,0.518706,0.65,0.810222,4,46,1.06736,0.107346,0.21704
5.914,0.783199,-1.35908,0.325941,-0.785397,0.523599,-0.523599,1.1548,0.519222,0.65,0.810074,4,46,1.06725,0.107308,0.217363
5.916,0.783195,-1.35953,0.326102,-0.785397,0.523599,-0.523599,1.15425,0.519736,0.65,0.809925,4,46,1.06715,0.10727,0.217685
5.918,0.783191,-1.35999,0.326263,-0.785397,0.523599,-0.523599,1.15369,0.520248,0.65,0.809774,4,46,1.06704,0.107231,0.218007
5.92,0.783187,-1.36045,0.326425,-0.785397,0.523599,-0.523599,1.15314,0.52076,0.65,0.809624,4,46,1.06693,0.107192,0.218328
5.922,0.783182,-1.36091,0.326588,-0.785397,0.523599,-0.523599,1.15258,0.521269,0.65,0.809472,4,46,1.06682,0.107154,0.21865
5.924,0.783178,-1.36136,0.326752,-0.785397,0.523599,-0.523599,1.15203,0.521778,0.65,0.80932,4,46,1.06672,0.107114,0.21897
5.926,0.783174,-1.36182,0.326916,-0.785397,0.523599,-0.523599,1.15147,0.522285,0.65,0.809167,4,46,1.06661,0.107075,0.21929
5.928,0.78317,-1.36228,0.327081,-0.785397,0.523599,-0.523599,1.15091,0.522791,0.65,0.809013,4,46,1.0665,0.107035,0.21961
5.93,0.783165,-1.36274,0.327247,-0.785397,0.523599,-0.523599,1.15035,0.523295,0.65,0.808858,4,46,1.06639,0.106995,0.219929
5.932,0.783161,-1.3632,0.327413,-0.785397,0.523599,-0.523599,1.14979,0.523798,0.65,0.808702,4,46,1.06627,0.106955,0.220248
5.934,0.783157,-1.36366,0.32758,-0.785397,0.523599,-0.523599,1.14922,0.524299,0.65,0.808546,4,46,1.06616,0.106915,0.220566
5.936,0.783152,-1.36411,0.327748,-0.785397,0.523599,-0.523599,1.14866,0.524799,0.65,0.808389,4,46,1.06605,0.106874,0.220884
5.938,0.783148,-1.36457,0.327916,-0.785397,0.523599,-0.523599,1.14809,0.525298,0.65,0.808231,4,46,1.06593,0.106834,0.221201
5.94,0.783144,-1.36503,0.328085,-0.785397,0.523599,-0.523599,1.14753,0.525795,0.65,0.808073,4,46,1.06582,0.106792,0.221518
5.942,0.783139,-1.36549,0.328255,-0.785397,0.523599,-0.523599,1.14696,0.52629,0.65,0.807914,4,46,1.0657,0.106751,0.221835
5.944,0.783135,-1.36595,0.328425,-0.785397,0.523599,-0.523599,1.14639,0.526785,0.65,0.807754,4,46,1.06559,0.10671,0.22215
5.946,0.78313,-1.36641,0.328597,-0.785397,0.523599,-0.523599,1.14582,0.527278,0.65,0.807593,4,46,1.06547,0.106668,0.222466
5.948,0.783126,-1.36687,0.328768,-0.785397,0.523599,-0.523599,1.14525,0.527769,0.65,0.807431,4,46,1.06535,0.106626,0.222781
5.95,0.783121,-1.36732,0.328941,-0.785397,0.523599,-0.523599,1.14467,0.528259,0.65,0.807269,4,46,1.06523,0.106583,0.223095
5.952,0.783117,-1.36778,0.329114,-0.785397,0.523599,-0.523599,1.1441,0.528748,0.65,0.807106,4,46,1.06512,0.106541,0.223409
5.954,0.783113,-1.36824,0.329287,-0.785397,0.523599,-0.523599,1.14352,0.529235,0.65,0.806942,4,46,1.065,0.106498,0.223723
5.956,0.783108,-1.3687,0.329462,-0.785397,0.523599,-0.523599,1.14295,0.52972,0.65,0.806777,4,46,1.06487,0.106455,0.224036
5.958,0.783104,-1.36916,0.329637,-0.785397,0.523599,-0.523599,1.14237,0.530205,0.65,0.806612,4,46,1.06475,0.106411,0.224348
5.96,0.783099,-1.36962,0.329812,-0.785397,0.523599,-0.523599,1.14179,0.530687,0.65,0.806446,4,46,1.06463,0.106368,0.22466
5.962,0.783095,-1.37008,0.329989,-0.785397,0.523599,-0.523599,1.14121,0.531169,0.65,0.806279,4,46,1.06451,0.106324,0.224972
5.964,0.78309,-1.37054,0.330166,-0.785397,0.523599,-0.523599,1.14063,0.531648,0.65,0.806111,4,46,1.06438,0.10628,0.225283
5.966,0.783086,-1.371,0.330343,-0.785397,0.523599,-0.523599,1.14005,0.532127,0.65,0.805943,4,46,1.06426,0.106236,0.225593
5.968,0.783081,-1.37146,0.330522,-0.785397,0.523599,-0.523599,1.13946,0.532604,0.65,0.805773,4,46,1.06413,0.106191,0.225903
5.97,0.783077,-1.37192,0.330701,-0.785397,0.523599,-0.523599,1.13888,0.533079,0.65,0.805604,4,46,1.06401,0.106146,0.226213
5.972,0.783074,-1.37238,0.33088,-0.785397,0.523599,-0.523599,1.13829,0.533553,0.65,0.805433,4,46,1.06388,0.106102,0.226522
5.974,0.78307,-1.37284,0.33106,-0.785397,0.523599,-0.523599,1.1377,0.534026,0.65,0.805262,4,46,1.06376,0.106056,0.22683
5.976,0.783067,-1.3733,0.331241,-0.785397,0.523599,-0.523599,1.13711,0.534497,0.65,0.80509,4,46,1.06363,0.106011,0.227138
5.978,0.783064,-1.37376,0.331423,-0.785397,0.523599,-0.523599,1.13652,0.534966,0.65,0.804917,4,46,1.0635,0.105965,0.227446
5.98,0.783061,-1.37422,0.331605,-0.785398,0.523599,-0.523599,1.13593,0.535434,0.65,0.804744,4,46,1.06337,0.105919,0.227753
5.982,0.783058,-1.37468,0.331788,-0.785398,0.523599,-0.523599,1.13534,0.535901,0.65,0.80457,4,46,1.06324,0.105873,0.228059
5.984,0.783056,-1.37514,0.331971,-0.785398,0.523599,-0.523599,1.13475,0.536366,0.65,0.804396,4,46,1.06311,0.105826,0.228365
5.986,0.783054,-1.3756,0.332155,-0.785398,0.523599,-0.523599,1.13415,0.536829,0.65,0.80422,4,46,1.06298,0.105777,0.228671
5.988,0.783052,-1.37606,0.33234,-0.785398,0.523599,-0.523599,1.13356,0.537291,0.65,0.804044,4,46,1.06285,0.105729,0.228976
5.99,0.78305,-1.37652,0.332526,-0.785398,0.523599,-0.523599,1.13296,0.537752,0.65,0.803867,4,46,1.06271,0.10568,0.22928
5.992,0.783049,-1.37698,0.332712,-0.785398,0.523599,-0.523599,1.13236,0.538211,0.65,0.803689,4,46,1.06258,0.10563,0.229585
5.994,0.783047,-1.37744,0.332898,-0.785398,0.523599,-0.523599,1.13176,0.538669,0.65,0.803511,4,46,1.06245,0.105581,0.229888
5.996,0.783046,-1.3779,0.333086,-0.785398,0.523599,-0.523599,1.13116,0.539125,0.65,0.803332,4,46,1.06231,0.105531,0.230191
5.998,0.783046,-1.37836,0.333274,-0.785398,0.523599,-0.523599,1.13056,0.539579,0.65,0.803152,4,46,1.06218,0.105481,0.230494
6,0.783045,-1.37882,0.333462,-0.785398,0.523599,-0.523599,1.12996,0.540032,0.65,0.802971,4,46,1.06204,0.105431,0.230796
6.002,0.783045,-1.37928,0.333651,-0.785398,0.523599,-0.523599,1.12935,0.540484,0.65,0.80279,4,46,1.06191,0.10538,0.231097
6.004,0.783044,-1.37974,0.333841,-0.785398,0.523599,-0.523599,1.12875,0.540934,0.65,0.802609,4,46,1.06177,0.105329,0.231398
6.006,0.783044,-1.3802,0.334032,-0.785398,0.523599,-0.523599,1.12814,0.541382,0.65,0.802426,4,46,1.06163,0.105278,0.231698
6.008,0.783045,-1.38066,0.334223,-0.785398,0.523599,-0.523599,1.12753,0.541829,0.65,0.802243,4,46,1.06149,0.105226,0.231998
6.01,0.783045,-1.38112,0.334415,-0.785398,0.523599,-0.523599,1.12693,0.542275,0.65,0.802059,4,46,1.06136,0.105175,0.232298
6.012,0.783046,-1.38158,0.334607,-0.785398,0.523599,-0.523599,1.12632,0.542719,0.65,0.801875,4,46,1.06122,0.105122,0.232596
6.014,0.783046,-1.38204,0.3348,-0.785398,0.523599,-0.523599,1.12571,0.543161,0.65,0.80169,4,46,1.06108,0.10507,0.232895
6.016,0.783047,-1.3825,0.334994,-0.785398,0.523599,-0.523599,1.12509,0.543602,0.65,0.801504,4,46,1.06093,0.105017,0.233193
6.018,0.783048,-1.38297,0.335188,-0.785398,0.523599,-0.523599,1.12448,0.544041,0.65,0.801317,4,46,1.06079,0.104965,0.23349
6.02,0.78305,-1.38343,0.335383,-0.785398,0.523599,-0.523599,1.12387,0.544479,0.65,0.80113,4,46,1.06065,0.104911,0.233786
6.022,0.783051,-1.38389,0.335578,-0.785398,0.523599,-0.523599,1.12325,0.544915,0.65,0.800942,4,46,1.06051,0.104858,0.234083
6.024,0.783053,-1.38435,0.335775,-0.785398,0.523599,-0.523599,1.12264,0.54535,0.65,0.800754,4,46,1.06036,0.104804,0.234378
6.026,0.783055,-1.38481,0.335971,-0.785398,0.523599,-0.523599,1.12202,0.545783,0.65,0.800564,4,46,1.06022,0.10475,0.234673
6.028,0.783057,-1.38527,0.336169,-0.785398,0.523599,-0.523599,1.1214,0.546214,0.65,0.800374,4,46,1.06008,0.104696,0.234968
6.03,0.783059,-1.38573,0.336367,-0.785398,0.523599,-0.523599,1.12078,0.546644,0.65,0.800184,4,46,1.05993,0.104641,0.235262
6.032,0.783062,-1.38619,0.336565,-0.785398,0.523599,-0.523599,1.12016,0.547073,0.65,0.799992,4,46,1.05978,0.104586,0.235555
6.034,0.783064,-1.38666,0.336765,-0.785398,0.523599,-0.523599,1.11954,0.5475,0.65,0.7998,4,46,1.05964,0.104531,0.235848
6.036,0.783067,-1.38712,0.336964,-0.785398,0.523599,-0.523599,1.11892,0.547925,0.65,0.799608,4,46,1.05949,0.104475,0.23614
6.038,0.78307,-1.38758,0.337165,-0.785398,0.523599,-0.523599,1.11829,0.548349,0.65,0.799414,4,46,1.05934,0.104419,0.236432
6.04,0.783073,-1.38804,0.337366,-0.785398,0.523599,-0.523599,1.11767,0.548771,0.65,0.79922,4,46,1.05919,0.104363,0.236723
6.042,0.783076,-1.3885,0.337568,-0.785398,0.523599,-0.523599,1.11704,0.549192,0.65,0.799025,4,46,1.05904,0.104307,0.237014
6.044,0.78308,-1.38896,0.33777,-0.785398,0.523599,-0.523599,1.11642,0.549611,0.65,0.79883,4,46,1.05889,0.10425,0.237304
6.046,0.783083,-1.38943,0.337973,-0.785398,0.523599,-0.523599,1.11579,0.550028,0.65,0.798634,4,46,1.05874,0.104193,0.237593
6.048,0.783087,-1.38989,0.338176,-0.785398,0.523599,-0.523599,1.11516,0.550444,0.65,0.798437,4,46,1.05859,0.104136,0.237882
6.05,0.783091,-1.39035,0.338381,-0.785398,0.523599,-0.523599,1.11453,0.550858,0.65,0.79824,4,46,1.05844,0.104078,0.23817
6.052,0.783095,-1.39081,0.338585,-0.785398,0.523599,-0.523599,1.1139,0.551271,0.65,0.798041,4,46,1.05829,0.104021,0.238458
6.054,0.783099,-1.39128,0.338791,-0.785398,0.523599,-0.523599,1.11327,0.551682,0.65,0.797842,4,46,1.05813,0.103962,0.238745
6.056,0.783103,-1.39174,0.338997,-0.785398,0.523599,-0.523599,1.11263,0.552092,0.65,0.797643,4,46,1.05798,0.103904,0.239031
6.058,0.783107,-1.3922,0.339203,-0.785398,0.523599,-0.523599,1.112,0.5525,0.65,0.797443,4,46,1.05782,0.103845,0.239317
6.06,0.783112,-1.39266,0.33941,-0.785398,0.523599,-0.523599,1.11136,0.552906,0.65,0.797242,4,46,1.05767,0.103786,0.239603
6.062,0.783117,-1.39312,0.339618,-0.785398,0.523599,-0.523599,1.11073,0.553311,0.65,0.79704,4,46,1.05751,0.103727,0.239887
6.064,0.783121,-1.39359,0.339826,-0.785398,0.523599,-0.523599,1.11009,0.553714,0.65,0.796838,4,46,1.05735,0.103667,0.240171
6.066,0.783126,-1.39405,0.340035,-0.785398,0.523599,-0.523599,1.10945,0.554115,0.65,0.796635,4,46,1.0572,0.103607,0.240455
6.068,0.783132,-1.39451,0.340245,-0.785398,0.523599,-0.523599,1.10881,0.554515,0.65,0.796431,4,46,1.05704,0.103547,0.240738
6.07,0.783137,-1.39497,0.340455,-0.785398,0.523599,-0.523599,1.10817,0.554914,0.65,0.796226,4,46,1.05688,0.103486,0.24102
6.072,0.783142,-1.39544,0.340666,-0.785398,0.523599,-0.523599,1.10753,0.55531,0.65,0.796021,4,46,1.05672,0.103426,0.241302
6.074,0.783148,-1.3959,0.340877,-0.785398,0.523599,-0.523599,1.10689,0.555705,0.65,0.795815,4,46,1.05656,0.103364,0.241583
6.076,0.783153,-1.39636,0.341089,-0.785398,0.523599,-0.523599,1.10625,0.556099,0.65,0.795609,4,46,1.0564,0.103303,0.241863
6.078,0.783159,-1.39683,0.341302,-0.785398,0.523599,-0.523599,1.1056,0.556491,0.65,0.795402,4,46,1.05624,0.103241,0.242143
6.08,0.783165,-1.39729,0.341515,-0.785398,0.523599,-0.523599,1.10496,0.556881,0.65,0.795194,4,46,1.05608,0.103179,0.242423
6.082,0.783171,-1.39775,0.341729,-0.785398,0.523599,-0.523599,1.10431,0.55727,0.65,0.794985,4,46,1.05591,0.103117,0.242701
6.084,0.783177,-1.39821,0.341943,-0.785398,0.523599,-0.523599,1.10367,0.557657,0.65,0.794776,4,46,1.05575,0.103054,0.242979
6.086,0.783183,-1.39868,0.342158,-0.785398,0.523599,-0.523599,1.10302,0.558042,0.65,0.794566,4,46,1.05558,0.102991,0.243257
6.088,0.783189,-1.39914,0.342373,-0.785398,0.523599,-0.523599,1.10237,0.558426,0.65,0.794356,4,46,1.05542,0.102928,0.243533
6.09,0.783196,-1.3996,0.342589,-0.785398,0.523599,-0.523599,1.10172,0.558808,0.65,0.794144,4,46,1.05525,0.102864,0.243809
6.092,0.783202,-1.40007,0.342806,-0.785398,0.523599,-0.523599,1.10107,0.559189,0.65,0.793932,4,46,1.05509,0.1028,0.244085
6.094,0.783209,-1.40053,0.343023,-0.785398,0.523599,-0.523599,1.10042,0.559567,0.65,0.79372,4,46,1.05492,0.102736,0.24436
6.096,0.783216,-1.40099,0.343241,-0.785398,0.523599,-0.523599,1.09976,0.559945,0.65,0.793506,4,46,1.05475,0.102672,0.244634
6.098,0.783222,-1.40146,0.34346,-0.785398,0.523599,-0.523599,1.09911,0.56032,0.65,0.793292,4,46,1.05459,0.102607,0.244907
6.1,0.783229,-1.40192,0.343679,-0.785398,0.523599,-0.523599,1.09845,0.560694,0.65,0.793077,4,46,1.05442,0.102542,0.24518
6.102,0.783236,-1.40238,0.343898,-0.785398,0.523599,-0.523599,1.0978,0.561066,0.65,0.792862,4,46,1.05425,0.102476,0.245452
6.104,0.783244,-1.40285,0.344118,-0.785398,0.523599,-0.523599,1.09714,0.561437,0.65,0.792646,4,46,1.05408,0.10241,0.245724
6.106,0.783251,-1.40331,0.344339,-0.785398,0.523599,-0.523599,1.09648,0.561806,0.65,0.792429,4,46,1.05391,0.102344,0.245995
6.108,0.783258,-1.40378,0.344561,-0.785398,0.523599,-0.523599,1.09583,0.562173,0.65,0.792212,4,46,1.05373,0.102278,0.246265
6.11,0.783266,-1.40424,0.344782,-0.785398,0.523599,-0.523599,1.09517,0.562539,0.65,0.791993,4,46,1.05356,0.102211,0.246535
6.112,0.783273,-1.4047,0.345005,-0.785398,0.523599,-0.523599,1.09451,0.562903,0.65,0.791775,4,46,1.05339,0.102144,0.246804
6.114,0.783281,-1.40517,0.345228,-0.785398,0.523599,-0.523599,1.09384,0.563265,0.65,0.791555,4,46,1.05322,0.102077,0.247072
6.116,0.783288,-1.40563,0.345452,-0.785398,0.523599,-0.523599,1.09318,0.563626,0.65,0.791335,4,46,1.05304,0.102009,0.24734
6.118,0.783296,-1.4061,0.345676,-0.785398,0.523599,-0.523599,1.09252,0.563985,0.65,0.791114,4,46,1.05287,0.101941,0.247607
6.12,0.783304,-1.40656,0.345901,-0.785398,0.523599,-0.523599,1.09186,0.564342,0.65,0.790892,4,46,1.05269,0.101873,0.247873
6.122,0.783312,-1.40702,0.346126,-0.785398,0.523599,-0.523599,1.09119,0.564698,0.65,0.79067,4,46,1.05252,0.101805,0.248139
6.124,0.78332,-1.40749,0.346352,-0.785398,0.523599,-0.523599,1.09053,0.565052,0.65,0.790447,4,46,1.05234,0.101736,0.248403
6.126,0.783328,-1.40795,0.346578,-0.785398,0.523599,-0.523599,1.08986,0.565404,0.65,0.790224,4,46,1.05216,0.101666,0.248668
6.128,0.783337,-1.40842,0.346805,-0.785398,0.523599,-0.523599,1.08919,0.565755,0.65,0.789999,4,46,1.05198,0.101597,0.248931
6.13,0.783345,-1.40888,0.347033,-0.785398,0.523599,-0.523599,1.08852,0.566104,0.65,0.789774,4,46,1.0518,0.101527,0.249194
6.132,0.783353,-1.40934,0.347261,-0.785398,0.523599,-0.523599,1.08785,0.566451,0.65,0.789549,4,46,1.05162,0.101457,0.249456
6.134,0.783362,-1.40981,0.34749,-0.785398,0.523599,-0.523599,1.08718,0.566797,0.65,0.789322,4,46,1.05144,0.101386,0.249718
6.136,0.78337,-1.41027,0.347719,-0.785398,0.523599,-0.523599,1.08651,0.567141,0.65,0.789095,4,46,1.05126,0.101316,0.249979
6.138,0.783379,-1.41074,0.347949,-0.785398,0.523599,-0.523599,1.08584,0.567483,0.65,0.788868,4,46,1.05108,0.101244,0.250239
6.14,0.783388,-1.4112,0.34818,-0.785398,0.523599,-0.523599,1.08517,0.567824,0.65,0.788639,4,46,1.0509,0.101173,0.250498
6.142,0.783396,-1.41167,0.348411,-0.785398,0.523599,-0.523599,1.08449,0.568163,0.65,0.78841,4,46,1.05072,0.101101,0.250757
6.144,0.783405,-1.41213,0.348642,-0.785398,0.523599,-0.523599,1.08382,0.5685,0.65,0.78818,4,46,1.05053,0.101029,0.251015
6.146,0.783414,-1.4126,0.348874,-0.785398,0.523599,-0.523599,1.08314,0.568835,0.65,0.78795,4,46,1.05035,0.100957,0.251272
6.148,0.783423,-1.41306,0.349107,-0.785398,0.523599,-0.523599,1.08247,0.569169,0.65,0.787719,4,46,1.05017,0.100884,0.251529
6.15,0.783432,-1.41353,0.34934,-0.785398,0.523599,-0.523599,1.08179,0.569501,0.65,0.787487,4,46,1.04998,0.100811,0.251784
6.152,0.783441,-1.41399,0.349574,-0.785398,0.523599,-0.523599,1.08111,0.569832,0.65,0.787255,4,46,1.04979,0.100737,0.25204
6.154,0.78345,-1.41446,0.349809,-0.785398,0.523599,-0.523599,1.08044,0.57016,0.65,0.787022,4,46,1.04961,0.100664,0.252294
6.156,0.78346,-1.41492,0.350044,-0.785398,0.523599,-0.523599,1.07976,0.570487,0.65,0.786788,4,46,1.04942,0.10059,0.252548
6.158,0.783469,-1.41539,0.350279,-0.785398,0.523599,-0.523599,1.07908,0.570812,0.65,0.786553,4,46,1.04923,0.100515,0.252801
6.16,0.783478,-1.41585,0.350515,-0.785398,0.523599,-0.523599,1.07839,0.571136,0.65,0.786318,4,46,1.04904,0.100441,0.253053
6.162,0.783488,-1.41632,0.350752,-0.785398,0.523599,-0.523599,1.07771,0.571458,0.65,0.786082,4,46,1.04885,0.100365,0.253304
6.164,0.783497,-1.41678,0.350989,-0.785398,0.523599,-0.523599,1.07703,0.571778,0.65,0.785846,4,46,1.04866,0.10029,0.253555
6.166,0.783507,-1.41725,0.351226,-0.785398,0.523599,-0.523599,1.07635,0.572096,0.65,0.785609,4,46,1.04847,0.100214,0.253805
6.168,0.783516,-1.41771,0.351465,-0.785398,0.523599,-0.523599,1.07566,0.572413,0.65,0.785371,4,46,1.04828,0.100138,0.254054
6.17,0.783526,-1.41818,0.351703,-0.785398,0.523599,-0.523599,1.07498,0.572728,0.65,0.785133,4,46,1.04809,0.100062,0.254303
6.172,0.783536,-1.41864,0.351943,-0.785398,0.523599,-0.523599,1.07429,0.573041,0.65,0.784893,4,46,1.0479,0.0999853,0.254551
6.174,0.783545,-1.41911,0.352183,-0.785398,0.523599,-0.523599,1.07361,0.573353,0.65,0.784654,4,46,1.0477,0.0999082,0.254798
6.176,0.783555,-1.41957,0.352423,-0.785398,0.523599,-0.523599,1.07292,0.573663,0.65,0.784413,4,46,1.04751,0.0998309,0.255044
6.178,0.783565,-1.42004,0.352664,-0.785398,0.523599,-0.523599,1.07223,0.573971,0.65,0.784172,4,46,1.04732,0.0997531,0.25529
6.18,0.783575,-1.4205,0.352906,-0.785398,0.523599,-0.523599,1.07154,0.574277,0.65,0.78393,4,46,1.04712,0.0996751,0.255534
6.182,0.783585,-1.42097,0.353148,-0.785398,0.523599,-0.523599,1.07085,0.574582,0.65,0.783688,4,46,1.04693,0.0995967,0.255778
6.184,0.783595,-1.42144,0.35339,-0.785398,0.523599,-0.523599,1.07016,0.574884,0.65,0.783445,4,46,1.04673,0.099518,0.256022
6.186,0.783605,-1.4219,0.353633,-0.785398,0.523599,-0.523599,1.06947,0.575186,0.65,0.783201,4,46,1.04653,0.0994389,0.256264
6.188,0.783615,-1.42237,0.353877,-0.785398,0.523599,-0.523599,1.06878,0.575485,0.65,0.782957,4,46,1.04633,0.0993595,0.256506
6.19,0.783625,-1.42283,0.354121,-0.785398,0.523599,-0.523599,1.06808,0.575783,0.65,0.782711,4,46,1.04614,0.0992798,0.256747
6.192,0.783635,-1.4233,0.354366,-0.785398,0.523599,-0.523599,1.06739,0.576079,0.65,0.782466,4,46,1.04594,0.0991997,0.256987
6.194,0.783646,-1.42376,0.354611,-0.785398,0.523599,-0.523599,1.0667,0.576373,0.65,0.782219,4,46,1.04574,0.0991193,0.257227
6.196,0.783656,-1.42423,0.354857,-0.785398,0.523599,-0.523599,1.066,0.576665,0.65,0.781972,4,46,1.04554,0.0990385,0.257465
6.198,0.783666,-1.4247,0.355103,-0.785398,0.523599,-0.523599,1.06531,0.576956,0.65,0.781725,4,46,1.04534,0.0989575,0.257703
6.2,0.783676,-1.42516,0.35535,-0.785398,0.523599,-0.523599,1.06461,0.577245,0.65,0.781476,4,46,1.04513,0.098876,0.25794
6.202,0.783687,-1.42563,0.355598,-0.785398,0.523599,-0.523599,1.06391,0.577532,0.65,0.781227,4,46,1.04493,0.0987942,0.258176
6.204,0.783697,-1.42609,0.355846,-0.785398,0.523599,-0.523599,1.06321,0.577817,0.65,0.780978,4,46,1.04473,0.0987121,0.258412
6.206,0.783708,-1.42656,0.356094,-0.785398,0.523599,-0.523599,1.06252,0.578101,0.65,0.780727,4,46,1.04453,0.0986296,0.258647
6.208,0.783718,-1.42703,0.356343,-0.785398,0.523599,-0.523599,1.06182,0.578383,0.65,0.780476,4,46,1.04432,0.0985468,0.258881
6.21,0.783729,-1.42749,0.356593,-0.785398,0.523599,-0.523599,1.06112,0.578663,0.65,0.780225,4,46,1.04412,0.0984637,0.259114
6.212,0.783739,-1.42796,0.356843,-0.785398,0.523599,-0.523599,1.06042,0.578941,0.65,0.779972,4,46,1.04391,0.0983801,0.259346
6.214,0.78375,-1.42843,0.357093,-0.785398,0.523599,-0.523599,1.05971,0.579218,0.65,0.77972,4,46,1.04371,0.0982963,0.259578
6.216,0.78376,-1.42889,0.357345,-0.785398,0.523599,-0.523599,1.05901,0.579493,0.65,0.779466,4,46,1.0435,0.0982121,0.259808
6.218,0.783771,-1.42936,0.357596,-0.785398,0.523599,-0.523599,1.05831,0.579766,0.65,0.779212,4,46,1.04329,0.0981275,0.260038
6.22,0.783782,-1.42982,0.357848,-0.785398,0.523599,-0.523599,1.05761,0.580037,0.65,0.778957,4,46,1.04308,0.0980426,0.260267
6.222,0.783792,-1.43029,0.358101,-0.785398,0.523599,-0.523599,1.0569,0.580307,0.65,0.778702,4,46,1.04288,0.0979574,0.260496
6.224,0.783803,-1.43076,0.358354,-0.785398,0.523599,-0.523599,1.0562,0.580575,0.65,0.778445,4,46,1.04267,0.0978718,0.260723
6.226,0.783814,-1.43122,0.358608,-0.785398,0.523599,-0.523599,1.05549,0.580841,0.65,0.778189,4,46,1.04246,0.0977858,0.26095
6.228,0.783825,-1.43169,0.358862,-0.785398,0.523599,-0.523599,1.05479,0.581105,0.65,0.777931,4,46,1.04225,0.0976995,0.261175
6.23,0.783836,-1.43216,0.359117,-0.785398,0.523599,-0.523599,1.05408,0.581367,0.65,0.777673,4,46,1.04203,0.0976129,0.2614
6.232,0.783846,-1.43262,0.359372,-0.785398,0.523599,-0.523599,1.05337,0.581628,0.65,0.777415,4,46,1.04182,0.0975259,0.261625
6.234,0.783857,-1.43309,0.359628,-0.785398,0.523599,-0.523599,1.05266,0.581887,0.65,0.777155,4,46,1.04161,0.0974385,0.261848
6.236,0.783868,-1.43356,0.359885,-0.785398,0.523599,-0.523599,1.05195,0.582144,0.65,0.776895,4,46,1.0414,0.0973508,0.26207
6.238,0.783879,-1.43403,0.360141,-0.785398,0.523599,-0.523599,1.05125,0.582399,0.65,0.776635,4,46,1.04118,0.0972628,0.262292
6.24,0.78389,-1.43449,0.360399,-0.785398,0.523599,-0.523599,1.05053,0.582653,0.65,0.776374,4,46,1.04097,0.0971743,0.262513
6.242,0.783901,-1.43496,0.360657,-0.785398,0.523599,-0.523599,1.04982,0.582905,0.65,0.776112,4,46,1.04076,0.0970856,0.262733
6.244,0.783912,-1.43543,0.360915,-0.785398,0.523599,-0.523599,1.04911,0.583155,0.65,0.775849,4,46,1.04054,0.0969964,0.262952
6.246,0.783923,-1.43589,0.361174,-0.785398,0.523599,-0.523599,1.0484,0.583403,0.65,0.775586,4,46,1.04032,0.0969069,0.26317
6.248,0.783934,-1.43636,0.361434,-0.785398,0.523599,-0.523599,1.04769,0.583649,0.65,0.775323,4,46,1.04011,0.0968171,0.263388
6.25,0.783945,-1.43683,0.361693,-0.785398,0.523599,-0.523599,1.04698,0.583894,0.65,0.775058,4,46,1.03989,0.0967269,0.263604
6.252,0.783956,-1.43729,0.361954,-0.785398,0.523599,-0.523599,1.04626,0.584137,0.65,0.774793,4,46,1.03967,0.0966363,0.26382
6.254,0.783967,-1.43776,0.362215,-0.785398,0.523599,-0.523599,1.04555,0.584378,0.65,0.774528,4,46,1.03945,0.0965454,0.264035
6.256,0.783978,-1.43823,0.362476,-0.785398,0.523599,-0.523599,1.04483,0.584617,0.65,0.774262,4,46,1.03924,0.0964541,0.264249
6.258,0.783989,-1.4387,0.362738,-0.785398,0.523599,-0.523599,1.04412,0.584855,0.65,0.773995,4,46,1.03902,0.0963624,0.264462
6.26,0.784,-1.43916,0.363001,-0.785398,0.523599,-0.523599,1.0434,0.58509,0.65,0.773727,4,46,1.0388,0.0962704,0.264674
6.262,0.784012,-1.43963,0.363264,-0.785398,0.523599,-0.523599,1.04268,0.585324,0.65,0.773459,4,46,1.03857,0.0961781,0.264885
6.264,0.784023,-1.4401,0.363527,-0.785398,0.523599,-0.523599,1.04197,0.585556,0.65,0.773191,4,46,1.03835,0.0960853,0.265096
6.266,0.784034,-1.44057,0.363791,-0.785398,0.523599,-0.523599,1.04125,0.585786,0.65,0.772921,4,46,1.03813,0.0959922,0.265306
6.268,0.784045,-1.44103,0.364056,-0.785398,0.523599,-0.523599,1.04053,0.586015,0.65,0.772652,4,46,1.03791,0.0958988,0.265514
6.27,0.784056,-1.4415,0.364321,-0.785398,0.523599,-0.523599,1.03981,0.586241,0.65,0.772381,4,46,1.03769,0.0958049,0.265722
6.272,0.784066,-1.44197,0.364586,-0.785398,0.523599,-0.523599,1.03909,0.586466,0.65,0.77211,4,46,1.03746,0.0957107,0.265929
6.274,0.784077,-1.44244,0.364852,-0.785398,0.523599,-0.523599,1.03837,0.586689,0.65,0.771838,4,46,1.03724,0.0956161,0.266135
6.276,0.784087,-1.4429,0.365119,-0.785398,0.523599,-0.523599,1.03765,0.58691,0.65,0.771566,4,46,1.03701,0.0955212,0.26634
6.278,0.784098,-1.44337,0.365386,-0.785398,0.523599,-0.523599,1.03693,0.58713,0.65,0.771293,4,46,1.03679,0.0954259,0.266545
6.28,0.784108,-1.44384,0.365654,-0.785398,0.523599,-0.523599,1.03621,0.587347,0.65,0.771019,4,46,1.03656,0.0953303,0.266748
6.282,0.784118,-1.44431,0.365922,-0.785398,0.523599,-0.523599,1.03548,0.587563,0.65,0.770745,4,46,1.03633,0.0952343,0.26695
6.284,0.784128,-1.44478,0.36619,-0.785398,0.523599,-0.523599,1.03476,0.587777,0.65,0.77047,4,46,1.03611,0.095138,0.267152
6.286,0.784137,-1.44524,0.366459,-0.785398,0.523599,-0.523599,1.03404,0.587989,0.65,0.770194,4,46,1.03588,0.0950412,0.267353
6.288,0.784147,-1.44571,0.366729,-0.785398,0.523599,-0.523599,1.03331,0.588199,0.65,0.769918,4,46,1.03565,0.0949442,0.267552
6.29,0.784156,-1.44618,0.366999,-0.785398,0.523599,-0.523599,1.03259,0.588408,0.65,0.769641,4,46,1.03542,0.0948467,0.267751
6.292,0.784166,-1.44665,0.367269,-0.785398,0.523599,-0.523599,1.03186,0.588615,0.65,0.769363,4,46,1.03519,0.0947489,0.267949
6.294,0.784175,-1.44712,0.36754,-0.785398,0.523599,-0.523599,1.03114,0.588819,0.65,0.769085,4,46,1.03496,0.0946507,0.268146
6.296,0.784184,-1.44758,0.367812,-0.785398,0.523599,-0.523599,1.03041,0.589022,0.65,0.768806,4,46,1.03473,0.0945522,0.268342
6.298,0.784193,-1.44805,0.368084,-0.785398,0.523599,-0.523599,1.02969,0.589224,0.65,0.768527,4,46,1.03449,0.0944533,0.268537
6.3,0.784202,-1.44852,0.368356,-0.785398,0.523599,-0.523599,1.02896,0.589423,0.65,0.768247,4,46,1.03426,0.094354,0.268731
6.302,0.78421,-1.44899,0.368629,-0.785398,0.523599,-0.523599,1.02823,0.58962,0.65,0.767966,4,46,1.03403,0.0942544,0.268924
6.304,0.784219,-1.44946,0.368902,-0.785398,0.523599,-0.523599,1.0275,0.589816,0.65,0.767685,4,46,1.03379,0.0941544,0.269116
6.306,0.784227,-1.44992,0.369176,-0.785398,0.523599,-0.523599,1.02677,0.59001,0.65,0.767403,4,46,1.03356,0.094054,0.269307
6.308,0.784236,-1.45039,0.369451,-0.785398,0.523599,-0.523599,1.02604,0.590202,0.65,0.767121,4,46,1.03332,0.0939532,0.269497
6.31,0.784244,-1.45086,0.369726,-0.785398,0.523599,-0.523599,1.02531,0.590392,0.65,0.766838,4,46,1.03309,0.0938521,0.269687
6.312,0.784252,-1.45133,0.370001,-0.785398,0.523599,-0.523599,1.02458,0.590581,0.65,0.766554,4,46,1.03285,0.0937506,0.269875
6.314,0.78426,-1.4518,0.370277,-0.785398,0.523599,-0.523599,1.02385,0.590767,0.65,0.76627,4,46,1.03262,0.0936487,0.270063
6.316,0.784268,-1.45227,0.370553,-0.785398,0.523599,-0.523599,1.02312,0.590952,0.65,0.765985,4,46,1.03238,0.0935465,0.270249
6.318,0.784276,-1.45273,0.37083,-0.785398,0.523599,-0.523599,1.02239,0.591135,0.65,0.765699,4,46,1.03214,0.0934439,0.270435
6.32,0.784284,-1.4532,0.371107,-0.785398,0.523599,-0.523599,1.02166,0.591316,0.65,0.765413,4,46,1.0319,0.0933409,0.270619
6.322,0.784291,-1.45367,0.371385,-0.785398,0.523599,-0.523599,1.02093,0.591495,0.65,0.765126,4,46,1.03166,0.0932375,0.270803
6.324,0.784299,-1.45414,0.371663,-0.785398,0.523599,-0.523599,1.02019,0.591672,0.65,0.764839,4,46,1.03142,0.0931337,0.270985
6.326,0.784306,-1.45461,0.371942,-0.785398,0.523599,-0.523599,1.01946,0.591848,0.65,0.764551,4,46,1.03118,0.0930296,0.271167
6.328,0.784314,-1.45508,0.372221,-0.785398,0.523599,-0.523599,1.01873,0.592021,0.65,0.764263,4,46,1.03094,0.0929251,0.271348
6.33,0.784321,-1.45555,0.372501,-0.785398,0.523599,-0.523599,1.01799,0.592193,0.65,0.763974,4,46,1.0307,0.0928202,0.271527
6.332,0.784328,-1.45602,0.372781,-0.785398,0.523599,-0.523599,1.01726,0.592363,0.65,0.763684,4,46,1.03046,0.0927149,0.271706
6.334,0.784335,-1.45648,0.373062,-0.785398,0.523599,-0.523599,1.01652,0.592531,0.65,0.763394,4,46,1.03021,0.0926093,0.271884
6.336,0.784342,-1.45695,0.373343,-0.785398,0.523599,-0.523599,1.01579,0.592698,0.65,0.763103,4,46,1.02997,0.0925033,0.27206
6.338,0.784349,-1.45742,0.373625,-0.785398,0.523599,-0.523599,1.01505,0.592862,0.65,0.762812,4,46,1.02973,0.0923968,0.272236
6.34,0.784356,-1.45789,0.373907,-0.785398,0.523599,-0.523599,1.01432,0.593025,0.65,0.76252,4,46,1.02948,0.09229,0.272411
6.342,0.784363,-1.45836,0.374189,-0.785398,0.523599,-0.523599,1.01358,0.593185,0.65,0.762227,4,46,1.02924,0.0921829,0.272585
6.344,0.78437,-1.45883,0.374472,-0.785398,0.523599,-0.523599,1.01284,0.593344,0.65,0.761934,4,46,1.02899,0.0920753,0.272757
6.346,0.784377,-1.4593,0.374756,-0.785398,0.523599,-0.523599,1.01211,0.593501,0.65,0.76164,4,46,1.02874,0.0919673,0.272929
6.348,0.784383,-1.45977,0.37504,-0.785398,0.523599,-0.523599,1.01137,0.593656,0.65,0.761346,4,46,1.0285,0.091859,0.2731
6.35,0.78439,-1.46024,0.375324,-0.785398,0.523599,-0.523599,1.01063,0.59381,0.65,0.761051,4,46,1.02825,0.0917503,0.273269
6.352,0.784396,-1.46071,0.375609,-0.785398,0.523599,-0.523599,1.00989,0.593961,0.65,0.760756,4,46,1.028,0.0916412,0.273438
6.354,0.784402,-1.46118,0.375895,-0.785398,0.523599,-0.523599,1.00915,0.594111,0.65,0.76046,4,46,1.02775,0.0915317,0.273606
6.356,0.784409,-1.46164,0.37618,-0.785398,0.523599,-0.523599,1.00841,0.594258,0.65,0.760164,4,46,1.0275,0.0914218,0.273773
6.358,0.784415,-1.46211,0.376467,-0.785398,0.523599,-0.523599,1.00767,0.594404,0.65,0.759867,4,46,1.02726,0.0913115,0.273938
6.36,0.784421,-1.46258,0.376754,-0.785398,0.523599,-0.523599,1.00693,0.594548,0.65,0.759569,4,46,1.02701,0.0912008,0.274103
6.362,0.784427,-1.46305,0.377041,-0.785398,0.523599,-0.523599,1.00619,0.59469,0.65,0.759271,4,46,1.02675,0.0910897,0.274267
6.364,0.784433,-1.46352,0.377328,-0.785398,0.523599,-0.523599,1.00545,0.594831,0.65,0.758973,4,46,1.0265,0.0909783,0.274429
6.366,0.784439,-1.46399,0.377617,-0.785398,0.523599,-0.523599,1.00471,0.594969,0.65,0.758673,4,46,1.02625,0.0908664,0.274591
6.368,0.784445,-1.46446,0.377905,-0.785398,0.523599,-0.523599,1.00397,0.595106,0.65,0.758374,4,46,1.026,0.0907542,0.274751
6.37,0.784451,-1.46493,0.378194,-0.785398,0.523599,-0.523599,1.00323,0.59524,0.65,0.758074,4,46,1.02575,0.0906416,0.274911
6.372,0.784457,-1.4654,0.378484,-0.785398,0.523599,-0.523599,1.00248,0.595373,0.65,0.757773,4,46,1.02549,0.0905285,0.275069
6.374,0.784463,-1.46587,0.378774,-0.785398,0.523599,-0.523599,1.00174,0.595504,0.65,0.757471,4,46,1.02524,0.0904151,0.275227
6.376,0.784468,-1.46634,0.379064,-0.785398,0.523599,-0.523599,1.001,0.595633,0.65,0.75717,4,46,1.02498,0.0903013,0.275383
6.378,0.784474,-1.46681,0.379355,-0.785398,0.523599,-0.523599,1.00026,0.595761,0.65,0.756867,4,46,1.02473,0.0901868,0.275538
6.38,0.78448,-1.46728,0.379647,-0.785398,0.523599,-0.523599,0.999512,0.595886,0.65,0.756564,4,46,1.02447,0.0900717,0.275693
6.382,0.784485,-1.46775,0.379939,-0.785398,0.523599,-0.523599,0.998769,0.59601,0.65,0.756261,4,46,1.02422,0.0899562,0.275846
6.384,0.784491,-1.46822,0.380231,-0.785398,0.523599,-0.523599,0.998024,0.596131,0.65,0.755957,4,46,1.02396,0.0898403,0.275998
6.386,0.784496,-1.46869,0.380524,-0.785398,0.523599,-0.523599,0.99728,0.596251,0.65,0.755652,4,46,1.0237,0.089724,0.276149
6.388,0.784501,-1.46916,0.380817,-0.785398,0.523599,-0.523599,0.996535,0.596369,0.65,0.755347,4,46,1.02345,0.0896073,0.276299
6.39,0.784507,-1.46963,0.381111,-0.785398,0.523599,-0.523599,0.99579,0.596485,0.65,0.755041,4,46,1.02319,0.0894902,0.276448
6.392,0.784512,-1.4701,0.381405,-0.785398,0.523599,-0.523599,0.995045,0.596599,0.65,0.754735,4,46,1.02293,0.0893727,0.276596
6.394,0.784517,-1.47057,0.381699,-0.785398,0.523599,-0.523599,0.994299,0.596711,0.65,0.754429,4,46,1.02267,0.0892548,0.276743
6.396,0.784523,-1.47104,0.381994,-0.785398,0.523599,-0.523599,0.993554,0.596822,0.65,0.754122,4,46,1.02241,0.0891365,0.276889
6.398,0.784528,-1.47151,0.38229,-0.785398,0.523599,-0.523599,0.992807,0.59693,0.65,0.753814,4,46,1.02215,0.0890178,0.277034
6.4,0.784533,-1.47198,0.382586,-0.785398,0.523599,-0.523599,0.992061,0.597037,0.65,0.753506,4,46,1.02189,0.0888987,0.277177
6.402,0.784538,-1.47245,0.382882,-0.785398,0.523599,-0.523599,0.991314,0.597142,0.65,0.753197,4,46,1.02163,0.0887791,0.27732
6.404,0.784543,-1.47292,0.383179,-0.785398,0.523599,-0.523599,0.990567,0.597244,0.65,0.752888,4,46,1.02137,0.0886592,0.277461
6.406,0.784548,-1.47339,0.383476,-0.785398,0.523599,-0.523599,0.98982,0.597345,0.65,0.752579,4,46,1.02111,0.0885389,0.277602
6.408,0.784553,-1.47386,0.383774,-0.785398,0.523599,-0.523599,0.989073,0.597445,0.65,0.752269,4,46,1.02084,0.0884182,0.277741
6.41,0.784558,-1.47433,0.384072,-0.785398,0.523599,-0.523599,0.988325,0.597542,0.65,0.751958,4,46,1.02058,0.0882971,0.277879
6.412,0.784563,-1.4748,0.384371,-0.785398,0.523599,-0.523599,0.987577,0.597637,0.65,0.751647,4,46,1.02032,0.0881755,0.278016
6.414,0.784568,-1.47527,0.38467,-0.785398,0.523599,-0.523599,0.986829,0.597731,0.65,0.751335,4,46,1.02005,0.0880536,0.278152
6.416,0.784572,-1.47574,0.384969,-0.785398,0.523599,-0.523599,0.986081,0.597822,0.65,0.751023,4,46,1.01979,0.0879313,0.278287
6.418,0.784577,-1.47621,0.385269,-0.785398,0.523599,-0.523599,0.985332,0.597912,0.65,0.750711,4,46,1.01952,0.0878085,0.278421
6.42,0.784582,-1.47668,0.385569,-0.785398,0.523599,-0.523599,0.984583,0.598,0.65,0.750398,4,46,1.01926,0.0876853,0.278554
6.422,0.784587,-1.47715,0.38587,-0.785398,0.523599,-0.523599,0.983834,0.598086,0.65,0.750084,4,46,1.01899,0.0875618,0.278685
6.424,0.784591,-1.47762,0.386171,-0.785398,0.523599,-0.523599,0.983085,0.59817,0.65,0.749771,4,46,1.01873,0.0874378,0.278816
6.426,0.784596,-1.47809,0.386473,-0.785398,0.523599,-0.523599,0.982335,0.598252,0.65,0.749456,4,46,1.01846,0.0873134,0.278945
6.428,0.784601,-1.47856,0.386775,-0.785398,0.523599,-0.523599,0.981586,0.598333,0.65,0.749141,4,46,1.01819,0.0871886,0.279073
6.43,0.784605,-1.47903,0.387078,-0.785398,0.523599,-0.523599,0.980836,0.598411,0.65,0.748826,4,46,1.01792,0.0870634,0.2792
6.432,0.78461,-1.4795,0.387381,-0.785398,0.523599,-0.523599,0.980086,0.598488,0.65,0.74851,4,46,1.01765,0.0869378,0.279326
6.434,0.784614,-1.47997,0.387684,-0.785398,0.523599,-0.523599,0.979335,0.598562,0.65,0.748194,4,46,1.01739,0.0868117,0.279451
6.436,0.784619,-1.48044,0.387988,-0.785398,0.523599,-0.523599,0.978585,0.598635,0.65,0.747877,4,46,1.01712,0.0866853,0.279575
6.438,0.784623,-1.48091,0.388293,-0.785398,0.523599,-0.523599,0.977834,0.598706,0.65,0.74756,4,46,1.01685,0.0865584,0.279697
6.44,0.784628,-1.48138,0.388597,-0.785398,0.523599,-0.523599,0.977084,0.598775,0.65,0.747243,4,46,1.01658,0.0864312,0.279819
6.442,0.784632,-1.48186,0.388903,-0.785398,0.523599,-0.523599,0.976333,0.598842,0.65,0.746925,4,46,1.01631,0.0863035,0.279939
6.444,0.784636,-1.48233,0.389208,-0.785398,0.523599,-0.523599,0.975581,0.598907,0.65,0.746606,4,46,1.01603,0.0861754,0.280058
6.446,0.784641,-1.4828,0.389514,-0.785398,0.523599,-0.523599,0.97483,0.598971,0.65,0.746287,4,46,1.01576,0.0860468,0.280176
6.448,0.784645,-1.48327,0.389821,-0.785398,0.523599,-0.523599,0.974079,0.599032,0.65,0.745968,4,46,1.01549,0.0859179,0.280293
6.45,0.784649,-1.48374,0.390128,-0.785398,0.523599,-0.523599,0.973327,0.599092,0.65,0.745648,4,46,1.01522,0.0857886,0.280409
6.452,0.784654,-1.48421,0.390435,-0.785398,0.523599,-0.523599,0.972575,0.599149,0.65,0.745328,4,46,1.01495,0.0856588,0.280523
6.454,0.784658,-1.48468,0.390743,-0.785398,0.523599,-0.523599,0.971823,0.599205,0.65,0.745007,4,46,1.01467,0.0855286,0.280637
6.456,0.784662,-1.48515,0.391051,-0.785398,0.523599,-0.523599,0.971071,0.599259,0.65,0.744686,4,46,1.0144,0.085398,0.280749
6.458,0.784666,-1.48562,0.39136,-0.785398,0.523599,-0.523599,0.970319,0.599311,0.65,0.744365,4,46,1.01412,0.085267,0.28086
6.46,0.78467,-1.48609,0.391669,-0.785398,0.523599,-0.523599,0.969567,0.599361,0.65,0.744043,4,46,1.01385,0.0851355,0.28097
6.462,0.784675,-1.48656,0.391978,-0.785398,0.523599,-0.523599,0.968814,0.599409,0.65,0.74372,4,46,1.01357,0.0850037,0.281079
6.464,0.784679,-1.48704,0.392288,-0.785398,0.523599,-0.523599,0.968062,0.599456,0.65,0.743397,4,46,1.0133,0.0848714,0.281186
6.466,0.784683,-1.48751,0.392598,-0.785398,0.523599,-0.523599,0.967309,0.5995,0.65,0.743074,4,46,1.01302,0.0847387,0.281293
6.468,0.784687,-1.48798,0.392909,-0.785398,0.523599,-0.523599,0.966556,0.599543,0.65,0.742751,4,46,1.01275,0.0846055,0.281398
6.47,0.784691,-1.48845,0.39322,-0.785398,0.523599,-0.523599,0.965803,0.599583,0.65,0.742427,4,46,1.01247,0.084472,0.281502
6.472,0.784695,-1.48892,0.393532,-0.785398,0.523599,-0.523599,0.96505,0.599622,0.65,0.742102,4,46,1.01219,0.084338,0.281605
6.474,0.784699,-1.48939,0.393844,-0.785398,0.523599,-0.523599,0.964297,0.599659,0.65,0.741777,4,46,1.01191,0.0842036,0.281706
6.476,0.784703,-1.48986,0.394156,-0.785398,0.523599,-0.523599,0.963544,0.599694,0.65,0.741452,4,46,1.01164,0.0840688,0.281807
6.478,0.784707,-1.49033,0.394469,-0.785398,0.523599,-0.523599,0.962791,0.599727,0.65,0.741126,4,46,1.01136,0.0839335,0.281906
6.48,0.784711,-1.49081,0.394783,-0.785398,0.523599,-0.523599,0.962038,0.599758,0.65,0.7408,4,46,1.01108,0.0837979,0.282004
6.482,0.784715,-1.49128,0.395096,-0.785398,0.523599,-0.523599,0.961284,0.599788,0.65,0.740474,4,46,1.0108,0.0836618,0.282101
6.484,0.784719,-1.49175,0.39541,-0.785398,0.523599,-0.523599,0.960531,0.599815,0.65,0.740147,4,46,1.01052,0.0835252,0.282196
6.486,0.784723,-1.49222,0.395725,-0.785398,0.523599,-0.523599,0.959777,0.599841,0.65,0.73982,4,46,1.01024,0.0833883,0.282291
6.488,0.784727,-1.49269,0.39604,-0.785398,0.523599,-0.523599,0.959024,0.599864,0.65,0.739492,4,46,1.00996,0.0832509,0.282384
6.49,0.78473,-1.49316,0.396355,-0.785398,0.523599,-0.523599,0.95827,0.599886,0.65,0.739164,4,46,1.00968,0.0831131,0.282476
6.492,0.784734,-1.49363,0.396671,-0.785398,0.523599,-0.523599,0.957516,0.599906,0.65,0.738836,4,46,1.0094,0.0829749,0.282567
6.494,0.784738,-1.49411,0.396987,-0.785398,0.523599,-0.523599,0.956762,0.599924,0.65,0.738507,4,46,1.00911,0.0828362,0.282656
6.496,0.784742,-1.49458,0.397304,-0.785398,0.523599,-0.523599,0.956009,0.59994,0.65,0.738178,4,46,1.00883,0.0826971,0.282744
6.498,0.784746,-1.49505,0.397621,-0.785398,0.523599,-0.523599,0.955255,0.599954,0.65,0.737848,4,46,1.00855,0.0825576,0.282832
6.5,0.78475,-1.49552,0.397939,-0.785398,0.523599,-0.523599,0.954501,0.599966,0.65,0.737519,4,46,1.00827,0.0824177,0.282917
6.502,0.784753,-1.49599,0.398256,-0.785398,0.523599,-0.523599,0.953747,0.599977,0.65,0.737188,4,46,1.00798,0.0822773,0.283002
6.504,0.784757,-1.49646,0.398575,-0.785398,0.523599,-0.523599,0.952993,0.599985,0.65,0.736859,4,46,1.0077,0.0821365,0.283086
6.506,0.784761,-1.49694,0.398893,-0.785398,0.523599,-0.523599,0.952239,0.599992,0.65,0.736529,4,46,1.00742,0.0819953,0.283168
6.508,0.784764,-1.49741,0.399213,-0.785398,0.523599,-0.523599,0.951485,0.599996,0.65,0.736199,4,46,1.00713,0.0818536,0.283249
6.51,0.784768,-1.49788,0.399532,-0.785398,0.523599,-0.523599,0.950731,0.599999,0.65,0.735869,4,46,1.00685,0.0817115,0.283329
6.512,0.784772,-1.49835,0.399852,-0.785398,0.523599,-0.523599,0.949977,0.6,0.65,0.735538,4,46,1.00657,0.0815689,0.283407
6.514,0.784775,-1.49882,0.400172,-0.785398,0.523599,-0.523599,0.949223,0.599999,0.65,0.735207,4,46,1.00628,0.0814259,0.283485
6.516,0.784779,-1.49929,0.400493,-0.785398,0.523599,-0.523599,0.948469,0.599996,0.65,0.734875,4,46,1.006,0.0812825,0.283561
6.518,0.784782,-1.49977,0.400814,-0.785398,0.523599,-0.523599,0.947715,0.599991,0.65,0.734543,4,46,1.00571,0.0811386,0.283636
6.52,0.784786,-1.50024,0.401136,-0.785398,0.523599,-0.523599,0.946961,0.599985,0.65,0.734211,4,46,1.00543,0.0809942,0.283709
6.522,0.784789,-1.50071,0.401458,-0.785398,0.523599,-0.523599,0.946207,0.599976,0.65,0.733879,4,46,1.00514,0.0808494,0.283781
6.524,0.784792,-1.50118,0.40178,-0.785398,0.523599,-0.523599,0.945453,0.599966,0.65,0.733546,4,46,1.00485,0.0807042,0.283852
6.526,0.784796,-1.50165,0.402103,-0.785398,0.523599,-0.523599,0.9447,0.599953,0.65,0.733212,4,46,1.00457,0.0805585,0.283922
6.528,0.784799,-1.50213,0.402426,-0.785398,0.523599,-0.523599,0.943946,0.599939,0.65,0.732879,4,46,1.00428,0.0804124,0.283991
6.53,0.784802,-1.5026,0.40275,-0.785398,0.523599,-0.523599,0.943192,0.599923,0.65,0.732545,4,46,1.00399,0.0802658,0.284058
6.532,0.784806,-1.50307,0.403074,-0.785398,0.523599,-0.523599,0.942438,0.599905,0.65,0.73221,4,46,1.00371,0.0801187,0.284124
6.534,0.784809,-1.50354,0.403398,-0.785398,0.523599,-0.523599,0.941684,0.599885,0.65,0.731876,4,46,1.00342,0.0799712,0.284188
6.536,0.784812,-1.50401,0.403723,-0.785398,0.523599,-0.523599,0.940931,0.599863,0.65,0.731541,4,46,1.00313,0.0798233,0.284252
6.538,0.784816,-1.50449,0.404048,-0.785398,0.523599,-0.523599,0.940177,0.599839,0.65,0.731205,4,46,1.00284,0.0796749,0.284314
6.54,0.784819,-1.50496,0.404373,-0.785398,0.523599,-0.523599,0.939424,0.599814,0.65,0.73087,4,46,1.00255,0.079526,0.284374
6.542,0.784822,-1.50543,0.404699,-0.785398,0.523599,-0.523599,0.93867,0.599786,0.65,0.730534,4,46,1.00226,0.0793767,0.284434
6.544,0.784825,-1.5059,0.405026,-0.785398,0.523599,-0.523599,0.937917,0.599757,0.65,0.730197,4,46,1.00197,0.079227,0.284492
6.546,0.784828,-1.50638,0.405353,-0.785398,0.523599,-0.523599,0.937163,0.599725,0.65,0.729861,4,46,1.00168,0.0790768,0.284549
6.548,0.784831,-1.50685,0.40568,-0.785398,0.523599,-0.523599,0.93641,0.599692,0.65,0.729524,4,46,1.00139,0.0789261,0.284605
6.55,0.784834,-1.50732,0.406007,-0.785398,0.523599,-0.523599,0.935657,0.599657,0.65,0.729186,4,46,1.0011,0.078775,0.284659
6.552,0.784838,-1.50779,0.406335,-0.785398,0.523599,-0.523599,0.934904,0.59962,0.65,0.728849,4,46,1.00081,0.0786234,0.284712
6.554,0.784841,-1.50827,0.406664,-0.785398,0.523599,-0.523599,0.934151,0.599581,0.65,0.728511,4,46,1.00052,0.0784714,0.284763
6.556,0.784844,-1.50874,0.406992,-0.785398,0.523599,-0.523599,0.933398,0.59954,0.65,0.728173,4,46,1.00022,0.0783189,0.284814
6.558,0.784847,-1.50921,0.407322,-0.785398,0.523599,-0.523599,0.932645,0.599498,0.65,0.727834,4,46,0.999932,0.078166,0.284863
6.56,0.78485,-1.50968,0.407651,-0.785398,0.523599,-0.523599,0.931893,0.599453,0.65,0.727496,4,46,0.99964,0.0780126,0.28491
6.562,0.784853,-1.51016,0.407981,-0.785398,0.523599,-0.523599,0.93114,0.599407,0.65,0.727157,4,46,0.999347,0.0778588,0.284957
6.564,0.784856,-1.51063,0.408311,-0.785398,0.523599,-0.523599,0.930388,0.599358,0.65,0.726817,4,46,0.999053,0.0777045,0.285002
6.566,0.784859,-1.5111,0.408642,-0.785398,0.523599,-0.523599,0.929635,0.599308,0.65,0.726478,4,46,0.99876,0.0775497,0.285045
6.568,0.784862,-1.51157,0.408973,-0.785398,0.523599,-0.523599,0.928883,0.599256,0.65,0.726138,4,46,0.998466,0.0773945,0.285088
6.57,0.784865,-1.51205,0.409305,-0.785398,0.523599,-0.523599,0.928131,0.599202,0.65,0.725798,4,46,0.998172,0.0772388,0.285129
6.572,0.784868,-1.51252,0.409637,-0.785398,0.523599,-0.523599,0.927379,0.599146,0.65,0.725457,4,46,0.997877,0.0770827,0.285168
6.574,0.784871,-1.51299,0.409969,-0.785398,0.523599,-0.523599,0.926627,0.599088,0.65,0.725116,4,46,0.997582,0.0769261,0.285207
6.576,0.784874,-1.51346,0.410301,-0.785398,0.523599,-0.523599,0.925876,0.599028,0.65,0.724775,4,46,0.997287,0.076769,0.285244
6.578,0.784877,-1.51394,0.410635,-0.785398,0.523599,-0.523599,0.925124,0.598967,0.65,0.724434,4,46,0.996992,0.0766115,0.285279
6.58,0.784879,-1.51441,0.410968,-0.785398,0.523599,-0.523599,0.924373,0.598903,0.65,0.724092,4,46,0.996696,0.0764536,0.285314
6.582,0.784882,-1.51488,0.411302,-0.785398,0.523599,-0.523599,0.923622,0.598838,0.65,0.723751,4,46,0.9964,0.0762951,0.285346
6.584,0.784885,-1.51535,0.411636,-0.785398,0.523599,-0.523599,0.922871,0.598771,0.65,0.723409,4,46,0.996104,0.0761362,0.285378
6.586,0.784888,-1.51583,0.411971,-0.785398,0.523599,-0.523599,0.92212,0.598702,0.65,0.723066,4,46,0.995807,0.0759769,0.285408
6.588,0.784891,-1.5163,0.412306,-0.785398,0.523599,-0.523599,0.921369,0.598631,0.65,0.722724,4,46,0.99551,0.0758171,0.285437
6.59,0.784894,-1.51677,0.412641,-0.785398,0.523599,-0.523599,0.920619,0.598558,0.65,0.722381,4,46,0.995213,0.0756568,0.285464
6.592,0.784897,-1.51725,0.412977,-0.785398,0.523599,-0.523599,0.919869,0.598483,0.65,0.722038,4,46,0.994916,0.0754961,0.28549
6.594,0.7849,-1.51772,0.413313,-0.785398,0.523599,-0.523599,0.919119,0.598406,0.65,0.721695,4,46,0.994618,0.0753348,0.285515
6.596,0.784903,-1.51819,0.413649,-0.785398,0.523599,-0.523599,0.918369,0.598328,0.65,0.721351,4,46,0.99432,0.0751732,0.285538
6.598,0.784905,-1.51866,0.413986,-0.785398,0.523599,-0.523599,0.917619,0.598247,0.65,0.721007,4,46,0.994022,0.0750111,0.28556
6.6,0.784908,-1.51914,0.414323,-0.785398,0.523599,-0.523599,0.91687,0.598165,0.65,0.720663,4,46,0.993723,0.0748485,0.285581
6.602,0.784911,-1.51961,0.414661,-0.785398,0.523599,-0.523599,0.91612,0.598081,0.65,0.720319,4,46,0.993424,0.0746854,0.2856
6.604,0.784914,-1.52008,0.414999,-0.785398,0.523599,-0.523599,0.915371,0.597995,0.65,0.719975,4,46,0.993125,0.0745219,0.285618
6.606,0.784917,-1.52056,0.415337,-0.785398,0.523599,-0.523599,0.914622,0.597907,0.65,0.71963,4,46,0.992826,0.0743579,0.285634
6.608,0.78492,-1.52103,0.415676,-0.785398,0.523599,-0.523599,0.913874,0.597817,0.65,0.719285,4,46,0.992526,0.0741935,0.285649
6.61,0.784922,-1.5215,0.416015,-0.785398,0.523599,-0.523599,0.913125,0.597725,0.65,0.71894,4,46,0.992226,0.0740286,0.285663
6.612,0.784925,-1.52198,0.416355,-0.785398,0.523599,-0.523599,0.912377,0.597632,0.65,0.718594,4,46,0.991926,0.0738632,0.285675
6.614,0.784928,-1.52245,0.416695,-0.785398,0.523599,-0.523599,0.911629,0.597536,0.65,0.718249,4,46,0.991625,0.0736973,0.285686
6.616,0.784931,-1.52292,0.417035,-0.785398,0.523599,-0.523599,0.910882,0.597439,0.65,0.717903,4,46,0.991325,0.073531,0.285695
6.618,0.784934,-1.5234,0.417376,-0.785398,0.523599,-0.523599,0.910134,0.597339,0.65,0.717557,4,46,0.991024,0.0733643,0.285703
6.62,0.784937,-1.52387,0.417717,-0.785398,0.523599,-0.523599,0.909387,0.597238,0.65,0.717211,4,46,0.990723,0.073197,0.285709
6.622,0.784939,-1.52434,0.418058,-0.785398,0.523599,-0.523599,0.90864,0.597135,0.65,0.716865,4,46,0.990421,0.0730293,0.285714
6.624,0.784942,-1.52482,0.4184,-0.785398,0.523599,-0.523599,0.907894,0.59703,0.65,0.716518,4,46,0.99012,0.0728611,0.285718
6.626,0.784945,-1.52529,0.418742,-0.785398,0.523599,-0.523599,0.907147,0.596924,0.65,0.716171,4,46,0.989818,0.0726925,0.28572
6.628,0.784948,-1.52576,0.419085,-0.785398,0.523599,-0.523599,0.906401,0.596815,0.65,0.715825,4,46,0.989516,0.0725234,0.285721
6.63,0.784951,-1.52624,0.419427,-0.785398,0.523599,-0.523599,0.905655,0.596704,0.65,0.715533,4,46,0.989221,0.0725354,0.285721
6.632,0.784953,-1.52671,0.419771,-0.785398,0.523599,-0.523599,0.90491,0.596592,0.65,0.715194,4,35,1.00135,0.0499408,0.33566
6.634,0.784956,-1.52718,0.420114,-0.785398,0.523599,-0.523599,0.904164,0.596478,0.65,0.714792,4,35,1.00096,0.0499815,0.335885
6.636,0.784959,-1.52766,0.420458,-0.785398,0.523599,-0.523599,0.903419,0.596362,0.65,0.714389,4,35,1.00058,0.0500218,0.336108
6.638,0.784962,-1.52813,0.420803,-0.785398,0.523599,-0.523599,0.902675,0.596244,0.65,0.713987,4,35,1.00019,0.0500617,0.33633
6.64,0.784965,-1.5286,0.421147,-0.785398,0.523599,-0.523599,0.90193,0.596124,0.65,0.713584,4,35,0.999806,0.0501012,0.33655
6.642,0.784968,-1.52908,0.421492,-0.785398,0.523599,-0.523599,0.901186,0.596002,0.65,0.71318,4,35,0.99942,0.0501404,0.336769
6.644,0.784971,-1.52955,0.421838,-0.785398,0.523599,-0.523599,0.900442,0.595878,0.65,0.712777,4,35,0.999034,0.0501791,0.336986
6.646,0.784974,-1.53002,0.422184,-0.785398,0.523599,-0.523599,0.899699,0.595753,0.65,0.712372,4,35,0.998647,0.0502175,0.337202
6.648,0.784976,-1.5305,0.42253,-0.785398,0.523599,-0.523599,0.898956,0.595626,0.65,0.711968,4,35,0.998259,0.0502554,0.337416
6.65,0.784979,-1.53097,0.422876,-0.785398,0.523599,-0.523599,0.898213,0.595496,0.65,0.711563,4,35,0.997871,0.050293,0.337629
6.652,0.784982,-1.53144,0.423223,-0.785398,0.523599,-0.523599,0.897471,0.595365,0.65,0.711158,4,35,0.997483,0.0503301,0.33784
6.654,0.784985,-1.53192,0.423571,-0.785398,0.523599,-0.523599,0.896728,0.595232,0.65,0.710752,4,35,0.997094,0.0503669,0.33805
6.656,0.784988,-1.53239,0.423918,-0.785398,0.523599,-0.523599,0.895987,0.595098,0.65,0.710346,4,35,0.996705,0.0504032,0.338258
6.658,0.784991,-1.53286,0.424266,-0.785398,0.523599,-0.523599,0.895245,0.594961,0.65,0.70994,4,35,0.996315,0.0504392,0.338464
6.66,0.784994,-1.53334,0.424615,-0.785398,0.523599,-0.523599,0.894504,0.594822,0.65,0.709533,4,35,0.995925,0.0504748,0.338669
6.662,0.784997,-1.53381,0.424963,-0.785398,0.523599,-0.523599,0.893763,0.594682,0.65,0.709126,4,35,0.995534,0.0505099,0.338873
6.664,0.785,-1.53429,0.425312,-0.785398,0.523599,-0.523599,0.893023,0.59454,0.65,0.708719,4,35,0.995143,0.0505447,0.339075
6.666,0.785003,-1.53476,0.425662,-0.785398,0.523599,-0.523599,0.892283,0.594395,0.65,0.708311,4,35,0.994751,0.0505794,0.339275
6.668,0.785006,-1.53523,0.426012,-0.785398,0.523599,-0.523599,0.891543,0.594249,0.65,0.707903,4,35,0.994359,0.0506138,0.339474
6.67,0.785009,-1.53571,0.426362,-0.785398,0.523599,-0.523599,0.890804,0.594102,0.65,0.707494,4,35,0.993967,0.0506455,0.339671
6.672,0.785012,-1.53618,0.426712,-0.785398,0.523599,-0.523599,0.890065,0.593952,0.65,0.707086,4,35,0.993574,0.0506798,0.339867
6.674,0.785015,-1.53665,0.427063,-0.785398,0.523599,-0.523599,0.889326,0.5938,0.65,0.706677,4,35,0.993181,0.0507134,0.340061
6.676,0.785018,-1.53713,0.427415,-0.785398,0.523599,-0.523599,0.888588,0.593647,0.65,0.706268,4,35,0.992787,0.0507452,0.340253
6.678,0.785021,-1.5376,0.427766,-0.785398,0.523599,-0.523599,0.88785,0.593492,0.65,0.705858,4,35,0.992393,0.050777,0.340444
6.68,0.785024,-1.53808,0.428118,-0.785398,0.523599,-0.523599,0.887113,0.593335,0.65,0.705448,4,35,0.991999,0.0508085,0.340634
6.682,0.785027,-1.53855,0.42847,-0.785398,0.523599,-0.523599,0.886376,0.593176,0.65,0.705038,4,35,0.991604,0.0508396,0.340821
6.684,0.78503,-1.53902,0.428823,-0.785398,0.523599,-0.523599,0.885639,0.593015,0.65,0.704627,4,35,0.991209,0.0508705,0.341007
6.686,0.785033,-1.5395,0.429176,-0.785398,0.523599,-0.523599,0.884903,0.592852,0.65,0.704216,4,35,0.990813,0.0509009,0.341192
6.688,0.785036,-1.53997,0.429529,-0.785398,0.523599,-0.523599,0.884167,0.592688,0.65,0.703805,4,35,0.990417,0.0509306,0.341375
6.69,0.785039,-1.54045,0.429883,-0.785398,0.523599,-0.523599,0.883431,0.592521,0.65,0.703393,4,35,0.99002,0.0509603,0.341556
6.692,0.785042,-1.54092,0.430237,-0.785398,0.523599,-0.523599,0.882696,0.592353,0.65,0.702982,4,35,0.989624,0.0509901,0.341736
6.694,0.785045,-1.54139,0.430592,-0.785398,0.523599,-0.523599,0.881962,0.592183,0.65,0.70257,4,35,0.989226,0.0510189,0.341914
6.696,0.785048,-1.54187,0.430946,-0.785398,0.523599,-0.523599,0.881228,0.592011,0.65,0.702157,4,35,0.988829,0.0510468,0.34209
6.698,0.785051,-1.54234,0.431302,-0.785398,0.523599,-0.523599,0.880494,0.591837,0.65,0.701745,4,35,0.988431,0.0510751,0.342265
6.7,0.785054,-1.54282,0.431657,-0.785398,0.523599,-0.523599,0.879761,0.591662,0.65,0.701331,4,35,0.988032,0.0511012,0.342438
6.702,0.785058,-1.54329,0.432013,-0.785398,0.523599,-0.523599,0.879028,0.591484,0.65,0.700918,4,35,0.987633,0.0511294,0.34261
6.704,0.785061,-1.54377,0.432369,-0.785398,0.523599,-0.523599,0.878296,0.591305,0.65,0.700505,4,35,0.987234,0.0511563,0.342779
6.706,0.785064,-1.54424,0.432726,-0.785398,0.523599,-0.523599,0.877564,0.591124,0.65,0.700091,4,35,0.986835,0.0511826,0.342948
6.708,0.785067,-1.54471,0.433082,-0.785398,0.523599,-0.523599,0.876832,0.590941,0.65,0.699677,4,35,0.986435,0.0512085,0.343114
6.71,0.78507,-1.54519,0.43344,-0.785398,0.523599,-0.523599,0.876101,0.590756,0.65,0.699263,4,35,0.986035,0.0512341,0.343279
6.712,0.785073,-1.54566,0.433797,-0.785398,0.523599,-0.523599,0.875371,0.590569,0.65,0.698848,4,35,0.985634,0.0512592,0.343442
6.714,0.785076,-1.54614,0.434155,-0.785398,0.523599,-0.523599,0.874641,0.590381,0.65,0.698433,4,35,0.985233,0.051284,0.343604
6.716,0.785079,-1.54661,0.434513,-0.785398,0.523599,-0.523599,0.873911,0.59019,0.65,0.698018,4,35,0.984832,0.0513083,0.343764
6.718,0.785082,-1.54709,0.434872,-0.785398,0.523599,-0.523599,0.873182,0.589998,0.65,0.697603,4,35,0.98443,0.0513323,0.343922
6.72,0.785085,-1.54756,0.435231,-0.785398,0.523599,-0.523599,0.872454,0.589804,0.65,0.697188,4,35,0.984028,0.0513558,0.344078
6.722,0.785088,-1.54803,0.43559,-0.785398,0.523599,-0.523599,0.871725,0.589609,0.65,0.696772,4,35,0.983625,0.051379,0.344233
6.724,0.785091,-1.54851,0.43595,-0.785398,0.523599,-0.523599,0.870998,0.589411,0.65,0.696356,4,35,0.983223,0.0514017,0.344386
6.726,0.785095,-1.54898,0.43631,-0.785398,0.523599,-0.523599,0.870271,0.589211,0.65,0.69594,4,35,0.98282,0.051424,0.344538
6.728,0.785098,-1.54946,0.43667,-0.785398,0.523599,-0.523599,0.869544,0.58901,0.65,0.695523,4,35,0.982416,0.051446,0.344687
6.73,0.785101,-1.54993,0.437031,-0.785398,0.523599,-0.523599,0.868818,0.588807,0.65,0.695106,4,35,0.982012,0.0514675,0.344835
6.732,0.785104,-1.55041,0.437392,-0.785398,0.523599,-0.523599,0.868092,0.588602,0.65,0.694689,4,35,0.981608,0.0514886,0.344982
6.734,0.785107,-1.55088,0.437753,-0.785398,0.523599,-0.523599,0.867367,0.588395,0.65,0.694272,4,35,0.981204,0.0515093,0.345126
6.736,0.78511,-1.55135,0.438115,-0.785398,0.523599,-0.523599,0.866643,0.588187,0.65,0.693846,4,35,0.980798,0.0515056,0.345269
6.738,0.785113,-1.55183,0.438476,-0.785398,0.523599,-0.523599,0.865919,0.587976,0.65,0.693421,4,35,0.980391,0.0515029,0.34541
6.74,0.785116,-1.5523,0.438838,-0.785398,0.523599,-0.523599,0.865195,0.587764,0.65,0.692995,4,35,0.979984,0.0514998,0.34555
6.742,0.785119,-1.55278,0.4392,-0.785398,0.523599,-0.523599,0.864472,0.58755,0.65,0.692569,4,35,0.979577,0.0514964,0.345687
6.744,0.785122,-1.55325,0.439563,-0.785398,0.523599,-0.523599,0.86375,0.587334,0.65,0.692142,4,35,0.979169,0.0514927,0.345823
6.746,0.785126,-1.55373,0.439926,-0.785398,0.523599,-0.523599,0.863028,0.587116,0.65,0.691716,4,35,0.978761,0.0514888,0.345957
6.748,0.785129,-1.5542,0.440288,-0.785398,0.523599,-0.523599,0.862307,0.586897,0.65,0.691289,4,35,0.978353,0.0514845,0.34609
6.75,0.785132,-1.55467,0.440652,-0.785398,0.523599,-0.523599,0.861586,0.586676,0.65,0.690862,4,35,0.977944,0.05148,0.34622
6.752,0.785135,-1.55515,0.441015,-0.785398,0.523599,-0.523599,0.860866,0.586453,0.65,0.690435,4,35,0.977535,0.0514751,0.346349
6.754,0.785138,-1.55562,0.441378,-0.785398,0.523599,-0.523599,0.860146,0.586228,0.65,0.690007,4,35,0.977125,0.05147,0.346476
6.756,0.785141,-1.55609,0.441742,-0.785398,0.523599,-0.523599,0.859427,0.586001,0.65,0.68958,4,35,0.976715,0.0514646,0.346602
6.758,0.785144,-1.55657,0.442106,-0.785398,0.523599,-0.523599,0.858708,0.585772,0.65,0.689152,4,35,0.976305,0.0514589,0.346725
6.76,0.785147,-1.55704,0.44247,-0.785398,0.523599,-0.523599,0.85799,0.585542,0.65,0.688724,4,35,0.975895,0.0514529,0.346847
6.762,0.785151,-1.55751,0.442835,-0.785398,0.523599,-0.523599,0.857273,0.58531,0.65,0.688296,4,35,0.975484,0.0514466,0.346967
6.764,0.785154,-1.55799,0.4432,-0.785398,0.523599,-0.523599,0.856556,0.585076,0.65,0.687867,4,35,0.975073,0.05144,0.347086
6.766,0.785157,-1.55846,0.443565,-0.785398,0.523599,-0.523599,0.85584,0.58484,0.65,0.687439,4,35,0.974661,0.0514331,0.347202
6.768,0.78516,-1.55893,0.44393,-0.785398,0.523599,-0.523599,0.855125,0.584603,0.65,0.68701,4,35,0.974249,0.0514259,0.347317
6.77,0.785163,-1.5594,0.444295,-0.785398,0.523599,-0.523599,0.85441,0.584363,0.65,0.686581,4,35,0.973837,0.0514184,0.347429
6.772,0.785166,-1.55988,0.444661,-0.785398,0.523599,-0.523599,0.853695,0.584122,0.65,0.686152,4,35,0.973425,0.0514107,0.34754
6.774,0.785169,-1.56035,0.445026,-0.785398,0.523599,-0.523599,0.852981,0.583879,0.65,0.685723,4,35,0.973012,0.0514026,0.34765
6.776,0.785172,-1.56082,0.445392,-0.785398,0.523599,-0.523599,0.852268,0.583634,0.65,0.685293,4,35,0.972599,0.0513942,0.347757
6.778,0.785175,-1.56129,0.445759,-0.785398,0.523599,-0.523599,0.851556,0.583388,0.65,0.684864,4,35,0.972185,0.0513856,0.347863
6.78,0.785179,-1.56177,0.446125,-0.785398,0.523599,-0.523599,0.850844,0.58314,0.65,0.684434,4,35,0.971772,0.0513767,0.347966
6.782,0.785182,-1.56224,0.446492,-0.785398,0.523599,-0.523599,0.850133,0.58289,0.65,0.684004,4,35,0.971358,0.0513674,0.348068
6.784,0.785185,-1.56271,0.446859,-0.785398,0.523599,-0.523599,0.849422,0.582638,0.65,0.683574,4,35,0.970943,0.0513579,0.348168
6.786,0.785188,-1.56318,0.447226,-0.785398,0.523599,-0.523599,0.848712,0.582384,0.65,0.683144,4,35,0.970529,0.051348,0.348267
6.788,0.785191,-1.56365,0.447594,-0.785398,0.523599,-0.523599,0.848002,0.582129,0.65,0.682714,4,35,0.970114,0.0513379,0.348363
6.79,0.785194,-1.56413,0.447961,-0.785398,0.523599,-0.523599,0.847294,0.581871,0.65,0.682283,4,35,0.969699,0.0513275,0.348458
6.792,0.785197,-1.5646,0.448329,-0.785398,0.523599,-0.523599,0.846586,0.581612,0.65,0.681852,4,35,0.969283,0.0513141,0.34855
6.794,0.7852,-1.56507,0.448697,-0.785398,0.523599,-0.523599,0.845878,0.581351,0.65,0.68142,4,35,0.968867,0.0513005,0.348641
6.796,0.785203,-1.56554,0.449065,-0.785398,0.523599,-0.523599,0.845171,0.581089,0.65,0.680989,4,35,0.968451,0.0512866,0.34873
6.798,0.785206,-1.56601,0.449434,-0.785398,0.523599,-0.523599,0.844465,0.580825,0.65,0.680557,4,35,0.968035,0.0512725,0.348817
6.8,0.78521,-1.56648,0.449802,-0.785398,0.523599,-0.523599,0.84376,0.580558,0.65,0.680125,4,35,0.967618,0.051258,0.348902
6.802,0.785213,-1.56695,0.450171,-0.785398,0.523599,-0.523599,0.843055,0.580291,0.65,0.679693,4,35,0.967201,0.0512433,0.348986
6.804,0.785216,-1.56743,0.45054,-0.785398,0.523599,-0.523599,0.842351,0.580021,0.65,0.679261,4,35,0.966784,0.0512282,0.349067
6.806,0.785219,-1.5679,0.45091,-0.785398,0.523599,-0.523599,0.841648,0.579749,0.65,0.678828,4,35,0.966366,0.0512129,0.349147
6.808,0.785222,-1.56837,0.451279,-0.785398,0.523599,-0.523599,0.840945,0.579476,0.65,0.678396,4,35,0.965948,0.0511972,0.349224
6.81,0.785225,-1.56884,0.451649,-0.785398,0.523599,-0.523599,0.840243,0.579201,0.65,0.677964,4,35,0.96553,0.0511813,0.3493
6.812,0.785228,-1.56931,0.452019,-0.785398,0.523599,-0.523599,0.839541,0.578925,0.65,0.677531,4,35,0.965112,0.0511651,0.349374
6.814,0.785231,-1.56978,0.452389,-0.785398,0.523599,-0.523599,0.838841,0.578646,0.65,0.677098,4,35,0.964693,0.0511486,0.349446
6.816,0.785234,-1.57025,0.45276,-0.785398,0.523599,-0.523599,0.838141,0.578366,0.65,0.676666,4,35,0.964275,0.0511318,0.349516
6.818,0.785237,-1.57072,0.45313,-0.785398,0.523599,-0.523599,0.837441,0.578084,0.65,0.676233,4,35,0.963856,0.0511147,0.349584
6.82,0.78524,-1.57119,0.453501,-0.785398,0.523599,-0.523599,0.836743,0.5778,0.65,0.6758,4,35,0.963437,0.0510972,0.34965
6.822,0.785244,-1.57166,0.453872,-0.785398,0.523599,-0.523599,0.836045,0.577514,0.65,0.675367,4,35,0.963017,0.0510796,0.349714
6.824,0.785247,-1.57213,0.454243,-0.785398,0.523599,-0.523599,0.835348,0.577227,0.65,0.674934,4,35,0.962597,0.0510616,0.349776
6.826,0.78525,-1.5726,0.454615,-0.785398,0.523599,-0.523599,0.834652,0.576938,0.65,0.674501,4,35,0.962178,0.0510433,0.349837
6.828,0.785253,-1.57307,0.454986,-0.785398,0.523599,-0.523599,0.833956,0.576647,0.65,0.674068,4,35,0.961757,0.0510247,0.349895
6.83,0.785256,-1.57354,0.455358,-0.785398,0.523599,-0.523599,0.833261,0.576355,0.65,0.673635,4,35,0.961337,0.0510058,0.349952
6.832,0.785259,-1.57401,0.45573,-0.785398,0.523599,-0.523599,0.832567,0.576061,0.65,0.673202,4,35,0.960917,0.0509866,0.350006
6.834,0.785262,-1.57448,0.456102,-0.785398,0.523599,-0.523599,0.831873,0.575765,0.65,0.672769,4,35,0.960496,0.0509672,0.350059
6.836,0.785265,-1.57495,0.456475,-0.785398,0.523599,-0.523599,0.831181,0.575467,0.65,0.672336,4,35,0.960075,0.0509474,0.350109
6.838,0.785268,-1.57542,0.456848,-0.785398,0.523599,-0.523599,0.830489,0.575167,0.65,0.671902,4,35,0.959654,0.0509274,0.350158
6.84,0.785271,-1.57589,0.457221,-0.785398,0.523599,-0.523599,0.829798,0.574866,0.65,0.671469,4,35,0.959233,0.050907,0.350205
6.842,0.785274,-1.57636,0.457594,-0.785398,0.523599,-0.523599,0.829107,0.574563,0.65,0.671036,4,35,0.958811,0.0508864,0.350249
6.844,0.785277,-1.57683,0.457967,-0.785398,0.523599,-0.523599,0.828417,0.574258,0.65,0.670602,4,35,0.958389,0.0508654,0.350292
6.846,0.78528,-1.5773,0.458341,-0.785398,0.523599,-0.523599,0.827729,0.573952,0.65,0.670169,4,35,0.957967,0.0508442,0.350333
6.848,0.785283,-1.57777,0.458714,-0.785398,0.523599,-0.523599,0.82704,0.573644,0.65,0.669735,4,35,0.957545,0.0508201,0.350371
6.85,0.785286,-1.57824,0.459088,-0.785398,0.523599,-0.523599,0.826353,0.573334,0.65,0.669301,4,35,0.957123,0.0507959,0.350408
6.852,0.785289,-1.5787,0.459462,-0.785398,0.523599,-0.523599,0.825667,0.573022,0.65,0.668867,4,35,0.9567,0.0507714,0.350443
6.854,0.785292,-1.57917,0.459837,-0.785398,0.523599,-0.523599,0.824981,0.572709,0.65,0.668433,4,35,0.956278,0.0507466,0.350475
6.856,0.785295,-1.57964,0.460211,-0.785398,0.523599,-0.523599,0.824296,0.572394,0.65,0.667998,4,35,0.955855,0.0507215,0.350506
6.858,0.785298,-1.58011,0.460586,-0.785398,0.523599,-0.523599,0.823612,0.572077,0.65,0.667564,4,35,0.955432,0.0506962,0.350535
6.86,0.785301,-1.58058,0.460961,-0.785398,0.523599,-0.523599,0.822928,0.571759,0.65,0.66713,4,35,0.955009,0.0506705,0.350561
6.862,0.785304,-1.58105,0.461336,-0.785398,0.523599,-0.523599,0.822246,0.571438,0.65,0.666696,4,35,0.954585,0.0506445,0.350586
6.864,0.785307,-1.58151,0.461711,-0.785398,0.523599,-0.523599,0.821564,0.571116,0.65,0.666262,4,35,0.954162,0.0506182,0.350608
6.866,0.78531,-1.58198,0.462087,-0.785398,0.523599,-0.523599,0.820883,0.570793,0.65,0.665828,4,35,0.953738,0.0505917,0.350629
6.868,0.785313,-1.58245,0.462463,-0.785398,0.523599,-0.523599,0.820203,0.570467,0.65,0.665394,4,35,0.953314,0.0505648,0.350647
6.87,0.785316,-1.58292,0.462839,-0.785398,0.523599,-0.523599,0.819523,0.57014,0.65,0.66496,4,35,0.95289,0.0505377,0.350664
6.872,0.785319,-1.58339,0.463215,-0.785398,0.523599,-0.523599,0.818845,0.569812,0.65,0.664526,4,35,0.952466,0.0505102,0.350678
6.874,0.785322,-1.58385,0.463591,-0.785398,0.523599,-0.523599,0.818167,0.569481,0.65,0.664092,4,35,0.952042,0.0504825,0.35069
6.876,0.785325,-1.58432,0.463967,-0.785398,0.523599,-0.523599,0.81749,0.569149,0.65,0.663659,4,35,0.951618,0.0504545,0.350701
6.878,0.785328,-1.58479,0.464344,-0.785398,0.523599,-0.523599,0.816814,0.568815,0.65,0.663225,4,35,0.951193,0.0504261,0.350709
6.88,0.785331,-1.58526,0.464721,-0.785398,0.523599,-0.523599,0.816139,0.568479,0.65,0.662791,4,35,0.950769,0.0503975,0.350715
6.882,0.785334,-1.58572,0.465098,-0.785398,0.523599,-0.523599,0.815465,0.568142,0.65,0.662358,4,35,0.950344,0.0503686,0.350719
6.884,0.785337,-1.58619,0.465475,-0.785398,0.523599,-0.523599,0.814791,0.567803,0.65,0.661924,4,35,0.949919,0.0503394,0.350721
6.886,0.78534,-1.58666,0.465853,-0.785398,0.523599,-0.523599,0.814118,0.567463,0.65,0.661491,4,35,0.949494,0.0503099,0.350721
6.888,0.785343,-1.58713,0.466231,-0.785398,0.523599,-0.523599,0.813447,0.56712,0.65,0.661057,4,35,0.949069,0.0502801,0.350719
6.89,0.785346,-1.58759,0.466609,-0.785398,0.523599,-0.523599,0.812776,0.566776,0.65,0.660624,4,35,0.948644,0.05025,0.350714
6.892,0.785349,-1.58806,0.466987,-0.785398,0.523599,-0.523599,0.812106,0.56643,0.65,0.660191,4,35,0.948219,0.0502196,0.350708
6.894,0.785352,-1.58853,0.467365,-0.785398,0.523599,-0.523599,0.811437,0.566083,0.65,0.659758,4,35,0.947794,0.0501889,0.350699
6.896,0.785355,-1.58899,0.467743,-0.785398,0.523599,-0.523599,0.810768,0.565734,0.65,0.659325,4,35,0.947369,0.0501579,0.350689
6.898,0.785358,-1.58946,0.468122,-0.785398,0.523599,-0.523599,0.810101,0.565383,0.65,0.658892,4,35,0.946943,0.0501266,0.350676
6.9,0.78536,-1.58993,0.468501,-0.785398,0.523599,-0.523599,0.809434,0.565031,0.65,0.65846,4,35,0.946518,0.0500951,0.350661
6.902,0.785363,-1.59039,0.46888,-0.785398,0.523599,-0.523599,0.808769,0.564677,0.65,0.658027,4,35,0.946092,0.0500632,0.350644
6.904,0.785366,-1.59086,0.469258,-0.785398,0.523599,-0.523599,0.808104,0.564321,0.65,0.657595,4,35,0.945667,0.050031,0.350625
6.906,0.785369,-1.59132,0.469632,-0.785398,0.523599,-0.523599,0.80744,0.563963,0.65,0.657009,4,35,0.945213,0.0495695,0.350602
6.908,0.785372,-1.59177,0.470002,-0.785398,0.523599,-0.523599,0.806777,0.563604,0.65,0.656253,4,35,0.944726,0.0486296,0.350577
6.91,0.785375,-1.59223,0.470365,-0.785398,0.523599,-0.523599,0.806115,0.563243,0.65,0.655484,4,35,0.944235,0.0476601,0.350548
6.912,0.785378,-1.59267,0.470724,-0.785398,0.523599,-0.523599,0.805454,0.562881,0.65,0.654714,4,35,0.943741,0.0466936,0.350518
6.914,0.78538,-1.59311,0.471077,-0.785398,0.523599,-0.523599,0.804794,0.562517,0.65,0.653944,4,35,0.943244,0.0457347,0.350485
6.916,0.785383,-1.59355,0.471425,-0.785398,0.523599,-0.523599,0.804134,0.562151,0.65,0.653174,4,35,0.942746,0.0447837,0.35045
6.918,0.785385,-1.59398,0.471768,-0.785398,0.523599,-0.523599,0.803476,0.561784,0.65,0.652405,4,35,0.942245,0.0438408,0.350412
6.92,0.785388,-1.5944,0.472105,-0.785398,0.523599,-0.523599,0.802818,0.561415,0.65,0.651636,4,35,0.941743,0.0429059,0.350372
6.922,0.78539,-1.59482,0.472438,-0.785398,0.523599,-0.523599,0.802162,0.561044,0.65,0.650868,4,35,0.941238,0.0419787,0.350329
6.924,0.785393,-1.59524,0.472765,-0.785398,0.523599,-0.523599,0.801506,0.560671,0.65,0.6501,4,35,0.940731,0.0410594,0.350284
6.926,0.785395,-1.59565,0.473087,-0.785398,0.523599,-0.523599,0.800852,0.560297,0.65,0.649333,4,35,0.940222,0.0401479,0.350237
6.928,0.785397,-1.59605,0.473404,-0.785398,0.523599,-0.523599,0.800198,0.559922,0.65,0.648566,4,35,0.939711,0.039244,0.350187
6.93,0.7854,-1.59645,0.473717,-0.785398,0.523599,-0.523599,0.799545,0.559544,0.65,0.6478,4,35,0.939197,0.0383477,0.350135
6.932,0.785402,-1.59685,0.474024,-0.785398,0.523599,-0.523599,0.798893,0.559166,0.65,0.647034,4,35,0.938682,0.0374589,0.35008
6.934,0.785404,-1.59724,0.474326,-0.785398,0.523599,-0.523599,0.798242,0.558785,0.65,0.646269,4,35,0.938165,0.0365777,0.350023
6.936,0.785406,-1.59763,0.474624,-0.785398,0.523599,-0.523599,0.797592,0.558403,0.65,0.645505,4,35,0.937646,0.0357038,0.349964
6.938,0.785408,-1.59801,0.474917,-0.785398,0.523599,-0.523599,0.796944,0.558019,0.65,0.64474,4,35,0.937124,0.0348372,0.349902
6.94,0.78541,-1.59838,0.475205,-0.785398,0.523599,-0.523599,0.796296,0.557633,0.65,0.643977,4,35,0.936601,0.033978,0.349837
6.942,0.785412,-1.59875,0.475488,-0.785398,0.523599,-0.523599,0.795649,0.557246,0.65,0.643214,4,35,0.936076,0.0331259,0.34977
6.944,0.785413,-1.59912,0.475766,-0.785398,0.523599,-0.523599,0.795002,0.556857,0.65,0.642451,4,35,0.935549,0.032281,0.349701
6.946,0.785415,-1.59948,0.47604,-0.785398,0.523599,-0.523599,0.794357,0.556467,0.65,0.641689,4,35,0.93502,0.0314432,0.349629
6.948,0.785417,-1.59984,0.476309,-0.785398,0.523599,-0.523599,0.793713,0.556075,0.65,0.640928,4,35,0.934489,0.0306124,0.349555
6.95,0.785418,-1.60019,0.476574,-0.785398,0.523599,-0.523599,0.79307,0.555682,0.65,0.640167,4,35,0.933956,0.0297886,0.349478
6.952,0.78542,-1.60054,0.476834,-0.785398,0.523599,-0.523599,0.792428,0.555286,0.65,0.639406,4,35,0.933421,0.0289717,0.349399
6.954,0.785421,-1.60089,0.477089,-0.785398,0.523599,-0.523599,0.791787,0.554889,0.65,0.638647,4,35,0.932885,0.0281616,0.349317
6.956,0.785423,-1.60122,0.477341,-0.785398,0.523599,-0.523599,0.791147,0.554491,0.65,0.637887,4,35,0.932347,0.0273583,0.349232
6.958,0.785424,-1.60156,0.477587,-0.785398,0.523599,-0.523599,0.790508,0.554091,0.65,0.637219,4,35,0.931818,0.0268326,0.349146
6.96,0.785425,-1.60189,0.477829,-0.785398,0.523599,-0.523599,0.78987,0.553689,0.65,0.636684,4,35,0.931311,0.0266962,0.349058
6.962,0.785427,-1.60221,0.478066,-0.785398,0.523599,-0.523599,0.789233,0.553286,0.65,0.636148,4,35,0.930801,0.0265604,0.348967
6.964,0.785428,-1.60253,0.478298,-0.785398,0.523599,-0.523599,0.788597,0.552881,0.65,0.63561,4,35,0.930289,0.0264255,0.348874
6.966,0.785429,-1.60285,0.478525,-0.785398,0.523599,-0.523599,0.787962,0.552475,0.65,0.63507,4,35,0.929775,0.0262914,0.348778
6.968,0.78543,-1.60316,0.478747,-0.785398,0.523599,-0.523599,0.787327,0.552067,0.65,0.634529,4,35,0.929259,0.0261582,0.34868
6.97,0.785431,-1.60347,0.478964,-0.785398,0.523599,-0.523599,0.786694,0.551657,0.65,0.633986,4,35,0.92874,0.0260259,0.348579
6.972,0.785432,-1.60377,0.479177,-0.785398,0.523599,-0.523599,0.786063,0.551246,0.65,0.633441,4,35,0.928219,0.0258944,0.348475
6.974,0.785433,-1.60406,0.479385,-0.785398,0.523599,-0.523599,0.785432,0.550833,0.65,0.632895,4,35,0.927696,0.0257637,0.348369
6.976,0.785434,-1.60435,0.479588,-0.785398,0.523599,-0.523599,0.784802,0.550419,0.65,0.632348,4,35,0.927171,0.0256339,0.348261
6.978,0.785435,-1.60464,0.479786,-0.785398,0.523599,-0.523599,0.784173,0.550003,0.65,0.631799,4,35,0.926643,0.025505,0.348149
6.98,0.785436,-1.60492,0.47998,-0.785398,0.523599,-0.523599,0.783545,0.549585,0.65,0.631248,4,35,0.926114,0.0253769,0.348036
6.982,0.785436,-1.6052,0.48017,-0.785398,0.523599,-0.523599,0.782918,0.549166,0.65,0.630696,4,35,0.925582,0.0252497,0.347919
6.984,0.785437,-1.60547,0.480354,-0.785398,0.523599,-0.523599,0.782293,0.548745,0.65,0.630142,4,35,0.925048,0.0251233,0.3478
6.986,0.785438,-1.60574,0.480535,-0.785398,0.523599,-0.523599,0.781668,0.548323,0.65,0.629587,4,35,0.924513,0.0249978,0.347678
6.988,0.785438,-1.606,0.48071,-0.785398,0.523599,-0.523599,0.781044,0.547899,0.65,0.629031,4,35,0.923975,0.0248731,0.347554
6.99,0.785439,-1.60626,0.480882,-0.785398,0.523599,-0.523599,0.780422,0.547474,0.65,0.628473,4,35,0.923435,0.0247493,0.347427
6.992,0.785439,-1.60652,0.481049,-0.785398,0.523599,-0.523599,0.7798,0.547047,0.65,0.627914,4,35,0.922893,0.0246263,0.347297
6.994,0.78544,-1.60677,0.481211,-0.785398,0.523599,-0.523599,0.77918,0.546618,0.65,0.627353,4,35,0.922349,0.0245042,0.347165
6.996,0.78544,-1.60701,0.48137,-0.785398,0.523599,-0.523599,0.778561,0.546188,0.65,0.626791,4,35,0.921804,0.024383,0.34703
6.998,0.78544,-1.60725,0.481524,-0.785398,0.523599,-0.523599,0.777943,0.545757,0.65,0.626228,4,35,0.921256,0.0242626,0.346892
7,0.785441,-1.60749,0.481673,-0.785398,0.523599,-0.523599,0.777326,0.545323,0.65,0.625664,4,35,0.920706,0.024143,0.346752
7.002,0.785441,-1.60772,0.481819,-0.785398,0.523599,-0.523599,0.77671,0.544889,0.65,0.625098,4,35,0.920155,0.0240243,0.346609
7.004,0.785441,-1.60795,0.48196,-0.785398,0.523599,-0.523599,0.776095,0.544452,0.65,0.624531,4,35,0.919602,0.0239065,0.346463
7.006,0.785441,-1.60818,0.482098,-0.785398,0.523599,-0.523599,0.775481,0.544014,0.65,0.623963,4,35,0.919046,0.0237895,0.346315
7.008,0.785441,-1.6084,0.482231,-0.785398,0.523599,-0.523599,0.774868,0.543575,0.65,0.623394,4,35,0.918489,0.0236733,0.346164
7.01,0.785441,-1.60861,0.48236,-0.785398,0.523599,-0.523599,0.774256,0.543134,0.65,0.622823,4,35,0.917931,0.0235581,0.34601
7.012,0.785441,-1.60882,0.482485,-0.785398,0.523599,-0.523599,0.773646,0.542692,0.65,0.622252,4,35,0.91737,0.0234436,0.345854
7.014,0.785441,-1.60903,0.482606,-0.785398,0.523599,-0.523599,0.773037,0.542248,0.65,0.621679,4,35,0.916808,0.02333,0.345694
7.016,0.785441,-1.60923,0.482723,-0.785398,0.523599,-0.523599,0.772428,0.541802,0.65,0.621105,4,35,0.916244,0.0232173,0.345532
7.018,0.785441,-1.60943,0.482836,-0.785398,0.523599,-0.523599,0.771821,0.541355,0.65,0.62053,4,35,0.915678,0.0231054,0.345368
7.02,0.785441,-1.60963,0.482946,-0.785398,0.523599,-0.523599,0.771215,0.540907,0.65,0.619955,4,35,0.91511,0.0229944,0.3452
7.022,0.785441,-1.60982,0.483051,-0.785398,0.523599,-0.523599,0.77061,0.540456,0.65,0.619378,4,35,0.914541,0.0228842,0.34503
7.024,0.785441,-1.61001,0.483152,-0.785398,0.523599,-0.523599,0.770006,0.540005,0.65,0.6188,4,35,0.91397,0.0227749,0.344857
7.026,0.78544,-1.61019,0.48325,-0.785398,0.523599,-0.523599,0.769404,0.539552,0.65,0.618221,4,35,0.913398,0.0226664,0.344681
7.028,0.78544,-1.61037,0.483344,-0.785398,0.523599,-0.523599,0.768802,0.539097,0.65,0.617641,4,35,0.912824,0.0225588,0.344503
7.03,0.78544,-1.61055,0.483434,-0.785398,0.523599,-0.523599,0.768202,0.538641,0.65,0.61706,4,35,0.912248,0.022452,0.344322
7.032,0.785439,-1.61072,0.48352,-0.785398,0.523599,-0.523599,0.767603,0.538183,0.65,0.616478,4,35,0.911671,0.0223461,0.344137
7.034,0.785439,-1.61089,0.483603,-0.785398,0.523599,-0.523599,0.767005,0.537724,0.65,0.615895,4,35,0.911092,0.022241,0.343951
7.036,0.785438,-1.61105,0.483682,-0.785398,0.523599,-0.523599,0.766408,0.537263,0.65,0.615312,4,35,0.910511,0.0221368,0.343761
7.038,0.785438,-1.61121,0.483758,-0.785398,0.523599,-0.523599,0.765812,0.536801,0.65,0.614727,4,35,0.909929,0.0220334,0.343569
7.04,0.785437,-1.61137,0.483829,-0.785398,0.523599,-0.523599,0.765218,0.536338,0.65,0.614142,4,35,0.909346,0.0219309,0.343373
7.042,0.785437,-1.61152,0.483898,-0.785398,0.523599,-0.523599,0.764624,0.535872,0.65,0.613556,4,35,0.908761,0.0218292,0.343175
7.044,0.785436,-1.61167,0.483962,-0.785398,0.523599,-0.523599,0.764032,0.535406,0.65,0.612969,4,35,0.908175,0.0217283,0.342974
7.046,0.785436,-1.61181,0.484023,-0.785398,0.523599,-0.523599,0.763441,0.534938,0.65,0.612381,4,35,0.907587,0.0216283,0.342771
7.048,0.785435,-1.61195,0.484081,-0.785398,0.523599,-0.523599,0.762851,0.534468,0.65,0.611792,4,35,0.906997,0.0215292,0.342564
7.05,0.785434,-1.61209,0.484135,-0.785398,0.523599,-0.523599,0.762262,0.533997,0.65,0.611203,4,35,0.906407,0.0214309,0.342355
7.052,0.785434,-1.61222,0.484184,-0.785398,0.523599,-0.523599,0.761675,0.533524,0.65,0.610614,4,35,0.905815,0.0213329,0.342143
7.054,0.785433,-1.61235,0.484226,-0.785398,0.523599,-0.523599,0.761088,0.53305,0.65,0.610025,4,35,0.905224,0.0212347,0.341928
7.056,0.785432,-1.61247,0.484263,-0.785398,0.523599,-0.523599,0.760503,0.532575,0.65,0.609434,4,35,0.90463,0.0211381,0.34171
7.058,0.785432,-1.61258,0.484293,-0.785398,0.523599,-0.523599,0.759919,0.532098,0.65,0.608841,4,35,0.904033,0.0210431,0.341489
7.06,0.785431,-1.61269,0.484317,-0.785398,0.523599,-0.523599,0.759337,0.531619,0.65,0.608246,4,35,0.903434,0.0209496,0.341265
7.062,0.78543,-1.61279,0.484336,-0.785398,0.523599,-0.523599,0.758755,0.531139,0.65,0.60765,4,35,0.902832,0.0208576,0.341038
7.064,0.78543,-1.61288,0.484348,-0.785398,0.523599,-0.523599,0.758175,0.530658,0.65,0.607052,4,35,0.902227,0.020767,0.340808
7.066,0.785429,-1.61297,0.484355,-0.785398,0.523599,-0.523599,0.757596,0.530175,0.65,0.606452,4,35,0.901619,0.020678,0.340575
7.068,0.785429,-1.61306,0.484356,-0.785398,0.523599,-0.523599,0.757018,0.529691,0.65,0.60585,4,35,0.90101,0.0205903,0.340339
7.07,0.785428,-1.61313,0.484351,-0.785398,0.523599,-0.523599,0.756441,0.529205,0.65,0.605247,4,35,0.900397,0.0205042,0.3401
7.072,0.785428,-1.61321,0.484341,-0.785398,0.523599,-0.523599,0.755866,0.528718,0.65,0.604643,4,35,0.899782,0.0204194,0.339858
7.074,0.785427,-1.61327,0.484326,-0.785398,0.523599,-0.523599,0.755292,0.528229,0.65,0.604036,4,35,0.899165,0.0203361,0.339613
7.076,0.785426,-1.61333,0.484305,-0.785398,0.523599,-0.523599,0.754719,0.527739,0.65,0.603429,4,35,0.898546,0.0202541,0.339365
7.078,0.785426,-1.61339,0.484279,-0.785398,0.523599,-0.523599,0.754147,0.527248,0.65,0.60282,4,35,0.897924,0.0201736,0.339113
7.08,0.785425,-1.61344,0.484248,-0.785398,0.523599,-0.523599,0.753576,0.526755,0.65,0.602209,4,35,0.8973,0.0200944,0.338859
7.082,0.785425,-1.61348,0.484212,-0.785398,0.523599,-0.523599,0.753007,0.52626,0.65,0.601598,4,35,0.896674,0.0200166,0.338602
7.084,0.785424,-1.61352,0.484172,-0.785398,0.523599,-0.523599,0.752439,0.525765,0.65,0.600985,4,35,0.896046,0.0199402,0.338341
7.086,0.785424,-1.61356,0.48413,-0.785398,0.523599,-0.523599,0.751872,0.525267,0.65,0.600365,4,35,0.89541,0.0198684,0.338077
7.088,0.785423,-1.6136,0.484086,-0.785398,0.523599,-0.523599,0.751307,0.524769,0.65,0.599697,4,35,0.894769,0.0196406,0.337809
7.09,0.785423,-1.61363,0.484042,-0.785398,0.523599,-0.523599,0.750742,0.524269,0.65,0.59901,4,35,0.894128,0.0193402,0.337539
7.092,0.785422,-1.61367,0.483997,-0.785398,0.523599,-0.523599,0.750179,0.523767,0.65,0.598335,4,35,0.893489,0.0190781,0.337266
7.094,0.785422,-1.6137,0.48395,-0.785398,0.523599,-0.523599,0.749618,0.523264,0.65,0.597601,4,33,0.897337,0.0144551,0.359902
7.096,0.785422,-1.61373,0.483903,-0.785398,0.523599,-0.523599,0.749057,0.52276,0.65,0.596842,4,33,0.896638,0.0141563,0.359707
7.098,0.785421,-1.61376,0.483854,-0.785398,0.523599,-0.523599,0.748498,0.522254,0.65,0.596063,4,33,0.895938,0.0137914,0.359509
7.1,0.785421,-1.61379,0.483805,-0.785398,0.523599,-0.523599,0.74794,0.521747,0.65,0.595286,4,33,0.895238,0.0134272,0.359308
7.102,0.78542,-1.61382,0.483755,-0.785398,0.523599,-0.523599,0.747383,0.521238,0.65,0.594508,4,33,0.894538,0.013063,0.359104
7.104,0.78542,-1.61384,0.483703,-0.785398,0.523599,-0.523599,0.746828,0.520729,0.65,0.593731,4,33,0.893837,0.0126986,0.358897
7.106,0.785419,-1.61387,0.483651,-0.785398,0.523599,-0.523599,0.746274,0.520217,0.65,0.592954,4,33,0.893137,0.0123342,0.358687
7.108,0.785419,-1.61389,0.483598,-0.785398,0.523599,-0.523599,0.745721,0.519705,0.65,0.592177,4,33,0.892436,0.0119697,0.358475
7.11,0.785419,-1.61391,0.483544,-0.785398,0.523599,-0.523599,0.745169,0.51919,0.65,0.5914,4,33,0.891735,0.0116051,0.358259
7.112,0.785418,-1.61394,0.483489,-0.785398,0.523599,-0.523599,0.744619,0.518675,0.65,0.590624,4,33,0.891034,0.0112404,0.35804
7.114,0.785418,-1.61396,0.483433,-0.785398,0.523599,-0.523599,0.74407,0.518158,0.65,0.589848,4,33,0.890333,0.0108756,0.357819
7.116,0.785418,-1.61398,0.483376,-0.785398,0.523599,-0.523599,0.743523,0.51764,0.65,0.589072,4,33,0.889632,0.0105107,0.357595
7.118,0.785417,-1.61399,0.483318,-0.785398,0.523599,-0.523599,0.742976,0.51712,0.65,0.588297,4,33,0.88893,0.0101458,0.357368
7.12,0.785417,-1.61401,0.48326,-0.785398,0.523599,-0.523599,0.742431,0.516599,0.65,0.587522,4,33,0.888228,0.00978068,0.357137
7.122,0.785416,-1.61403,0.4832,-0.785398,0.523599,-0.523599,0.741888,0.516077,0.65,0.586747,4,33,0.887526,0.00941552,0.356904
7.124,0.785416,-1.61404,0.483139,-0.785398,0.523599,-0.523599,0.741345,0.515553,0.65,0.585973,4,33,0.886824,0.00905025,0.356668
7.126,0.785416,-1.61405,0.483078,-0.785398,0.523599,-0.523599,0.740804,0.515028,0.65,0.585199,4,33,0.886122,0.00868488,0.356429
7.128,0.785415,-1.61406,0.483015,-0.785398,0.523599,-0.523599,0.740264,0.514502,0.65,0.584425,4,33,0.88542,0.00831941,0.356187
7.13,0.785415,-1.61408,0.482952,-0.785398,0.523599,-0.523599,0.739726,0.513974,0.65,0.583652,4,33,0.884718,0.00795384,0.355942
7.132,0.785415,-1.61408,0.482887,-0.785398,0.523599,-0.523599,0.739189,0.513445,0.65,0.582879,4,33,0.884015,0.00758817,0.355694
7.134,0.785414,-1.61409,0.482822,-0.785398,0.523599,-0.523599,0.738653,0.512914,0.65,0.582106,4,33,0.883312,0.00722239,0.355443
7.136,0.785414,-1.6141,0.482756,-0.785398,0.523599,-0.523599,0.738119,0.512382,0.65,0.581334,4,33,0.88261,0.00685651,0.355189
7.138,0.785414,-1.61411,0.482688,-0.785398,0.523599,-0.523599,0.737585,0.511849,0.65,0.580562,4,33,0.881907,0.00649052,0.354932
7.14,0.785414,-1.61411,0.48262,-0.785398,0.523599,-0.523599,0.737054,0.511315,0.65,0.57979,4,33,0.881204,0.00612442,0.354672
7.142,0.785413,-1.61411,0.482551,-0.785398,0.523599,-0.523599,0.736523,0.510779,0.65,0.579019,4,33,0.880501,0.00575821,0.354409
7.144,0.785413,-1.61412,0.482481,-0.785398,0.523599,-0.523599,0.735994,0.510242,0.65,0.578249,4,33,0.879797,0.00539189,0.354143
7.146,0.785413,-1.61412,0.48241,-0.785398,0.523599,-0.523599,0.735466,0.509703,0.65,0.577478,4,33,0.879094,0.00502545,0.353874
7.148,0.785412,-1.61412,0.482338,-0.785398,0.523599,-0.523599,0.73494,0.509163,0.65,0.576708,4,33,0.878391,0.00465891,0.353602
7.15,0.785412,-1.61411,0.482264,-0.785398,0.523599,-0.523599,0.734415,0.508622,0.65,0.576044,4,33,0.877702,0.00460575,0.353328
7.152,0.785412,-1.61411,0.482189,-0.785398,0.523599,-0.523599,0.733891,0.50808,0.65,0.575437,4,33,0.877019,0.00472187,0.353051
7.154,0.785412,-1.6141,0.482112,-0.785398,0.523599,-0.523599,0.733369,0.507536,0.65,0.57483,4,33,0.876336,0.00484039,0.352771
7.156,0.785411,-1.61409,0.482033,-0.785398,0.523599,-0.523599,0.732848,0.506991,0.65,0.574223,4,33,0.875653,0.00495873,0.352487
7.158,0.785411,-1.61408,0.481952,-0.785398,0.523599,-0.523599,0.732329,0.506444,0.65,0.573616,4,33,0.874969,0.00507678,0.352201
7.16,0.785411,-1.61407,0.48187,-0.785398,0.523599,-0.523599,0.731811,0.505896,0.65,0.573008,4,33,0.874284,0.00519453,0.351911
7.162,0.785411,-1.61406,0.481786,-0.785398,0.523599,-0.523599,0.731294,0.505347,0.65,0.572401,4,33,0.8736,0.00531197,0.351619
7.164,0.78541,-1.61404,0.4817,-0.785398,0.523599,-0.523599,0.730778,0.504797,0.65,0.571793,4,33,0.872914,0.00542912,0.351323
7.166,0.78541,-1.61402,0.481613,-0.785398,0.523599,-0.523599,0.730264,0.504246,0.65,0.571185,4,33,0.872228,0.00554597,0.351025
7.168,0.78541,-1.614,0.481524,-0.785398,0.523599,-0.523599,0.729752,0.503693,0.65,0.570577,4,33,0.871542,0.00566253,0.350723
7.17,0.78541,-1.61398,0.481433,-0.785398,0.523599,-0.523599,0.72924,0.503138,0.65,0.569969,4,33,0.870855,0.0057788,0.350418
7.172,0.78541,-1.61395,0.48134,-0.785398,0.523599,-0.523599,0.728731,0.502583,0.65,0.569361,4,33,0.870167,0.00589477,0.35011
7.174,0.785409,-1.61393,0.481246,-0.785398,0.523599,-0.523599,0.728222,0.502026,0.65,0.568752,4,33,0.86948,0.00601046,0.349799
7.176,0.785409,-1.6139,0.48115,-0.785398,0.523599,-0.523599,0.727715,0.501468,0.65,0.568144,4,33,0.868791,0.00612586,0.349484
7.178,0.785409,-1.61387,0.481053,-0.785398,0.523599,-0.523599,0.727209,0.500909,0.65,0.567535,4,33,0.868103,0.00624097,0.349167
7.18,0.785409,-1.61383,0.480953,-0.785398,0.523599,-0.523599,0.726705,0.500348,0.65,0.566927,4,33,0.867413,0.00635579,0.348846
7.182,0.785409,-1.6138,0.480853,-0.785398,0.523599,-0.523599,0.726202,0.499786,0.65,0.566318,4,33,0.866724,0.00647034,0.348522
7.184,0.785408,-1.61376,0.48075,-0.785398,0.523599,-0.523599,0.725701,0.499223,0.65,0.565709,4,33,0.866034,0.0065846,0.348195
7.186,0.785408,-1.61372,0.480646,-0.785398,0.523599,-0.523599,0.725201,0.498659,0.65,0.5651,4,33,0.865343,0.00669858,0.347865
7.188,0.785408,-1.61368,0.48054,-0.785398,0.523599,-0.523599,0.724702,0.498093,0.65,0.564492,4,33,0.864653,0.00681228,0.347532
7.19,0.785408,-1.61364,0.480432,-0.785398,0.523599,-0.523599,0.724205,0.497527,0.65,0.563883,4,33,0.863961,0.0069257,0.347196
7.192,0.785408,-1.61359,0.480323,-0.785398,0.523599,-0.523599,0.72371,0.496958,0.65,0.563274,4,33,0.86327,0.00703885,0.346856
7.194,0.785407,-1.61355,0.480212,-0.785398,0.523599,-0.523599,0.723215,0.496389,0.65,0.562665,4,33,0.862578,0.00715172,0.346513
7.196,0.785407,-1.6135,0.4801,-0.785398,0.523599,-0.523599,0.722722,0.495819,0.65,0.562056,4,33,0.861885,0.00726433,0.346167
7.198,0.785407,-1.61345,0.479986,-0.785398,0.523599,-0.523599,0.722231,0.495247,0.65,0.561447,4,33,0.861193,0.00737665,0.345818
7.2,0.785407,-1.6134,0.47987,-0.785398,0.523599,-0.523599,0.721741,0.494674,0.65,0.560838,4,33,0.8605,0.00748871,0.345466
7.202,0.785407,-1.61334,0.479753,-0.785398,0.523599,-0.523599,0.721252,0.494099,0.65,0.560229,4,33,0.859806,0.0076005,0.34511
7.204,0.785407,-1.61328,0.479634,-0.785398,0.523599,-0.523599,0.720765,0.493524,0.65,0.55962,4,33,0.859112,0.00771202,0.344751
7.206,0.785406,-1.61322,0.479513,-0.785398,0.523599,-0.523599,0.72028,0.492947,0.65,0.559011,4,33,0.858418,0.00782328,0.344389
7.208,0.785406,-1.61316,0.479391,-0.785398,0.523599,-0.523599,0.719795,0.492369,0.65,0.558402,4,33,0.857724,0.00793427,0.344024
7.21,0.785406,-1.6131,0.479267,-0.785398,0.523599,-0.523599,0.719313,0.49179,0.65,0.557793,4,33,0.857029,0.008045,0.343655
7.212,0.785406,-1.61304,0.479141,-0.785398,0.523599,-0.523599,0.718831,0.49121,0.65,0.557184,4,33,0.856334,0.00815546,0.343284
7.214,0.785406,-1.61297,0.479014,-0.785398,0.523599,-0.523599,0.718352,0.490628,0.65,0.556576,4,33,0.855638,0.00826566,0.342909
7.216,0.785406,-1.6129,0.478885,-0.785398,0.523599,-0.523599,0.717873,0.490045,0.65,0.555967,4,33,0.854943,0.00837561,0.34253
7.218,0.785406,-1.61283,0.478755,-0.785398,0.523599,-0.523599,0.717396,0.489461,0.65,0.555358,4,33,0.854247,0.00848529,0.342149
7.22,0.785405,-1.61276,0.478623,-0.785398,0.523599,-0.523599,0.716921,0.488876,0.65,0.55475,4,33,0.85355,0.00859472,0.341764
7.222,0.785405,-1.61268,0.47849,-0.785398,0.523599,-0.523599,0.716447,0.48829,0.65,0.554141,4,33,0.852854,0.00870389,0.341376
7.224,0.785405,-1.61261,0.478355,-0.785398,0.523599,-0.523599,0.715974,0.487702,0.65,0.553533,4,33,0.852157,0.00881281,0.340984
7.226,0.785405,-1.61253,0.478218,-0.785398,0.523599,-0.523599,0.715503,0.487113,0.65,0.552925,4,33,0.85146,0.00892147,0.34059
7.228,0.785405,-1.61245,0.47808,-0.785398,0.523599,-0.523599,0.715034,0.486523,0.65,0.552317,4,33,0.850762,0.00903004,0.340192
7.23,0.785405,-1.61237,0.47794,-0.785398,0.523599,-0.523599,0.714566,0.485932,0.65,0.551709,4,33,0.850065,0.00913848,0.33979
7.232,0.785405,-1.61228,0.477798,-0.785398,0.523599,-0.523599,0.714099,0.48534,0.65,0.551101,4,33,0.849367,0.00924667,0.339386
7.234,0.785404,-1.61219,0.477655,-0.785398,0.523599,-0.523599,0.713634,0.484746,0.65,0.550494,4,33,0.848669,0.00935461,0.338978
7.236,0.785404,-1.61211,0.477511,-0.785398,0.523599,-0.523599,0.713171,0.484152,0.65,0.549886,4,33,0.847971,0.0094623,0.338567
7.238,0.785404,-1.61202,0.477365,-0.785398,0.523599,-0.523599,0.712709,0.483556,0.65,0.549279,4,33,0.847272,0.00956975,0.338152
7.24,0.785404,-1.61192,0.477217,-0.785398,0.523599,-0.523599,0.712248,0.482959,0.65,0.548672,4,33,0.846573,0.00967695,0.337734
7.242,0.785404,-1.61183,0.477068,-0.785398,0.523599,-0.523599,0.711789,0.482361,0.65,0.548065,4,33,0.845874,0.00978391,0.337313
7.244,0.785404,-1.61173,0.476917,-0.785398,0.523599,-0.523599,0.711331,0.481762,0.65,0.547458,4,33,0.845175,0.00989062,0.336888
7.246,0.785404,-1.61163,0.476764,-0.785398,0.523599,-0.523599,0.710875,0.481161,0.65,0.546852,4,33,0.844476,0.00999708,0.33646
7.248,0.785404,-1.61153,0.47661,-0.785398,0.523599,-0.523599,0.710421,0.48056,0.65,0.546246,4,33,0.843776,0.0101033,0.336029
7.25,0.785404,-1.61143,0.476455,-0.785398,0.523599,-0.523599,0.709968,0.479957,0.65,0.54564,4,33,0.843077,0.0102093,0.335594
7.252,0.785403,-1.61133,0.476298,-0.785398,0.523599,-0.523599,0.709516,0.479353,0.65,0.545034,4,33,0.842377,0.010315,0.335156
7.254,0.785403,-1.61122,0.476139,-0.785398,0.523599,-0.523599,0.709066,0.478748,0.65,0.544428,4,33,0.841677,0.0104206,0.334715
7.256,0.785403,-1.61111,0.475979,-0.785398,0.523599,-0.523599,0.708618,0.478142,0.65,0.543823,4,33,0.840977,0.0105258,0.33427
7.258,0.785403,-1.611,0.475818,-0.785398,0.523599,-0.523599,0.708171,0.477535,0.65,0.543218,4,33,0.840277,0.0106309,0.333822
7.26,0.785403,-1.61089,0.475654,-0.785398,0.523599,-0.523599,0.707725,0.476927,0.65,0.542613,4,33,0.839576,0.0107357,0.33337
7.262,0.785403,-1.61078,0.47549,-0.785398,0.523599,-0.523599,0.707281,0.476317,0.65,0.542008,4,33,0.838876,0.0108402,0.332915
7.264,0.785403,-1.61066,0.475323,-0.785398,0.523599,-0.523599,0.706839,0.475706,0.65,0.541404,4,33,0.838175,0.0109445,0.332457
7.266,0.785403,-1.61055,0.475156,-0.785398,0.523599,-0.523599,0.706398,0.475095,0.65,0.5408,4,33,0.837474,0.0110486,0.331995
7.268,0.785403,-1.61043,0.474986,-0.785398,0.523599,-0.523599,0.705959,0.474482,0.65,0.540196,4,33,0.836773,0.0111525,0.33153
7.27,0.785403,-1.6103,0.474816,-0.785398,0.523599,-0.523599,0.705521,0.473868,0.65,0.539592,4,33,0.836073,0.0112561,0.331061
7.272,0.785403,-1.61018,0.474643,-0.785398,0.523599,-0.523599,0.705085,0.473253,0.65,0.538989,4,33,0.835371,0.0113595,0.330589
7.274,0.785402,-1.61006,0.474469,-0.785398,0.523599,-0.523599,0.70465,0.472637,0.65,0.538386,4,33,0.83467,0.0114627,0.330113
7.276,0.785402,-1.60993,0.474294,-0.785398,0.523599,-0.523599,0.704217,0.47202,0.65,0.537784,4,33,0.833969,0.0115656,0.329634
7.278,0.785402,-1.6098,0.474117,-0.785398,0.523599,-0.523599,0.703786,0.471402,0.65,0.537182,4,33,0.833268,0.0116684,0.329152
7.28,0.785402,-1.60967,0.473939,-0.785398,0.523599,-0.523599,0.703356,0.470782,0.65,0.53658,4,33,0.832567,0.0117709,0.328666
7.282,0.785402,-1.60953,0.473759,-0.785398,0.523599,-0.523599,0.702927,0.470162,0.65,0.535978,4,33,0.831865,0.0118731,0.328177
7.284,0.785402,-1.6094,0.473578,-0.785398,0.523599,-0.523599,0.7025,0.46954,0.65,0.535377,4,33,0.831164,0.0119752,0.327684
7.286,0.785402,-1.60926,0.473395,-0.785398,0.523599,-0.523599,0.702075,0.468918,0.65,0.534776,4,33,0.830462,0.012077,0.327188
7.288,0.785402,-1.60912,0.47321,-0.785398,0.523599,-0.523599,0.701651,0.468294,0.65,0.534176,4,33,0.829761,0.0121786,0.326688
7.29,0.785402,-1.60898,0.473025,-0.785398,0.523599,-0.523599,0.701229,0.467669,0.65,0.533576,4,33,0.829059,0.0122799,0.326185
7.292,0.785402,-1.60884,0.472837,-0.785398,0.523599,-0.523599,0.700808,0.467044,0.65,0.532976,4,33,0.828358,0.0123811,0.325678
7.294,0.785402,-1.60869,0.472648,-0.785398,0.523599,-0.523599,0.700389,0.466417,0.65,0.532377,4,33,0.827656,0.012482,0.325168
7.296,0.785402,-1.60855,0.472458,-0.785398,0.523599,-0.523599,0.699972,0.465789,0.65,0.531778,4,33,0.826955,0.0125827,0.324654
7.298,0.785402,-1.6084,0.472266,-0.785398,0.523599,-0.523599,0.699556,0.46516,0.65,0.53118,4,33,0.826253,0.0126832,0.324137
7.3,0.785402,-1.60825,0.472073,-0.785398,0.523599,-0.523599,0.699142,0.46453,0.65,0.530447,0,33,0.840637,-0.0393284,0.325722
7.302,0.785401,-1.6081,0.471878,-0.785398,0.523599,-0.523599,0.698729,0.463899,0.65,0.529632,0,33,0.839908,-0.0398983,0.325218
7.304,0.785401,-1.60794,0.471682,-0.785398,0.523599,-0.523599,0.698318,0.463267,0.65,0.528818,0,33,0.839179,-0.0404679,0.324711
7.306,0.785401,-1.60779,0.471485,-0.785398,0.523599,-0.523599,0.697908,0.462634,0.65,0.528005,0,33,0.838449,-0.0410374,0.324201
7.308,0.785401,-1.60763,0.471285,-0.785398,0.523599,-0.523599,0.6975,0.462,0.65,0.527192,0,33,0.837719,-0.0416066,0.323688
7.31,0.785401,-1.60747,0.471085,-0.785398,0.523599,-0.523599,0.697094,0.461365,0.65,0.52638,0,33,0.83699,-0.0421756,0.323171
7.312,0.785401,-1.6073,0.470883,-0.785398,0.523599,-0.523599,0.696689,0.460729,0.65,0.525568,0,33,0.83626,-0.0427444,0.32265
7.314,0.785401,-1.60714,0.470679,-0.785398,0.523599,-0.523599,0.696286,0.460092,0.65,0.524758,0,33,0.83553,-0.043313,0.322126
7.316,0.785401,-1.60697,0.470474,-0.785398,0.523599,-0.523599,0.695885,0.459453,0.65,0.523948,0,33,0.8348,-0.0438814,0.321599
7.318,0.785401,-1.60681,0.470268,-0.785398,0.523599,-0.523599,0.695485,0.458814,0.65,0.523138,0,33,0.834069,-0.0444497,0.321068
7.32,0.785401,-1.60664,0.47006,-0.785398,0.523599,-0.523599,0.695086,0.458174,0.65,0.522329,0,33,0.833339,-0.0450177,0.320534
7.322,0.785401,-1.60647,0.469851,-0.785398,0.523599,-0.523599,0.69469,0.457533,0.65,0.521521,0,33,0.832609,-0.0455856,0.319997
7.324,0.785401,-1.60629,0.46964,-0.785398,0.523599,-0.523599,0.694295,0.456891,0.65,0.520714,0,33,0.831879,-0.0461533,0.319456
7.326,0.785401,-1.60612,0.469428,-0.785398,0.523599,-0.523599,0.693901,0.456248,0.65,0.519907,0,33,0.831148,-0.0467208,0.318911
7.328,0.785401,-1.60594,0.469214,-0.785398,0.523599,-0.523599,0.693509,0.455603,0.65,0.519101,0,33,0.830418,-0.0472882,0.318363
7.33,0.785401,-1.60576,0.468999,-0.785398,0.523599,-0.523599,0.693119,0.454958,0.65,0.518296,0,33,0.829687,-0.0478554,0.317812
7.332,0.785401,-1.60558,0.468783,-0.785398,0.523599,-0.523599,0.69273,0.454312,0.65,0.517491,0,33,0.828957,-0.0484224,0.317257
7.334,0.785401,-1.60539,0.468565,-0.785398,0.523599,-0.523599,0.692343,0.453665,0.65,0.516687,0,33,0.828227,-0.0489893,0.316699
7.336,0.785401,-1.60521,0.468345,-0.785398,0.523599,-0.523599,0.691958,0.453017,0.65,0.515884,0,33,0.827496,-0.0495561,0.316137
7.338,0.785401,-1.60502,0.468125,-0.785398,0.523599,-0.523599,0.691574,0.452368,0.65,0.515082,0,33,0.826766,-0.0501227,0.315572
7.34,0.7854,-1.60483,0.467902,-0.785398,0.523599,-0.523599,0.691192,0.451718,0.65,0.51428,0,33,0.826035,-0.0506892,0.315003
7.342,0.7854,-1.60464,0.467679,-0.785398,0.523599,-0.523599,0.690811,0.451067,0.65,0.51348,0,33,0.825305,-0.0512556,0.314431
7.344,0.7854,-1.60445,0.467454,-0.785398,0.523599,-0.523599,0.690433,0.450415,0.65,0.51268,0,33,0.824574,-0.0518218,0.313855
7.346,0.7854,-1.60425,0.467227,-0.785398,0.523599,-0.523599,0.690055,0.449762,0.65,0.511881,0,33,0.823844,-0.0523879,0.313276
7.348,0.7854,-1.60406,0.467,-0.785398,0.523599,-0.523599,0.68968,0.449109,0.65,0.511082,0,33,0.823113,-0.0529539,0.312693
7.35,0.7854,-1.60386,0.46677,-0.785398,0.523599,-0.523599,0.689306,0.448454,0.65,0.510285,0,33,0.822383,-0.0535198,0.312107
7.352,0.7854,-1.60366,0.46654,-0.785398,0.523599,-0.523599,0.688934,0.447798,0.65,0.509488,0,33,0.821653,-0.0540855,0.311517
7.354,0.7854,-1.60346,0.466307,-0.785398,0.523599,-0.523599,0.688563,0.447142,0.65,0.508692,0,33,0.820922,-0.0546512,0.310924
7.356,0.7854,-1.60325,0.466074,-0.785398,0.523599,-0.523599,0.688194,0.446484,0.65,0.507897,0,33,0.820192,-0.0552167,0.310327
7.358,0.7854,-1.60305,0.465839,-0.785398,0.523599,-0.523599,0.687827,0.445826,0.65,0.507103,0,33,0.819462,-0.0557822,0.309727
7.36,0.7854,-1.60284,0.465603,-0.785398,0.523599,-0.523599,0.687461,0.445166,0.65,0.506309,0,33,0.818732,-0.0563475,0.309123
7.362,0.7854,-1.60263,0.465365,-0.785398,0.523599,-0.523599,0.687097,0.444506,0.65,0.505517,0,33,0.818002,-0.0569128,0.308515
7.364,0.7854,-1.60241,0.465126,-0.785398,0.523599,-0.523599,0.686735,0.443845,0.65,0.504725,0,33,0.817272,-0.0574779,0.307904
7.366,0.7854,-1.6022,0.464886,-0.785398,0.523599,-0.523599,0.686374,0.443183,0.65,0.503935,0,33,0.816543,-0.058043,0.30729
7.368,0.7854,-1.60199,0.464644,-0.785398,0.523599,-0.523599,0.686015,0.44252,0.65,0.503145,0,33,0.815813,-0.058608,0.306672
7.37,0.7854,-1.60177,0.4644,-0.785398,0.523599,-0.523599,0.685658,0.441856,0.65,0.502356,0,33,0.815084,-0.059173,0.30605
7.372,0.7854,-1.60155,0.464156,-0.785398,0.523599,-0.523599,0.685302,0.441191,0.65,0.501568,0,33,0.814354,-0.0597378,0.305425
7.374,0.7854,-1.60133,0.46391,-0.785398,0.523599,-0.523599,0.684948,0.440525,0.65,0.500781,0,33,0.813625,-0.0603026,0.304796
7.376,0.7854,-1.6011,0.463662,-0.785398,0.523599,-0.523599,0.684596,0.439859,0.65,0.499995,0,33,0.812896,-0.0608673,0.304164
7.378,0.7854,-1.60088,0.463414,-0.785398,0.523599,-0.523599,0.684245,0.439191,0.65,0.499209,0,33,0.812167,-0.061432,0.303528
7.38,0.7854,-1.60065,0.463163,-0.785398,0.523599,-0.523599,0.683896,0.438523,0.65,0.498425,0,33,0.811438,-0.0619966,0.302889
7.382,0.7854,-1.60042,0.462912,-0.785398,0.523599,-0.523599,0.683549,0.437854,0.65,0.497642,0,33,0.810709,-0.0625611,0.302246
7.384,0.7854,-1.60019,0.462659,-0.785398,0.523599,-0.523599,0.683203,0.437184,0.65,0.49686,0,33,0.809981,-0.0631256,0.301599
7.386,0.7854,-1.59996,0.462405,-0.785398,0.523599,-0.523599,0.682859,0.436513,0.65,0.496078,0,33,0.809252,-0.06369,0.300949
7.388,0.7854,-1.59972,0.462149,-0.785398,0.523599,-0.523599,0.682517,0.435841,0.65,0.495298,0,33,0.808524,-0.0642544,0.300295
7.39,0.7854,-1.59948,0.461892,-0.785398,0.523599,-0.523599,0.682176,0.435168,0.65,0.494519,0,33,0.807796,-0.0648187,0.299638
7.392,0.7854,-1.59924,0.461634,-0.785398,0.523599,-0.523599,0.681837,0.434495,0.65,0.49374,0,33,0.807068,-0.065383,0.298977
7.394,0.7854,-1.599,0.461374,-0.785398,0.523599,-0.523599,0.6815,0.43382,0.65,0.492963,0,33,0.806341,-0.0659473,0.298312
7.396,0.7854,-1.59876,0.461113,-0.785398,0.523599,-0.523599,0.681165,0.433145,0.65,0.492187,0,33,0.805613,-0.0665115,0.297644
7.398,0.785399,-1.59852,0.46085,-0.785398,0.523599,-0.523599,0.680831,0.432469,0.65,0.491411,0,33,0.804886,-0.0670757,0.296972
7.4,0.785399,-1.59827,0.460587,-0.785398,0.523599,-0.523599,0.680499,0.431792,0.65,0.490637,0,33,0.804159,-0.0676398,0.296297
7.402,0.785399,-1.59802,0.460321,-0.785398,0.523599,-0.523599,0.680168,0.431114,0.65,0.489864,0,33,0.803433,-0.0682039,0.295617
7.404,0.785399,-1.59777,0.460055,-0.785398,0.523599,-0.523599,0.67984,0.430436,0.65,0.489092,0,33,0.802706,-0.068768,0.294935
7.406,0.785399,-1.59752,0.459787,-0.785398,0.523599,-0.523599,0.679513,0.429756,0.65,0.488321,0,33,0.80198,-0.0693321,0.294248
7.408,0.785399,-1.59726,0.459518,-0.785398,0.523599,-0.523599,0.679188,0.429076,0.65,0.487551,0,33,0.801254,-0.0698961,0.293558
7.41,0.785399,-1.59701,0.459247,-0.785398,0.523599,-0.523599,0.678864,0.428395,0.65,0.486782,0,33,0.800528,-0.0704602,0.292865
7.412,0.785399,-1.59675,0.458975,-0.785398,0.523599,-0.523599,0.678542,0.427713,0.65,0.486015,0,33,0.799803,-0.0710242,0.292168
7.414,0.785399,-1.59649,0.458702,-0.785398,0.523599,-0.523599,0.678222,0.42703,0.65,0.485248,0,33,0.799078,-0.0715882,0.291467
7.416,0.785399,-1.59623,0.458428,-0.785398,0.523599,-0.523599,0.677904,0.426347,0.65,0.484483,0,33,0.798353,-0.0721521,0.290762
7.418,0.785399,-1.59596,0.458152,-0.785398,0.523599,-0.523599,0.677587,0.425663,0.65,0.483719,0,33,0.797628,-0.0727161,0.290054
7.42,0.785399,-1.5957,0.457875,-0.785398,0.523599,-0.523599,0.677272,0.424978,0.65,0.482955,0,33,0.796904,-0.0732801,0.289342
7.422,0.785399,-1.59543,0.457596,-0.785398,0.523599,-0.523599,0.676959,0.424292,0.65,0.482193,0,33,0.79618,-0.073844,0.288627
7.424,0.785399,-1.59516,0.457316,-0.785398,0.523599,-0.523599,0.676647,0.423605,0.65,0.481433,0,33,0.795456,-0.074408,0.287907
7.426,0.785399,-1.59489,0.457035,-0.785398,0.523599,-0.523599,0.676337,0.422918,0.65,0.480673,0,33,0.794733,-0.0749719,0.287184
7.428,0.785399,-1.59462,0.456752,-0.785398,0.523599,-0.523599,0.676029,0.42223,0.65,0.479914,0,33,0.79401,-0.0755358,0.286458
7.43,0.785399,-1.59434,0.456469,-0.785398,0.523599,-0.523599,0.675723,0.421541,0.65,0.479157,0,33,0.793287,-0.0760998,0.285728
7.432,0.785399,-1.59406,0.456183,-0.785398,0.523599,-0.523599,0.675418,0.420851,0.65,0.478401,0,33,0.792565,-0.0766637,0.284994
7.434,0.785399,-1.59378,0.455897,-0.785398,0.523599,-0.523599,0.675116,0.420161,0.65,0.477646,0,33,0.791843,-0.0772277,0.284256
7.436,0.785399,-1.5935,0.455609,-0.785398,0.523599,-0.523599,0.674814,0.419469,0.65,0.476893,0,33,0.791121,-0.0777916,0.283515
7.438,0.785399,-1.59322,0.45532,-0.785398,0.523599,-0.523599,0.674515,0.418777,0.65,0.47614,0,33,0.7904,-0.0783556,0.28277
7.44,0.785399,-1.59293,0.45503,-0.785398,0.523599,-0.523599,0.674217,0.418085,0.65,0.475389,0,33,0.789679,-0.0789195,0.282021
7.442,0.785399,-1.59265,0.454738,-0.785398,0.523599,-0.523599,0.673921,0.417391,0.65,0.474639,0,33,0.788958,-0.0794835,0.281269
7.444,0.785399,-1.59236,0.454445,-0.785398,0.523599,-0.523599,0.673627,0.416697,0.65,0.473891,0,33,0.788238,-0.0800475,0.280513
7.446,0.785399,-1.59207,0.454151,-0.785398,0.523599,-0.523599,0.673335,0.416002,0.65,0.473143,0,33,0.787518,-0.0806115,0.279753
7.448,0.785399,-1.59177,0.453855,-0.785398,0.523599,-0.523599,0.673044,0.415306,0.65,0.472397,0,33,0.786799,-0.0811755,0.27899
7.45,0.785399,-1.59148,0.453558,-0.785398,0.523599,-0.523599,0.672755,0.41461,0.65,0.471653,0,33,0.78608,-0.0817395,0.278223
7.452,0.785399,-1.59118,0.45326,-0.785398,0.523599,-0.523599,0.672468,0.413913,0.65,0.470909,0,33,0.785361,-0.0823035,0.277452
7.454,0.785399,-1.59088,0.45296,-0.785398,0.523599,-0.523599,0.672183,0.413215,0.65,0.470167,0,33,0.784643,-0.0828675,0.276678
7.456,0.785399,-1.59058,0.452659,-0.785398,0.523599,-0.523599,0.671899,0.412516,0.65,0.469426,0,33,0.783926,-0.0834316,0.275899
7.458,0.785399,-1.59028,0.452357,-0.785398,0.523599,-0.523599,0.671617,0.411817,0.65,0.468687,0,33,0.783208,-0.0839957,0.275117
7.46,0.785399,-1.58998,0.452054,-0.785398,0.523599,-0.523599,0.671337,0.411117,0.65,0.467949,0,33,0.782492,-0.0845597,0.274332
7.462,0.785399,-1.58967,0.451749,-0.785398,0.523599,-0.523599,0.671059,0.410416,0.65,0.467212,0,33,0.781775,-0.0851238,0.273542
7.464,0.785399,-1.58936,0.451443,-0.785398,0.523599,-0.523599,0.670782,0.409715,0.65,0.466477,0,33,0.781059,-0.085688,0.272749
7.466,0.785399,-1.58905,0.451136,-0.785398,0.523599,-0.523599,0.670507,0.409013,0.65,0.465743,0,33,0.780344,-0.0862521,0.271952
7.468,0.785399,-1.58874,0.450827,-0.785398,0.523599,-0.523599,0.670234,0.40831,0.65,0.46501,0,33,0.779629,-0.0868163,0.271152
7.47,0.785399,-1.58843,0.450517,-0.785398,0.523599,-0.523599,0.669963,0.407606,0.65,0.464279,0,33,0.778914,-0.0873804,0.270347
7.472,0.785399,-1.58811,0.450206,-0.785398,0.523599,-0.523599,0.669693,0.406902,0.65,0.463549,0,33,0.7782,-0.0879446,0.269539
7.474,0.785399,-1.58779,0.449894,-0.785398,0.523599,-0.523599,0.669425,0.406197,0.65,0.462821,0,33,0.777487,-0.0885088,0.268728
7.476,0.785399,-1.58747,0.44958,-0.785398,0.523599,-0.523599,0.669159,0.405492,0.65,0.462094,0,33,0.776774,-0.089073,0.267912
7.478,0.785399,-1.58715,0.449265,-0.785398,0.523599,-0.523599,0.668895,0.404786,0.65,0.461368,0,33,0.776061,-0.0896373,0.267093
7.48,0.785399,-1.58683,0.448949,-0.785398,0.523599,-0.523599,0.668633,0.404079,0.65,0.460644,0,33,0.775349,-0.0902015,0.26627
7.482,0.785399,-1.5865,0.448632,-0.785398,0.523599,-0.523599,0.668372,0.403371,0.65,0.459922,0,33,0.774638,-0.0907658,0.265443
7.484,0.785399,-1.58617,0.448313,-0.785398,0.523599,-0.523599,0.668113,0.402663,0.65,0.4592,0,33,0.773927,-0.0913301,0.264613
7.486,0.785399,-1.58584,0.447993,-0.785398,0.523599,-0.523599,0.667856,0.401954,0.65,0.458481,0,33,0.773217,-0.0918944,0.263779
7.488,0.785399,-1.58551,0.447672,-0.785398,0.523599,-0.523599,0.667601,0.401245,0.65,0.457763,0,33,0.772507,-0.0924587,0.262941
7.49,0.785399,-1.58518,0.447349,-0.785398,0.523599,-0.523599,0.667347,0.400535,0.65,0.457046,0,33,0.771798,-0.0930231,0.262099
7.492,0.785399,-1.58484,0.447025,-0.785398,0.523599,-0.523599,0.667095,0.399824,0.65,0.456331,0,33,0.771089,-0.0935874,0.261254
7.494,0.785399,-1.58451,0.4467,-0.785398,0.523599,-0.523599,0.666845,0.399113,0.65,0.455617,0,33,0.770381,-0.0941518,0.260404
7.496,0.785399,-1.58417,0.446374,-0.785398,0.523599,-0.523599,0.666597,0.398401,0.65,0.454905,0,33,0.769673,-0.0947162,0.259551
7.498,0.785399,-1.58382,0.446046,-0.785398,0.523599,-0.523599,0.666351,0.397688,0.65,0.454195,0,33,0.768966,-0.0952806,0.258695
7.5,0.785399,-1.58348,0.445718,-0.785398,0.523599,-0.523599,0.666106,0.396975,0.65,0.453486,0,33,0.76826,-0.095845,0.257834
7.502,0.785399,-1.58314,0.445387,-0.785398,0.523599,-0.523599,0.665863,0.396261,0.65,0.452778,0,33,0.767554,-0.0964094,0.25697
7.504,0.785399,-1.58279,0.445056,-0.785398,0.523599,-0.523599,0.665622,0.395547,0.65,0.452073,0,33,0.766849,-0.0969738,0.256102
7.506,0.785399,-1.58244,0.444724,-0.785398,0.523599,-0.523599,0.665383,0.394832,0.65,0.451368,0,33,0.766144,-0.0975382,0.25523
7.508,0.785399,-1.58209,0.44439,-0.785398,0.523599,-0.523599,0.665145,0.394116,0.65,0.450666,0,33,0.76544,-0.0981027,0.254355
7.51,0.785399,-1.58174,0.444055,-0.785398,0.523599,-0.523599,0.66491,0.3934,0.65,0.449965,0,33,0.764737,-0.0986671,0.253476
7.512,0.785399,-1.58138,0.443719,-0.785398,0.523599,-0.523599,0.664676,0.392683,0.65,0.449265,0,33,0.764034,-0.0992315,0.252593
7.514,0.785399,-1.58102,0.443381,-0.785398,0.523599,-0.523599,0.664444,0.391966,0.65,0.448567,0,33,0.763332,-0.099796,0.251706
7.516,0.785399,-1.58066,0.443042,-0.785398,0.523599,-0.523599,0.664214,0.391248,0.65,0.447871,0,33,0.762631,-0.10036,0.250816
7.518,0.785399,-1.5803,0.442702,-0.785398,0.523599,-0.523599,0.663985,0.390529,0.65,0.447177,0,33,0.76193,-0.100925,0.249921
7.52,0.785399,-1.57994,0.442361,-0.785398,0.523599,-0.523599,0.663759,0.38981,0.65,0.446484,0,33,0.76123,-0.101489,0.249023
7.522,0.785399,-1.57958,0.442019,-0.785398,0.523599,-0.523599,0.663534,0.389091,0.65,0.445793,0,33,0.760531,-0.102054,0.248122
7.524,0.785399,-1.57921,0.441675,-0.785398,0.523599,-0.523599,0.663311,0.38837,0.65,0.445103,0,33,0.759832,-0.102618,0.247216
7.526,0.785399,-1.57884,0.44133,-0.785398,0.523599,-0.523599,0.66309,0.38765,0.65,0.444416,0,33,0.759134,-0.103183,0.246307
7.528,0.785399,-1.57847,0.440984,-0.785398,0.523599,-0.523599,0.66287,0.386928,0.65,0.443729,0,33,0.758437,-0.103747,0.245394
7.53,0.785399,-1.5781,0.440637,-0.785398,0.523599,-0.523599,0.662653,0.386206,0.65,0.443045,0,33,0.75774,-0.104311,0.244477
7.532,0.785399,-1.57772,0.440288,-0.785398,0.523599,-0.523599,0.662437,0.385484,0.65,0.442362,0,33,0.757044,-0.104876,0.243556
7.534,0.785399,-1.57735,0.439939,-0.785398,0.523599,-0.523599,0.662223,0.384761,0.65,0.441682,0,33,0.756349,-0.10544,0.242632
7.536,0.785399,-1.57697,0.439588,-0.785398,0.523599,-0.523599,0.662011,0.384037,0.65,0.441002,0,33,0.755655,-0.106004,0.241704
7.538,0.785399,-1.57659,0.439236,-0.785398,0.523599,-0.523599,0.661801,0.383313,0.65,0.440325,0,33,0.754961,-0.106569,0.240772
7.54,0.785399,-1.57621,0.438882,-0.785398,0.523599,-0.523599,0.661592,0.382589,0.65,0.439649,0,33,0.754268,-0.107133,0.239836
7.542,0.785399,-1.57582,0.438528,-0.785398,0.523599,-0.523599,0.661385,0.381864,0.65,0.438976,0,33,0.753576,-0.107697,0.238897
7.544,0.785398,-1.57543,0.438172,-0.785398,0.523599,-0.523599,0.661181,0.381138,0.65,0.438303,0,33,0.752884,-0.108261,0.237954
7.546,0.785398,-1.57505,0.437815,-0.785398,0.523599,-0.523599,0.660978,0.380412,0.65,0.437633,0,33,0.752194,-0.108825,0.237007
7.548,0.785398,-1.57466,0.437457,-0.785398,0.523599,-0.523599,0.660776,0.379685,0.65,0.436965,0,33,0.751504,-0.10939,0.236056
7.55,0.785398,-1.57426,0.437097,-0.785398,0.523599,-0.523599,0.660577,0.378958,0.65,0.436298,0,33,0.750815,-0.109954,0.235102
7.552,0.785398,-1.57387,0.436737,-0.785398,0.523599,-0.523599,0.66038,0.37823,0.65,0.435633,0,33,0.750126,-0.110518,0.234144
7.554,0.785398,-1.57347,0.436375,-0.785398,0.523599,-0.523599,0.660184,0.377502,0.65,0.43497,0,33,0.749439,-0.111082,0.233182
7.556,0.785398,-1.57308,0.436012,-0.785398,0.523599,-0.523599,0.65999,0.376774,0.65,0.434309,0,33,0.748752,-0.111646,0.232216
7.558,0.785398,-1.57268,0.435648,-0.785398,0.523599,-0.523599,0.659798,0.376044,0.65,0.43365,0,33,0.748066,-0.112209,0.231247
7.56,0.785398,-1.57227,0.435283,-0.785398,0.523599,-0.523599,0.659608,0.375315,0.65,0.432993,0,33,0.747381,-0.112773,0.230274
7.562,0.785398,-1.57187,0.434916,-0.785398,0.523599,-0.523599,0.659419,0.374585,0.65,0.432337,0,33,0.746697,-0.113337,0.229297
7.564,0.785398,-1.57146,0.434549,-0.785398,0.523599,-0.523599,0.659233,0.373854,0.65,0.431684,0,33,0.746013,-0.113901,0.228316
7.566,0.785398,-1.57106,0.43418,-0.785398,0.523599,-0.523599,0.659048,0.373123,0.65,0.431032,0,33,0.745331,-0.114464,0.227332
7.568,0.785398,-1.57064,0.43381,-0.785398,0.523599,-0.523599,0.658865,0.372392,0.65,0.430383,0,33,0.744649,-0.115028,0.226344
7.57,0.785398,-1.57023,0.433438,-0.785398,0.523599,-0.523599,0.658684,0.37166,0.65,0.429735,0,33,0.743968,-0.115591,0.225352
7.572,0.785398,-1.56982,0.433066,-0.785398,0.523599,-0.523599,0.658505,0.370927,0.65,0.429089,0,33,0.743288,-0.116155,0.224356
7.574,0.785398,-1.5694,0.432692,-0.785398,0.523599,-0.523599,0.658328,0.370195,0.65,0.428445,0,33,0.742609,-0.116718,0.223357
7.576,0.785398,-1.56899,0.432318,-0.785398,0.523599,-0.523599,0.658152,0.369461,0.65,0.427803,0,33,0.74193,-0.117281,0.222354
7.578,0.785398,-1.56857,0.431942,-0.785398,0.523599,-0.523599,0.657979,0.368728,0.65,0.427163,0,33,0.741253,-0.117844,0.221347
7.58,0.785398,-1.56814,0.431565,-0.785398,0.523599,-0.523599,0.657807,0.367994,0.65,0.426525,0,33,0.740577,-0.118407,0.220337
7.582,0.785398,-1.56772,0.431187,-0.785398,0.523599,-0.523599,0.657637,0.367259,0.65,0.425889,0,33,0.739901,-0.11897,0.219322
7.584,0.785398,-1.56729,0.430807,-0.785398,0.523599,-0.523599,0.657469,0.366524,0.65,0.425255,0,33,0.739226,-0.119532,0.218304
7.586,0.785398,-1.56687,0.430427,-0.785398,0.523599,-0.523599,0.657302,0.365789,0.65,0.424623,0,33,0.738552,-0.120095,0.217283
7.588,0.785398,-1.56644,0.430045,-0.785398,0.523599,-0.523599,0.657138,0.365053,0.65,0.423994,0,33,0.73788,-0.120658,0.216257
7.59,0.785398,-1.566,0.429662,-0.785398,0.523599,-0.523599,0.656975,0.364316,0.65,0.423366,0,33,0.737208,-0.12122,0.215228
7.592,0.785398,-1.56557,0.429278,-0.785398,0.523599,-0.523599,0.656815,0.36358,0.65,0.42274,0,33,0.736537,-0.121782,0.214195
7.594,0.785398,-1.56513,0.428893,-0.785398,0.523599,-0.523599,0.656656,0.362843,0.65,0.422116,0,33,0.735867,-0.122344,0.213159
7.596,0.785398,-1.5647,0.428507,-0.785398,0.523599,-0.523599,0.656499,0.362105,0.65,0.421495,0,33,0.735198,-0.122906,0.212119
7.598,0.785398,-1.56426,0.428119,-0.785398,0.523599,-0.523599,0.656344,0.361367,0.65,0.420875,0,33,0.73453,-0.123468,0.211075
7.6,0.785398,-1.56381,0.427731,-0.785398,0.523599,-0.523599,0.65619,0.360629,0.65,0.420258,0,33,0.733862,-0.124029,0.210027
7.602,0.785398,-1.56337,0.427341,-0.785398,0.523599,-0.523599,0.656039,0.359891,0.65,0.419642,0,33,0.733196,-0.124591,0.208976
7.604,0.785398,-1.56292,0.42695,-0.785398,0.523599,-0.523599,0.655889,0.359152,0.65,0.419029,0,33,0.732531,-0.125152,0.207921
7.606,0.785398,-1.56248,0.426558,-0.785398,0.523599,-0.523599,0.655742,0.358412,0.65,0.418418,0,33,0.731867,-0.125713,0.206862
7.608,0.785398,-1.56203,0.426165,-0.785398,0.523599,-0.523599,0.655596,0.357672,0.65,0.417809,0,33,0.731204,-0.126274,0.2058
7.61,0.785398,-1.56158,0.425771,-0.785398,0.523599,-0.523599,0.655452,0.356932,0.65,0.417202,0,33,0.730542,-0.126835,0.204733
7.612,0.785398,-1.56112,0.425375,-0.785398,0.523599,-0.523599,0.65531,0.356192,0.65,0.416597,0,33,0.72988,-0.127395,0.203664
7.614,0.785398,-1.56067,0.424979,-0.785398,0.523599,-0.523599,0.655169,0.355451,0.65,0.415995,0,33,0.72922,-0.127955,0.20259
7.616,0.785398,-1.56021,0.424581,-0.785398,0.523599,-0.523599,0.655031,0.35471,0.65,0.415395,0,33,0.728561,-0.128515,0.201513
7.618,0.785398,-1.55975,0.424182,-0.785398,0.523599,-0.523599,0.654894,0.353968,0.65,0.414797,0,33,0.727903,-0.129075,0.200432
7.62,0.785398,-1.55929,0.423782,-0.785398,0.523599,-0.523599,0.65476,0.353227,0.65,0.414201,0,33,0.727246,-0.129635,0.199348
7.622,0.785398,-1.55882,0.423381,-0.785398,0.523599,-0.523599,0.654627,0.352484,0.65,0.413607,0,33,0.72659,-0.130194,0.19826
7.624,0.785398,-1.55836,0.422979,-0.785398,0.523599,-0.523599,0.654496,0.351742,0.65,0.413016,0,33,0.725935,-0.130753,0.197168
7.626,0.785398,-1.55789,0.422576,-0.785398,0.523599,-0.523599,0.654367,0.350999,0.65,0.412427,0,33,0.725282,-0.131312,0.196073
7.628,0.785398,-1.55742,0.422172,-0.785398,0.523599,-0.523599,0.654239,0.350256,0.65,0.41184,0,33,0.724629,-0.131871,0.194974
7.63,0.785398,-1.55695,0.421766,-0.785398,0.523599,-0.523599,0.654114,0.349512,0.65,0.411255,0,33,0.723977,-0.132429,0.193871
7.632,0.785398,-1.55647,0.42136,-0.785398,0.523599,-0.523599,0.65399,0.348769,0.65,0.410673,0,33,0.723327,-0.132987,0.192765
7.634,0.785398,-1.556,0.420952,-0.785398,0.523599,-0.523599,0.653869,0.348024,0.65,0.410093,0,33,0.722677,-0.133545,0.191655
7.636,0.785398,-1.55552,0.420543,-0.785398,0.523599,-0.523599,0.653749,0.34728,0.65,0.409515,0,33,0.722029,-0.134103,0.190542
7.638,0.785398,-1.55504,0.420133,-0.785398,0.523599,-0.523599,0.653631,0.346535,0.65,0.408939,0,33,0.721382,-0.13466,0.189425
7.64,0.785398,-1.55456,0.419723,-0.785398,0.523599,-0.523599,0.653515,0.34579,0.65,0.408366,0,33,0.720736,-0.135217,0.188304
7.642,0.785398,-1.55407,0.419311,-0.785398,0.523599,-0.523599,0.653401,0.345045,0.65,0.407795,0,33,0.720091,-0.135773,0.18718
7.644,0.785398,-1.55359,0.418897,-0.785398,0.523599,-0.523599,0.653289,0.344299,0.65,0.407227,0,33,0.719447,-0.13633,0.186052
7.646,0.785398,-1.5531,0.418483,-0.785398,0.523599,-0.523599,0.653178,0.343554,0.65,0.406661,0,33,0.718804,-0.136886,0.18492
7.648,0.785398,-1.55261,0.418068,-0.785398,0.523599,-0.523599,0.65307,0.342807,0.65,0.406097,0,33,0.718163,-0.137441,0.183785
7.65,0.785398,-1.55212,0.417652,-0.785398,0.523599,-0.523599,0.652963,0.342061,0.65,0.405536,0,33,0.717523,-0.137996,0.182647
7.652,0.785398,-1.55162,0.417234,-0.785398,0.523599,-0.523599,0.652858,0.341314,0.65,0.404977,0,33,0.716883,-0.138551,0.181505
7.654,0.785398,-1.55113,0.416816,-0.785398,0.523599,-0.523599,0.652756,0.340567,0.65,0.40442,0,33,0.716245,-0.139106,0.180359
7.656,0.785398,-1.55063,0.416396,-0.785398,0.523599,-0.523599,0.652655,0.33982,0.65,0.403866,0,33,0.715609,-0.13966,0.17921
7.658,0.785398,-1.55013,0.415975,-0.785398,0.523599,-0.523599,0.652555,0.339073,0.65,0.403314,0,33,0.714973,-0.140214,0.178057
7.66,0.785398,-1.54963,0.415554,-0.785398,0.523599,-0.523599,0.652458,0.338325,0.65,0.402765,0,33,0.714339,-0.140767,0.1769
7.662,0.785398,-1.54912,0.415131,-0.785398,0.523599,-0.523599,0.652363,0.337577,0.65,0.402218,0,33,0.713706,-0.14132,0.17574
7.664,0.785398,-1.54862,0.414707,-0.785398,0.523599,-0.523599,0.652269,0.336829,0.65,0.401674,0,33,0.713074,-0.141873,0.174577
7.666,0.785398,-1.54811,0.414282,-0.785398,0.523599,-0.523599,0.652178,0.336081,0.65,0.401132,0,33,0.712443,-0.142425,0.17341
7.668,0.785398,-1.5476,0.413856,-0.785398,0.523599,-0.523599,0.652088,0.335332,0.65,0.400592,0,33,0.711813,-0.142976,0.17224
7.67,0.785398,-1.54709,0.413429,-0.785398,0.523599,-0.523599,0.652,0.334583,0.65,0.400055,0,33,0.711185,-0.143528,0.171066
7.672,0.785398,-1.54657,0.413001,-0.785398,0.523599,-0.523599,0.651914,0.333834,0.65,0.399521,0,33,0.710558,-0.144078,0.169888
7.674,0.785398,-1.54606,0.412572,-0.785398,0.523599,-0.523599,0.65183,0.333085,0.65,0.398989,0,33,0.709933,-0.144629,0.168708
7.676,0.785398,-1.54554,0.412142,-0.785398,0.523599,-0.523599,0.651748,0.332335,0.65,0.398459,0,33,0.709308,-0.145178,0.167523
7.678,0.785398,-1.54502,0.411711,-0.785398,0.523599,-0.523599,0.651667,0.331586,0.65,0.397932,0,33,0.708685,-0.145728,0.166335
7.68,0.785398,-1.5445,0.411278,-0.785398,0.523599,-0.523599,0.651589,0.330836,0.65,0.397408,0,33,0.708063,-0.146277,0.165144
7.682,0.785398,-1.54397,0.410845,-0.785398,0.523599,-0.523599,0.651512,0.330086,0.65,0.396886,0,33,0.707442,-0.146825,0.163949
7.684,0.785398,-1.54345,0.410411,-0.785398,0.523599,-0.523599,0.651438,0.329335,0.65,0.396367,0,33,0.706823,-0.147373,0.162751
7.686,0.785398,-1.54292,0.409975,-0.785398,0.523599,-0.523599,0.651365,0.328585,0.65,0.39585,0,33,0.706205,-0.14792,0.16155
7.688,0.785398,-1.54239,0.409539,-0.785398,0.523599,-0.523599,0.651294,0.327834,0.65,0.395336,0,33,0.705589,-0.148467,0.160345
7.69,0.785398,-1.54185,0.409102,-0.785398,0.523599,-0.523599,0.651225,0.327084,0.65,0.394825,0,33,0.704973,-0.149013,0.159136
7.692,0.785398,-1.54132,0.408663,-0.785398,0.523599,-0.523599,0.651158,0.326333,0.65,0.394316,0,33,0.704359,-0.149558,0.157924
7.694,0.785398,-1.54078,0.408224,-0.785398,0.523599,-0.523599,0.651093,0.325581,0.65,0.393809,0,33,0.703746,-0.150103,0.156709
7.696,0.785398,-1.54024,0.407783,-0.785398,0.523599,-0.523599,0.651029,0.32483,0.65,0.393306,0,33,0.703135,-0.150648,0.155491
7.698,0.785398,-1.5397,0.407342,-0.785398,0.523599,-0.523599,0.650968,0.324079,0.65,0.392805,0,33,0.702525,-0.151191,0.154269
7.7,0.785398,-1.53916,0.406899,-0.785398,0.523599,-0.523599,0.650908,0.323327,0.65,0.392306,0,33,0.701917,-0.151735,0.153043
7.702,0.785398,-1.53862,0.406456,-0.785398,0.523599,-0.523599,0.650851,0.322575,0.65,0.391811,0,33,0.701309,-0.152277,0.151815
7.704,0.785398,-1.53807,0.406011,-0.785398,0.523599,-0.523599,0.650795,0.321823,0.65,0.391318,0,33,0.700703,-0.152819,0.150583
7.706,0.785398,-1.53752,0.405566,-0.785398,0.523599,-0.523599,0.650741,0.321071,0.65,0.390827,0,33,0.700099,-0.15336,0.149348
7.708,0.785398,-1.53697,0.405119,-0.785398,0.523599,-0.523599,0.650689,0.320319,0.65,0.39034,0,33,0.699496,-0.153901,0.148109
7.71,0.785398,-1.53642,0.404672,-0.785398,0.523599,-0.523599,0.650639,0.319567,0.65,0.389855,0,33,0.698894,-0.154441,0.146867
7.712,0.785398,-1.53586,0.404223,-0.785398,0.523599,-0.523599,0.650591,0.318814,0.65,0.389373,0,33,0.698294,-0.15498,0.145622
7.714,0.785398,-1.53531,0.403774,-0.785398,0.523599,-0.523599,0.650544,0.318062,0.65,0.388893,0,33,0.697695,-0.155519,0.144373
7.716,0.785398,-1.53475,0.403323,-0.785398,0.523599,-0.523599,0.6505,0.317309,0.65,0.388416,0,33,0.697098,-0.156056,0.143122
7.718,0.785398,-1.53419,0.402872,-0.785398,0.523599,-0.523599,0.650457,0.316556,0.65,0.387942,0,33,0.696502,-0.156593,0.141867
7.72,0.785398,-1.53362,0.402419,-0.785398,0.523599,-0.523599,0.650417,0.315803,0.65,0.387471,0,33,0.695907,-0.15713,0.140608
7.722,0.785398,-1.53306,0.401966,-0.785398,0.523599,-0.523599,0.650378,0.31505,0.65,0.387003,0,33,0.695314,-0.157665,0.139347
7.724,0.785398,-1.53249,0.401511,-0.785398,0.523599,-0.523599,0.650341,0.314297,0.65,0.386537,0,33,0.694722,-0.1582,0.138082
7.726,0.785398,-1.53192,0.401056,-0.785398,0.523599,-0.523599,0.650306,0.313544,0.65,0.386074,0,33,0.694132,-0.158734,0.136814
7.728,0.785398,-1.53135,0.4006,-0.785398,0.523599,-0.523599,0.650273,0.312791,0.65,0.385614,0,33,0.693544,-0.159267,0.135543
7.73,0.785398,-1.53078,0.400143,-0.785398,0.523599,-0.523599,0.650242,0.312038,0.65,0.385157,0,33,0.692956,-0.159799,0.134269
7.732,0.785398,-1.5302,0.399684,-0.785398,0.523599,-0.523599,0.650212,0.311284,0.65,0.384702,0,33,0.692371,-0.160331,0.132991
7.734,0.785398,-1.52963,0.399225,-0.785398,0.523599,-0.523599,0.650185,0.310531,0.65,0.38425,0,33,0.691786,-0.160862,0.131711
7.736,0.785398,-1.52905,0.398765,-0.785398,0.523599,-0.523599,0.650159,0.309777,0.65,0.383802,0,33,0.691204,-0.161391,0.130427
7.738,0.785398,-1.52847,0.398304,-0.785398,0.523599,-0.523599,0.650136,0.309024,0.65,0.383356,0,33,0.690622,-0.16192,0.12914
7.74,0.785398,-1.52788,0.397842,-0.785398,0.523599,-0.523599,0.650114,0.30827,0.65,0.382913,0,33,0.690043,-0.162448,0.12785
7.742,0.785398,-1.5273,0.397379,-0.785398,0.523599,-0.523599,0.650094,0.307516,0.65,0.382472,0,33,0.689465,-0.162976,0.126557
7.744,0.785398,-1.52671,0.396915,-0.785398,0.523599,-0.523599,0.650076,0.306762,0.65,0.382035,0,33,0.688888,-0.163502,0.12526
7.746,0.785398,-1.52612,0.39645,-0.785398,0.523599,-0.523599,0.65006,0.306009,0.65,0.381601,0,33,0.688313,-0.164027,0.123961
7.748,0.785398,-1.52553,0.395984,-0.785398,0.523599,-0.523599,0.650046,0.305255,0.65,0.381169,0,33,0.687739,-0.164551,0.122659
7.75,0.785398,-1.52494,0.395517,-0.785398,0.523599,-0.523599,0.650034,0.304501,0.65,0.38074,0,33,0.687168,-0.165075,0.121353
7.752,0.785398,-1.52434,0.39505,-0.785398,0.523599,-0.523599,0.650023,0.303747,0.65,0.380315,0,33,0.686597,-0.165597,0.120045
7.754,0.785398,-1.52375,0.394581,-0.785398,0.523599,-0.523599,0.650015,0.302993,0.65,0.379892,0,33,0.686028,-0.166118,0.118733
7.756,0.785398,-1.52315,0.394111,-0.785398,0.523599,-0.523599,0.650008,0.302239,0.65,0.379472,0,33,0.685461,-0.166639,0.117419
7.758,0.785398,-1.52254,0.393641,-0.785398,0.523599,-0.523599,0.650004,0.301485,0.65,0.379055,0,33,0.684895,-0.167158,0.116101
7.76,0.785398,-1.52194,0.39317,-0.785398,0.523599,-0.523599,0.650001,0.300731,0.65,0.378641,0,33,0.684331,-0.167676,0.114781
7.762,0.785398,-1.52134,0.392697,-0.785398,0.523599,-0.523599,0.65,0.299977,0.65,0.37823,0,33,0.683769,-0.168194,0.113458
7.764,0.785398,-1.52073,0.392224,-0.785398,0.523599,-0.523599,0.650001,0.299223,0.65,0.377822,0,33,0.683208,-0.16871,0.112131
7.766,0.785398,-1.52012,0.39175,-0.785398,0.523599,-0.523599,0.650004,0.298469,0.65,0.377418,0,33,0.682649,-0.169225,0.110802
7.768,0.785398,-1.51951,0.391275,-0.785398,0.523599,-0.523599,0.650009,0.297715,0.65,0.376967,0,30,0.691363,-0.173568,0.147363
7.77,0.785398,-1.51889,0.390799,-0.785398,0.523599,-0.523599,0.650015,0.296961,0.65,0.376469,0,30,0.690723,-0.174071,0.14608
7.772,0.785398,-1.51828,0.390322,-0.785398,0.523599,-0.523599,0.650024,0.296207,0.65,0.375975,0,30,0.690085,-0.174572,0.144794
7.774,0.785398,-1.51766,0.389845,-0.785398,0.523599,-0.523599,0.650034,0.295453,0.65,0.375483,0,30,0.689449,-0.175071,0.143504
7.776,0.785398,-1.51704,0.389366,-0.785398,0.523599,-0.523599,0.650047,0.2947,0.65,0.374995,0,30,0.688815,-0.17557,0.142211
7.778,0.785398,-1.51642,0.388887,-0.785398,0.523599,-0.523599,0.650061,0.293946,0.65,0.37451,0,30,0.688182,-0.176067,0.140915
7.78,0.785398,-1.51579,0.388406,-0.785398,0.523599,-0.523599,0.650077,0.293192,0.65,0.374028,0,30,0.68755,-0.176564,0.139616
7.782,0.785398,-1.51517,0.387925,-0.785398,0.523599,-0.523599,0.650095,0.292438,0.65,0.373549,0,30,0.68692,-0.177058,0.138313
7.784,0.785398,-1.51454,0.387443,-0.785398,0.523599,-0.523599,0.650115,0.291684,0.65,0.373073,0,30,0.686292,-0.177552,0.137007
7.786,0.785398,-1.51391,0.38696,-0.785398,0.523599,-0.523599,0.650137,0.290931,0.65,0.3726,0,30,0.685666,-0.178044,0.135698
7.788,0.785398,-1.51328,0.386476,-0.785398,0.523599,-0.523599,0.650161,0.290177,0.65,0.372131,0,30,0.685041,-0.178535,0.134385
7.79,0.785398,-1.51265,0.385992,-0.785398,0.523599,-0.523599,0.650186,0.289424,0.65,0.371664,0,30,0.684417,-0.179025,0.133069
7.792,0.785398,-1.51201,0.385506,-0.785398,0.523599,-0.523599,0.650214,0.28867,0.65,0.371201,0,30,0.683796,-0.179513,0.13175
7.794,0.785398,-1.51137,0.38502,-0.785398,0.523599,-0.523599,0.650243,0.287917,0.65,0.370741,0,30,0.683176,-0.18,0.130428
7.796,0.785398,-1.51073,0.384533,-0.785398,0.523599,-0.523599,0.650275,0.287163,0.65,0.370284,0,30,0.682558,-0.180486,0.129102
7.798,0.785398,-1.51009,0.384045,-0.785398,0.523599,-0.523599,0.650308,0.28641,0.65,0.36983,0,30,0.681941,-0.18097,0.127773
7.8,0.785398,-1.50945,0.383556,-0.785398,0.523599,-0.523599,0.650343,0.285657,0.65,0.36938,0,30,0.681326,-0.181453,0.126441
7.802,0.785398,-1.5088,0.383066,-0.785398,0.523599,-0.523599,0.65038,0.284904,0.65,0.368933,0,30,0.680713,-0.181934,0.125106
7.804,0.785398,-1.50815,0.382575,-0.785398,0.523599,-0.523599,0.650419,0.284151,0.65,0.368489,0,30,0.680102,-0.182414,0.123768
7.806,0.785398,-1.5075,0.382084,-0.785398,0.523599,-0.523599,0.65046,0.283398,0.65,0.368048,0,30,0.679492,-0.182892,0.122427
7.808,0.785398,-1.50685,0.381592,-0.785398,0.523599,-0.523599,0.650502,0.282645,0.65,0.36761,0,30,0.678884,-0.183369,0.121082
7.81,0.785398,-1.5062,0.381099,-0.785398,0.523599,-0.523599,0.650547,0.281893,0.65,0.367176,0,30,0.678278,-0.183845,0.119734
7.812,0.785398,-1.50554,0.380605,-0.785398,0.523599,-0.523599,0.650593,0.28114,0.65,0.366745,0,30,0.677673,-0.184319,0.118384
7.814,0.785398,-1.50488,0.38011,-0.785398,0.523599,-0.523599,0.650642,0.280388,0.65,0.366317,0,30,0.67707,-0.184791,0.11703
7.816,0.785398,-1.50422,0.379615,-0.785398,0.523599,-0.523599,0.650692,0.279635,0.65,0.365893,0,30,0.676469,-0.185262,0.115673
7.818,0.785398,-1.50356,0.379119,-0.785398,0.523599,-0.523599,0.650744,0.278883,0.65,0.365472,0,30,0.67587,-0.185731,0.114313
7.82,0.785398,-1.5029,0.378622,-0.785398,0.523599,-0.523599,0.650798,0.278131,0.65,0.365054,0,30,0.675273,-0.186198,0.11295
7.822,0.785398,-1.50223,0.378124,-0.785398,0.523599,-0.523599,0.650854,0.277379,0.65,0.36464,0,30,0.674677,-0.186664,0.111584
7.824,0.785398,-1.50156,0.377625,-0.785398,0.523599,-0.523599,0.650912,0.276627,0.65,0.364229,0,30,0.674083,-0.187128,0.110216
7.826,0.785398,-1.50089,0.377126,-0.785398,0.523599,-0.523599,0.650972,0.275876,0.65,0.363821,0,30,0.673491,-0.187591,0.108844
7.828,0.785398,-1.50022,0.376625,-0.785398,0.523599,-0.523599,0.651033,0.275124,0.65,0.363417,0,30,0.672901,-0.188052,0.107469
7.83,0.785398,-1.49955,0.376124,-0.785398,0.523599,-0.523599,0.651097,0.274373,0.65,0.363016,0,30,0.672313,-0.188511,0.106091
7.832,0.785398,-1.49887,0.375623,-0.785398,0.523599,-0.523599,0.651162,0.273622,0.65,0.362618,0,30,0.671726,-0.188968,0.10471
7.834,0.785398,-1.49819,0.37512,-0.785398,0.523599,-0.523599,0.651229,0.272871,0.65,0.362224,0,30,0.671142,-0.189424,0.103327
7.836,0.785398,-1.49751,0.374617,-0.785398,0.523599,-0.523599,0.651298,0.27212,0.65,0.361833,0,30,0.670559,-0.189878,0.10194
7.838,0.785398,-1.49683,0.374113,-0.785398,0.523599,-0.523599,0.651369,0.271369,0.65,0.361446,0,30,0.669978,-0.19033,0.100551
7.84,0.785398,-1.49615,0.373608,-0.785398,0.523599,-0.523599,0.651442,0.270619,0.65,0.361062,0,30,0.669399,-0.19078,0.0991589
7.842,0.785398,-1.49546,0.373102,-0.785398,0.523599,-0.523599,0.651517,0.269869,0.65,0.360681,0,30,0.668822,-0.191229,0.0977639
7.844,0.785398,-1.49477,0.372596,-0.785398,0.523599,-0.523599,0.651594,0.269119,0.65,0.360304,0,30,0.668247,-0.191675,0.0963661
7.846,0.785398,-1.49408,0.372089,-0.785398,0.523599,-0.523599,0.651672,0.268369,0.65,0.359931,0,30,0.667674,-0.19212,0.0949655
7.848,0.785398,-1.49339,0.371581,-0.785398,0.523599,-0.523599,0.651753,0.267619,0.65,0.359561,0,30,0.667102,-0.192563,0.0935621
7.85,0.785398,-1.4927,0.371073,-0.785398,0.523599,-0.523599,0.651835,0.26687,0.65,0.359194,0,30,0.666533,-0.193004,0.092156
7.852,0.785398,-1.492,0.370563,-0.785398,0.523599,-0.523599,0.651919,0.26612,0.65,0.358831,0,30,0.665965,-0.193443,0.0907471
7.854,0.785398,-1.4913,0.370053,-0.785398,0.523599,-0.523599,0.652005,0.265371,0.65,0.358471,0,30,0.6654,-0.19388,0.0893355
7.856,0.785398,-1.4906,0.369543,-0.785398,0.523599,-0.523599,0.652093,0.264622,0.65,0.358115,0,30,0.664836,-0.194315,0.0879212
7.858,0.785398,-1.4899,0.369031,-0.785398,0.523599,-0.523599,0.652183,0.263874,0.65,0.357762,0,30,0.664274,-0.194748,0.0865043
7.86,0.785398,-1.4892,0.368519,-0.785398,0.523599,-0.523599,0.652275,0.263125,0.65,0.357413,0,30,0.663715,-0.195179,0.0850847
7.862,0.785398,-1.48849,0.368006,-0.785398,0.523599,-0.523599,0.652368,0.262377,0.65,0.357068,0,30,0.663157,-0.195608,0.0836625
7.864,0.785398,-1.48779,0.367493,-0.785398,0.523599,-0.523599,0.652464,0.261629,0.65,0.356726,0,30,0.662601,-0.196035,0.0822376
7.866,0.785398,-1.48708,0.366978,-0.785398,0.523599,-0.523599,0.652561,0.260882,0.65,0.356387,0,30,0.662047,-0.19646,0.0808102
7.868,0.785398,-1.48636,0.366464,-0.785398,0.523599,-0.523599,0.652661,0.260134,0.65,0.356052,0,30,0.661496,-0.196882,0.0793802
7.87,0.785398,-1.48565,0.365948,-0.785398,0.523599,-0.523599,0.652762,0.259387,0.65,0.355721,0,30,0.660946,-0.197303,0.0779477
7.872,0.785398,-1.48494,0.365432,-0.785398,0.523599,-0.523599,0.652865,0.25864,0.65,0.355393,0,30,0.660398,-0.197721,0.0765126
7.874,0.785398,-1.48422,0.364915,-0.785398,0.523599,-0.523599,0.65297,0.257894,0.65,0.355069,0,30,0.659853,-0.198138,0.0750751
7.876,0.785398,-1.4835,0.364397,-0.785398,0.523599,-0.523599,0.653076,0.257147,0.65,0.354749,0,30,0.659309,-0.198552,0.073635
7.878,0.785398,-1.48278,0.363879,-0.785398,0.523599,-0.523599,0.653185,0.256401,0.65,0.354432,0,30,0.658768,-0.198964,0.0721925
7.88,0.785398,-1.48205,0.36336,-0.785398,0.523599,-0.523599,0.653296,0.255655,0.65,0.354118,0,30,0.658228,-0.199373,0.0707476
7.882,0.785398,-1.48133,0.36284,-0.785398,0.523599,-0.523599,0.653408,0.25491,0.65,0.353808,0,30,0.657691,-0.199781,0.0693002
7.884,0.785398,-1.4806,0.36232,-0.785398,0.523599,-0.523599,0.653522,0.254164,0.65,0.353502,0,30,0.657156,-0.200186,0.0678505
7.886,0.785398,-1.47987,0.361799,-0.785398,0.523599,-0.523599,0.653638,0.253419,0.65,0.3532,0,30,0.656623,-0.200588,0.0663984
7.888,0.785398,-1.47914,0.361277,-0.785398,0.523599,-0.523599,0.653756,0.252675,0.65,0.352901,0,30,0.656091,-0.200989,0.0649439
7.89,0.785398,-1.47841,0.360755,-0.785398,0.523599,-0.523599,0.653876,0.25193,0.65,0.352606,0,30,0.655563,-0.201387,0.0634871
7.892,0.785398,-1.47768,0.360232,-0.785398,0.523599,-0.523599,0.653998,0.251186,0.65,0.352314,0,30,0.655036,-0.201783,0.0620281
7.894,0.785398,-1.47694,0.359708,-0.785398,0.523599,-0.523599,0.654122,0.250442,0.65,0.352026,0,30,0.654511,-0.202176,0.0605667
7.896,0.785398,-1.4762,0.359184,-0.785398,0.523599,-0.523599,0.654247,0.249699,0.65,0.351742,0,30,0.653988,-0.202567,0.0591032
7.898,0.785398,-1.47546,0.358659,-0.785398,0.523599,-0.523599,0.654374,0.248956,0.65,0.351462,0,30,0.653468,-0.202955,0.0576373
7.9,0.785398,-1.47472,0.358134,-0.785398,0.523599,-0.523599,0.654504,0.248213,0.65,0.351185,0,30,0.65295,-0.203341,0.0561693
7.902,0.785398,-1.47397,0.357608,-0.785398,0.523599,-0.523599,0.654635,0.247471,0.65,0.350912,0,30,0.652434,-0.203725,0.0546992
7.904,0.785398,-1.47323,0.357081,-0.785398,0.523599,-0.523599,0.654768,0.246728,0.65,0.350642,0,30,0.65192,-0.204106,0.0532268
7.906,0.785398,-1.47248,0.356554,-0.785398,0.523599,-0.523599,0.654902,0.245987,0.65,0.350377,0,30,0.651408,-0.204485,0.0517524
7.908,0.785398,-1.47173,0.356026,-0.785398,0.523599,-0.523599,0.655039,0.245245,0.65,0.350115,0,30,0.650899,-0.20486,0.0502759
7.91,0.785398,-1.47098,0.355498,-0.785398,0.523599,-0.523599,0.655178,0.244504,0.65,0.349856,0,30,0.650391,-0.205234,0.0487972
7.912,0.785398,-1.47022,0.354969,-0.785398,0.523599,-0.523599,0.655318,0.243763,0.65,0.349602,0,30,0.649886,-0.205605,0.0473166
7.914,0.785398,-1.46947,0.35444,-0.785398,0.523599,-0.523599,0.65546,0.243023,0.65,0.349351,0,30,0.649383,-0.205973,0.0458339
7.916,0.785398,-1.46871,0.353909,-0.785398,0.523599,-0.523599,0.655605,0.242283,0.65,0.349104,0,30,0.648883,-0.206338,0.0443492
7.918,0.785398,-1.46795,0.353379,-0.785398,0.523599,-0.523599,0.655751,0.241543,0.65,0.348861,0,30,0.648384,-0.206701,0.0428626
7.92,0.785398,-1.46719,0.352847,-0.785398,0.523599,-0.523599,0.655898,0.240804,0.65,0.348621,0,30,0.647888,-0.207061,0.041374
7.922,0.785398,-1.46643,0.352316,-0.785398,0.523599,-0.523599,0.656048,0.240065,0.65,0.348385,0,30,0.647394,-0.207419,0.0398835
7.924,0.785398,-1.46566,0.351783,-0.785398,0.523599,-0.523599,0.6562,0.239326,0.65,0.348153,0,30,0.646903,-0.207773,0.0383912
7.926,0.785398,-1.46489,0.35125,-0.785398,0.523599,-0.523599,0.656353,0.238588,0.65,0.347925,0,30,0.646413,-0.208125,0.0368969
7.928,0.785398,-1.46413,0.350717,-0.785398,0.523599,-0.523599,0.656508,0.23785,0.65,0.347701,0,30,0.645926,-0.208475,0.0354009
7.93,0.785398,-1.46336,0.350183,-0.785398,0.523599,-0.523599,0.656665,0.237113,0.65,0.34748,0,30,0.645442,-0.208821,0.033903
7.932,0.785398,-1.46258,0.349648,-0.785398,0.523599,-0.523599,0.656824,0.236376,0.65,0.347263,0,30,0.644959,-0.209165,0.0324034
7.934,0.785398,-1.46181,0.349113,-0.785398,0.523599,-0.523599,0.656985,0.235639,0.65,0.34705,0,30,0.644479,-0.209505,0.030902
7.936,0.785398,-1.46103,0.348578,-0.785398,0.523599,-0.523599,0.657148,0.234903,0.65,0.34684,0,30,0.644001,-0.209843,0.0293989
7.938,0.785398,-1.46026,0.348042,-0.785398,0.523599,-0.523599,0.657312,0.234167,0.65,0.346635,0,30,0.643526,-0.210178,0.0278941
7.94,0.785398,-1.45948,0.347505,-0.785398,0.523599,-0.523599,0.657479,0.233431,0.65,0.346433,0,30,0.643053,-0.21051,0.0263876
7.942,0.785398,-1.45869,0.346968,-0.785398,0.523599,-0.523599,0.657647,0.232696,0.65,0.346235,0,30,0.642582,-0.210839,0.0248796
7.944,0.785398,-1.45791,0.34643,-0.785398,0.523599,-0.523599,0.657817,0.231962,0.65,0.346041,0,30,0.642114,-0.211166,0.0233699
7.946,0.785398,-1.45713,0.345892,-0.785398,0.523599,-0.523599,0.657989,0.231228,0.65,0.345851,0,30,0.641648,-0.211489,0.0218586
7.948,0.785398,-1.45634,0.345354,-0.785398,0.523599,-0.523599,0.658163,0.230494,0.65,0.345664,0,30,0.641184,-0.211809,0.0203458
7.95,0.785398,-1.45555,0.344815,-0.785398,0.523599,-0.523599,0.658338,0.229761,0.65,0.345482,0,30,0.640723,-0.212126,0.0188315
7.952,0.785398,-1.45476,0.344275,-0.785398,0.523599,-0.523599,0.658516,0.229028,0.65,0.345303,0,30,0.640264,-0.21244,0.0173157
7.954,0.785398,-1.45397,0.343735,-0.785398,0.523599,-0.523599,0.658695,0.228296,0.65,0.345128,0,30,0.639807,-0.212751,0.0157985
7.956,0.785398,-1.45317,0.343194,-0.785398,0.523599,-0.523599,0.658876,0.227564,0.65,0.344957,0,30,0.639353,-0.213059,0.0142798
7.958,0.785398,-1.45238,0.342653,-0.785398,0.523599,-0.523599,0.659059,0.226832,0.65,0.344789,0,30,0.638902,-0.213364,0.0127598
7.96,0.785398,-1.45158,0.342112,-0.785398,0.523599,-0.523599,0.659244,0.226101,0.65,0.344626,0,30,0.638453,-0.213666,0.0112384
7.962,0.785398,-1.45078,0.34157,-0.785398,0.523599,-0.523599,0.659431,0.225371,0.65,0.344466,0,30,0.638006,-0.213965,0.00971563
7.964,0.785398,-1.44998,0.341028,-0.785398,0.523599,-0.523599,0.659619,0.224641,0.65,0.344311,0,30,0.637562,-0.21426,0.00819159
7.966,0.785398,-1.44918,0.340485,-0.785398,0.523599,-0.523599,0.65981,0.223911,0.65,0.344159,0,30,0.63712,-0.214552,0.00666628
7.968,0.785398,-1.44837,0.339942,-0.785398,0.523599,-0.523599,0.660002,0.223182,0.65,0.344011,0,30,0.636681,-0.214841,0.00513974
7.97,0.785398,-1.44756,0.339398,-0.785398,0.523599,-0.523599,0.660196,0.222454,0.65,0.343866,0,30,0.636244,-0.215127,0.00361199
7.972,0.785398,-1.44676,0.338854,-0.785398,0.523599,-0.523599,0.660391,0.221725,0.65,0.343726,0,30,0.635809,-0.215409,0.00208307
7.974,0.785416,-1.44595,0.33831,-0.785398,0.523599,-0.523599,0.660589,0.220998,0.65,0.343589,0,30,0.635378,-0.215689,0.000553018
7.976,0.785455,-1.44514,0.337766,-0.785398,0.523599,-0.523599,0.660789,0.220271,0.65,0.369845,0,29,0.649403,-0.157556,0.0045043
7.978,0.7855,-1.44433,0.337223,-0.785398,0.523599,-0.523599,0.66099,0.219544,0.65,0.369902,0,29,0.649082,-0.15727,0.00301945
7.98,0.785554,-1.44352,0.33668,-0.785398,0.523599,-0.523599,0.661193,0.218818,0.65,0.369941,0,29,0.648765,-0.157085,0.00153387
7.982,0.785625,-1.44271,0.336137,-0.785398,0.523599,-0.523599,0.661398,0.218092,0.65,0.370031,0,29,0.648452,-0.156674,4.74752e-05
7.984,0.785706,-1.4419,0.335594,-0.785398,0.523599,-0.523599,0.661605,0.217367,0.65,0.380234,3,30,0.630234,-0.000563687,-0.014566
7.986,0.78579,-1.44109,0.335052,-0.785398,0.523599,-0.523599,0.661813,0.216643,0.65,0.379788,3,30,0.629788,-0.000590389,-0.0161359
7.988,0.785873,-1.44028,0.33451,-0.785398,0.523599,-0.523599,0.662024,0.215919,0.65,0.379423,3,30,0.629423,-0.000592022,-0.0176818
7.99,0.785956,-1.43947,0.333968,-0.785398,0.523599,-0.523599,0.662236,0.215195,0.65,0.37907,3,30,0.62907,-0.000591062,-0.0192257
7.992,0.786039,-1.43866,0.333427,-0.785398,0.523599,-0.523599,0.66245,0.214472,0.65,0.37872,3,30,0.62872,-0.000589843,-0.0207697
7.994,0.78612,-1.43785,0.332886,-0.785398,0.523599,-0.523599,0.662666,0.21375,0.65,0.378374,3,30,0.628374,-0.000588592,-0.0223138
7.996,0.786201,-1.43704,0.332345,-0.785398,0.523599,-0.523599,0.662884,0.213028,0.65,0.378032,3,30,0.628032,-0.00058733,-0.0238582
7.998,0.786281,-1.43623,0.331804,-0.785398,0.523599,-0.523599,0.663103,0.212307,0.65,0.377693,3,30,0.627693,-0.000586059,-0.0254026
8,0.786361,-1.43542,0.331264,-0.785398,0.523599,-0.523599,0.663324,0.211586,0.65,0.377358,3,30,0.627358,-0.000584715,-0.0269471
8.002,0.78644,-1.43461,0.330724,-0.785398,0.523599,-0.523599,0.663547,0.210866,0.65,0.377027,3,30,0.627027,-0.000583344,-0.0284915
8.004,0.786518,-1.4338,0.330185,-0.785398,0.523599,-0.523599,0.663772,0.210146,0.65,0.376699,3,30,0.626699,-0.000581958,-0.030036
8.006,0.786595,-1.433,0.329646,-0.785398,0.523599,-0.523599,0.663999,0.209427,0.65,0.376375,3,30,0.626375,-0.000580561,-0.0315804
8.008,0.786672,-1.43219,0.329107,-0.785398,0.523599,-0.523599,0.664228,0.208708,0.65,0.376055,3,30,0.626055,-0.000579154,-0.0331248
8.01,0.786748,-1.43138,0.328569,-0.785398,0.523599,-0.523599,0.664458,0.20799,0.65,0.375738,3,30,0.625738,-0.000577735,-0.034669
8.012,0.786824,-1.43057,0.32803,-0.785398,0.523599,-0.523599,0.66469,0.207273,0.65,0.375424,3,30,0.625424,-0.000576307,-0.0362132
8.014,0.786899,-1.42976,0.327493,-0.785398,0.523599,-0.523599,0.664924,0.206556,0.65,0.375114,3,30,0.625114,-0.000574867,-0.0377571
8.016,0.786973,-1.42895,0.326955,-0.785398,0.523599,-0.523599,0.66516,0.20584,0.65,0.374808,3,30,0.624808,-0.000573416,-0.0393008
8.018,0.787047,-1.42814,0.326418,-0.785398,0.523599,-0.523599,0.665397,0.205125,0.65,0.374505,3,30,0.624505,-0.000571955,-0.0408443
8.02,0.787121,-1.42733,0.325881,-0.785398,0.523599,-0.523599,0.665637,0.20441,0.65,0.374206,3,30,0.624206,-0.000570483,-0.0423875
8.022,0.787194,-1.42652,0.325345,-0.785398,0.523599,-0.523599,0.665878,0.203695,0.65,0.37391,3,30,0.62391,-0.000568999,-0.0439304
8.024,0.787266,-1.42571,0.324809,-0.785398,0.523599,-0.523599,0.666121,0.202981,0.65,0.373618,3,30,0.623618,-0.000567505,-0.0454729
8.026,0.787338,-1.4249,0.324273,-0.785398,0.523599,-0.523599,0.666366,0.202268,0.65,0.37333,3,30,0.62333,-0.000565999,-0.0470149
8.028,0.787409,-1.42409,0.323737,-0.785398,0.523599,-0.523599,0.666612,0.201556,0.65,0.373045,3,30,0.623045,-0.000564482,-0.0485566
8.03,0.78748,-1.42328,0.323202,-0.785398,0.523599,-0.523599,0.66686,0.200844,0.65,0.372764,3,30,0.622764,-0.000562954,-0.0500978
8.032,0.78755,-1.42247,0.322668,-0.785398,0.523599,-0.523599,0.66711,0.200133,0.65,0.372486,3,30,0.622486,-0.000561414,-0.0516384
8.034,0.78762,-1.42166,0.322133,-0.785398,0.523599,-0.523599,0.667362,0.199422,0.65,0.372212,3,30,0.622212,-0.000559863,-0.0531785
8.036,0.787689,-1.42085,0.321599,-0.785398,0.523599,-0.523599,0.667616,0.198712,0.65,0.371941,3,30,0.621941,-0.000558301,-0.054718
8.038,0.787758,-1.42004,0.321065,-0.785398,0.523599,-0.523599,0.667871,0.198002,0.65,0.371674,3,30,0.621674,-0.000556726,-0.0562568
8.04,0.787827,-1.41923,0.320532,-0.785398,0.523599,-0.523599,0.668129,0.197294,0.65,0.371411,3,30,0.621411,-0.00055514,-0.057795
8.042,0.787895,-1.41842,0.319999,-0.785398,0.523599,-0.523599,0.668388,0.196586,0.65,0.371151,3,30,0.621151,-0.000553542,-0.0593325
8.044,0.787962,-1.41761,0.319466,-0.785398,0.523599,-0.523599,0.668649,0.195878,0.65,0.370894,3,30,0.620894,-0.000551932,-0.0608693
8.046,0.788029,-1.4168,0.318933,-0.785398,0.523599,-0.523599,0.668911,0.195171,0.65,0.370642,3,30,0.620642,-0.00055031,-0.0624052
8.048,0.788096,-1.41599,0.318401,-0.785398,0.523599,-0.523599,0.669175,0.194465,0.65,0.370392,3,30,0.620392,-0.000548676,-0.0639403
8.05,0.788163,-1.41519,0.31787,-0.785398,0.523599,-0.523599,0.669442,0.19376,0.65,0.370147,3,30,0.620147,-0.00054703,-0.0654746
8.052,0.788229,-1.41438,0.317338,-0.785398,0.523599,-0.523599,0.669709,0.193055,0.65,0.369905,3,30,0.619905,-0.000545371,-0.0670079
8.054,0.788294,-1.41357,0.316807,-0.785398,0.523599,-0.523599,0.669979,0.192351,0.65,0.369666,3,30,0.619666,-0.0005437,-0.0685404
8.056,0.78836,-1.41276,0.316276,-0.785398,0.523599,-0.523599,0.670251,0.191648,0.65,0.369432,3,30,0.619432,-0.000542017,-0.0700718
8.058,0.788425,-1.41195,0.315746,-0.785398,0.523599,-0.523599,0.670524,0.190945,0.65,0.3692,3,30,0.6192,-0.000540321,-0.0716023
8.06,0.788489,-1.41114,0.315216,-0.785398,0.523599,-0.523599,0.670799,0.190243,0.65,0.368973,3,30,0.618973,-0.000538612,-0.0731316
8.062,0.788554,-1.41033,0.314686,-0.785398,0.523599,-0.523599,0.671075,0.189541,0.65,0.368749,3,30,0.618749,-0.000536891,-0.0746599
8.064,0.788617,-1.40952,0.314157,-0.785398,0.523599,-0.523599,0.671354,0.188841,0.65,0.368528,3,30,0.618528,-0.000535156,-0.0761871
8.066,0.788681,-1.40871,0.313628,-0.785398,0.523599,-0.523599,0.671634,0.188141,0.65,0.368311,3,30,0.618311,-0.000533409,-0.0777131
8.068,0.788744,-1.4079,0.313099,-0.785398,0.523599,-0.523599,0.671916,0.187441,0.65,0.368098,3,30,0.618098,-0.000531648,-0.0792379
8.07,0.788807,-1.40709,0.31257,-0.785398,0.523599,-0.523599,0.6722,0.186743,0.65,0.367888,3,30,0.617888,-0.000529874,-0.0807614
8.072,0.78887,-1.40628,0.312042,-0.785398,0.523599,-0.523599,0.672486,0.186045,0.65,0.367682,3,30,0.617682,-0.000528087,-0.0822837
8.074,0.788932,-1.40547,0.311515,-0.785398,0.523599,-0.523599,0.672773,0.185348,0.65,0.367479,3,30,0.617479,-0.000526287,-0.0838046
8.076,0.788994,-1.40466,0.310987,-0.785398,0.523599,-0.523599,0.673062,0.184652,0.65,0.36728,3,30,0.61728,-0.000524472,-0.0853242
8.078,0.789056,-1.40386,0.31046,-0.785398,0.523599,-0.523599,0.673353,0.183956,0.65,0.367084,3,30,0.617084,-0.000522645,-0.0868424
8.08,0.789117,-1.40305,0.309934,-0.785398,0.523599,-0.523599,0.673645,0.183261,0.65,0.366892,3,30,0.616892,-0.000520803,-0.0883592
8.082,0.789178,-1.40224,0.309407,-0.785398,0.523599,-0.523599,0.673939,0.182567,0.65,0.366704,3,30,0.616704,-0.000518947,-0.0898745
8.084,0.789239,-1.40143,0.308881,-0.785398,0.523599,-0.523599,0.674235,0.181873,0.65,0.366519,3,30,0.616519,-0.000517077,-0.0913883
8.086,0.7893,-1.40062,0.308355,-0.785398,0.523599,-0.523599,0.674533,0.181181,0.65,0.366338,3,30,0.616338,-0.000515195,-0.0929008
8.088,0.78936,-1.39981,0.30783,-0.785398,0.523599,-0.523599,0.674833,0.180489,0.65,0.36616,3,30,0.61616,-0.0005133,-0.0944113
8.09,0.78942,-1.399,0.307305,-0.785398,0.523599,-0.523599,0.675134,0.179798,0.65,0.365986,3,30,0.615986,-0.000511385,-0.0959202
8.092,0.78948,-1.39819,0.30678,-0.785398,0.523599,-0.523599,0.675437,0.179107,0.65,0.365815,3,30,0.615815,-0.000509455,-0.0974274
8.094,0.789539,-1.39738,0.306256,-0.785398,0.523599,-0.523599,0.675742,0.178417,0.65,0.365648,3,30,0.615648,-0.00050751,-0.098933
8.096,0.789599,-1.39657,0.305732,-0.785398,0.523599,-0.523599,0.676048,0.177729,0.65,0.365485,3,30,0.615485,-0.000505549,-0.100437
8.098,0.789658,-1.39576,0.305208,-0.785398,0.523599,-0.523599,0.676356,0.17704,0.65,0.365325,3,30,0.615325,-0.000503574,-0.101939
8.1,0.789717,-1.39495,0.304685,-0.785398,0.523599,-0.523599,0.676666,0.176353,0.65,0.365168,3,30,0.615168,-0.000501583,-0.103439
8.102,0.789775,-1.39415,0.304162,-0.785398,0.523599,-0.523599,0.676978,0.175667,0.65,0.365015,3,30,0.615015,-0.000499577,-0.104937
8.104,0.789834,-1.39334,0.303639,-0.785398,0.523599,-0.523599,0.677291,0.174981,0.65,0.364866,3,30,0.614866,-0.000497555,-0.106434
8.106,0.789892,-1.39253,0.303117,-0.785398,0.523599,-0.523599,0.677606,0.174296,0.65,0.36472,3,30,0.61472,-0.000495518,-0.107929
8.108,0.78995,-1.39172,0.302595,-0.785398,0.523599,-0.523599,0.677923,0.173612,0.65,0.364578,3,30,0.614578,-0.000493464,-0.109421
8.11,0.790008,-1.39091,0.302073,-0.785398,0.523599,-0.523599,0.678241,0.172928,0.65,0.36444,3,30,0.61444,-0.000491395,-0.110912
8.112,0.790065,-1.3901,0.301552,-0.785398,0.523599,-0.523599,0.678562,0.172246,0.65,0.364305,3,30,0.614305,-0.000489309,-0.1124
8.114,0.790123,-1.38929,0.301031,-0.785398,0.523599,-0.523599,0.678884,0.171564,0.65,0.364173,3,30,0.614173,-0.000487207,-0.113887
8.116,0.79018,-1.38848,0.30051,-0.785398,0.523599,-0.523599,0.679207,0.170883,0.65,0.364045,3,30,0.614045,-0.000485088,-0.115371
8.118,0.790237,-1.38767,0.29999,-0.785398,0.523599,-0.523599,0.679533,0.170203,0.65,0.36392,3,30,0.61392,-0.000482952,-0.116854
8.12,0.790294,-1.38687,0.29947,-0.785398,0.523599,-0.523599,0.67986,0.169523,0.65,0.363799,3,30,0.613799,-0.0004808,-0.118334
8.122,0.79035,-1.38606,0.29895,-0.785398,0.523599,-0.523599,0.680188,0.168845,0.65,0.363682,3,30,0.613682,-0.00047863,-0.119812
8.124,0.790407,-1.38525,0.298431,-0.785398,0.523599,-0.523599,0.680519,0.168167,0.65,0.363555,2,30,0.612647,-0.123641,-0.117534
8.126,0.790463,-1.38444,0.297912,-0.785398,0.523599,-0.523599,0.680851,0.16749,0.65,0.363113,2,30,0.612508,-0.12307,-0.119017
8.128,0.790519,-1.38363,0.297394,-0.785398,0.523599,-0.523599,0.681185,0.166814,0.65,0.362672,2,30,0.612373,-0.122497,-0.120498
8.13,0.790549,-1.38282,0.296875,-0.785398,0.523599,-0.523599,0.681521,0.166139,0.65,0.362241,2,30,0.612241,-0.121919,-0.121977
8.132,0.790549,-1.38201,0.296357,-0.785398,0.523599,-0.523599,0.681858,0.165465,0.65,0.362572,2,30,0.612572,-0.00267467,-0.123253
8.134,0.790544,-1.3812,0.29584,-0.785398,0.523599,-0.523599,0.682197,0.164791,0.65,0.362437,2,30,0.612437,-0.00267657,-0.124726
8.136,0.790538,-1.38039,0.295322,-0.785398,0.523599,-0.523599,0.682537,0.164118,0.65,0.362309,2,30,0.612309,-0.00267291,-0.126196
8.138,0.790533,-1.37959,0.294805,-0.785398,0.523599,-0.523599,0.68288,0.163447,0.65,0.362184,2,30,0.612184,-0.00266808,-0.127663
8.14,0.790529,-1.37878,0.294289,-0.785398,0.523599,-0.523599,0.683224,0.162776,0.65,0.362063,2,30,0.612063,-0.002663,-0.129128
8.142,0.790525,-1.37797,0.293772,-0.785398,0.523599,-0.523599,0.68357,0.162106,0.65,0.361945,2,30,0.611945,-0.00265785,-0.13059
8.144,0.790522,-1.37716,0.293256,-0.785398,0.523599,-0.523599,0.683917,0.161437,0.65,0.361831,2,30,0.611831,-0.00265268,-0.132051
8.146,0.79052,-1.37635,0.29274,-0.785398,0.523599,-0.523599,0.684266,0.160768,0.65,0.36172,2,30,0.61172,-0.00264749,-0.133508
8.148,0.790518,-1.37554,0.292225,-0.785398,0.523599,-0.523599,0.684617,0.160101,0.65,0.361612,2,30,0.611612,-0.00264228,-0.134964
8.15,0.790517,-1.37473,0.29171,-0.785398,0.523599,-0.523599,0.684969,0.159434,0.65,0.361508,2,30,0.611508,-0.00263705,-0.136416
8.152,0.790517,-1.37392,0.291195,-0.785398,0.523599,-0.523599,0.685323,0.158769,0.65,0.361408,2,30,0.611408,-0.0026318,-0.137867
8.154,0.790517,-1.37311,0.290681,-0.785398,0.523599,-0.523599,0.685679,0.158104,0.65,0.36131,2,30,0.61131,-0.00262653,-0.139315
8.156,0.790518,-1.3723,0.290166,-0.785398,0.523599,-0.523599,0.686037,0.15744,0.65,0.361217,2,30,0.611217,-0.00262124,-0.14076
8.158,0.790519,-1.37149,0.289653,-0.785398,0.523599,-0.523599,0.686396,0.156777,0.65,0.361126,2,30,0.611126,-0.00261594,-0.142202
8.16,0.790521,-1.37068,0.289139,-0.785398,0.523599,-0.523599,0.686757,0.156115,0.65,0.361039,2,30,0.611039,-0.00261061,-0.143642
8.162,0.790524,-1.36987,0.288626,-0.785398,0.523599,-0.523599,0.687119,0.155454,0.65,0.360956,2,30,0.610956,-0.00260527,-0.145079
8.164,0.790527,-1.36906,0.288113,-0.785398,0.523599,-0.523599,0.687483,0.154794,0.65,0.360876,2,30,0.610876,-0.00259991,-0.146514
8.166,0.790531,-1.36825,0.2876,-0.785398,0.523599,-0.523599,0.687849,0.154134,0.65,0.360799,2,30,0.610799,-0.00259453,-0.147946
8.168,0.790535,-1.36744,0.287088,-0.785398,0.523599,-0.523599,0.688216,0.153476,0.65,0.360725,2,30,0.610725,-0.00258913,-0.149374
8.17,0.79054,-1.36663,0.286576,-0.785398,0.523599,-0.523599,0.688585,0.152818,0.65,0.360655,2,30,0.610655,-0.00258371,-0.150801
8.172,0.790545,-1.36582,0.286065,-0.785398,0.523599,-0.523599,0.688956,0.152162,0.65,0.360588,2,30,0.610588,-0.00257852,-0.152224
8.174,0.790551,-1.36501,0.285553,-0.785398,0.523599,-0.523599,0.689329,0.151506,0.65,0.360525,2,30,0.610525,-0.00257332,-0.153644
8.176,0.790558,-1.3642,0.285042,-0.785398,0.523599,-0.523599,0.689703,0.150852,0.65,0.360465,2,30,0.610465,-0.00256811,-0.155062
8.178,0.790565,-1.36339,0.284531,-0.785398,0.523599,-0.523599,0.690078,0.150198,0.65,0.360408,2,30,0.610408,-0.00256288,-0.156477
8.18,0.790572,-1.36258,0.284021,-0.785398,0.523599,-0.523599,0.690456,0.149545,0.65,0.360354,2,30,0.610354,-0.00255763,-0.157888
8.182,0.79058,-1.36177,0.283511,-0.785398,0.523599,-0.523599,0.690834,0.148893,0.65,0.360304,2,30,0.610304,-0.00255236,-0.159297
8.184,0.790588,-1.36096,0.283001,-0.785398,0.523599,-0.523599,0.691215,0.148242,0.65,0.360257,2,30,0.610257,-0.00254707,-0.160702
8.186,0.790597,-1.36014,0.282491,-0.785398,0.523599,-0.523599,0.691597,0.147592,0.65,0.360214,2,30,0.610214,-0.00254177,-0.162105
8.188,0.790607,-1.35933,0.281982,-0.785398,0.523599,-0.523599,0.691981,0.146944,0.65,0.360173,2,30,0.610173,-0.00253644,-0.163504
8.19,0.790617,-1.35852,0.281473,-0.785398,0.523599,-0.523599,0.692367,0.146296,0.65,0.359899,1,30,0.609496,-0.165788,-0.163097
8.192,0.790627,-1.35771,0.280964,-0.785398,0.523599,-0.523599,0.692754,0.145649,0.65,0.359591,1,30,0.60945,-0.165437,-0.164496
8.194,0.790594,-1.35678,0.280424,-0.785398,0.523599,-0.523599,0.693143,0.145002,0.65,0.359407,1,30,0.609407,-0.165085,-0.165893
8.196,0.790508,-1.35573,0.279851,-0.785398,0.523599,-0.523599,0.693533,0.144357,0.65,0.359494,1,30,0.609494,-0.0143353,-0.167225
8.198,0.790414,-1.35468,0.279277,-0.785398,0.523599,-0.523599,0.693925,0.143713,0.65,0.359335,1,30,0.609335,-0.0144172,-0.168661
8.2,0.79032,-1.35362,0.278702,-0.785398,0.523599,-0.523599,0.694318,0.14307,0.65,0.359178,1,30,0.609178,-0.0144625,-0.170096
8.202,0.790227,-1.35256,0.278126,-0.785398,0.523599,-0.523599,0.694714,0.142428,0.65,0.359023,1,30,0.609023,-0.0145007,-0.171528
8.204,0.790137,-1.3515,0.277549,-0.785398,0.523599,-0.523599,0.695111,0.141787,0.65,0.35887,1,30,0.60887,-0.0145375,-0.172957
8.206,0.790047,-1.35042,0.276972,-0.785398,0.523599,-0.523599,0.695509,0.141147,0.65,0.358718,1,30,0.608718,-0.0145741,-0.174385
8.208,0.78996,-1.34935,0.276393,-0.785398,0.523599,-0.523599,0.695909,0.140508,0.65,0.358568,1,30,0.608568,-0.0146106,-0.17581
8.21,0.789874,-1.34827,0.275814,-0.785398,0.523599,-0.523599,0.696311,0.13987,0.65,0.358419,1,30,0.608419,-0.0146472,-0.177233
8.212,0.78979,-1.34719,0.275235,-0.785398,0.523599,-0.523599,0.696714,0.139233,0.65,0.358273,1,30,0.608273,-0.0146598,-0.178653
8.214,0.789707,-1.34611,0.274656,-0.785398,0.523599,-0.523599,0.697119,0.138597,0.65,0.358132,1,30,0.608132,-0.014637,-0.180069
8.216,0.789626,-1.34503,0.274077,-0.785398,0.523599,-0.523599,0.697525,0.137962,0.65,0.357994,1,30,0.607994,-0.0146142,-0.181481
8.218,0.789547,-1.34395,0.273499,-0.785398,0.523599,-0.523599,0.697933,0.137327,0.65,0.35786,1,30,0.60786,-0.0145913,-0.18289
8.22,0.789469,-1.34287,0.272921,-0.785398,0.523599,-0.523599,0.698343,0.136694,0.65,0.357729,1,30,0.607729,-0.0145684,-0.184296
8.222,0.789392,-1.34179,0.272343,-0.785398,0.523599,-0.523599,0.698754,0.136063,0.65,0.357602,1,30,0.607602,-0.0145455,-0.185698
8.224,0.789317,-1.3407,0.271766,-0.785398,0.523599,-0.523599,0.699167,0.135432,0.65,0.357478,1,30,0.607478,-0.0145225,-0.187096
8.226,0.789244,-1.33962,0.271189,-0.785398,0.523599,-0.523599,0.699581,0.134802,0.65,0.357358,1,30,0.607358,-0.0144995,-0.188491
8.228,0.789171,-1.33854,0.270612,-0.785398,0.523599,-0.523599,0.699997,0.134173,0.65,0.357242,1,30,0.607242,-0.0144765,-0.189882
8.23,0.7891,-1.33746,0.270035,-0.785398,0.523599,-0.523599,0.700415,0.133545,0.65,0.357129,1,30,0.607129,-0.0144535,-0.19127
8.232,0.789031,-1.33638,0.269459,-0.785398,0.523599,-0.523599,0.700834,0.132918,0.65,0.35702,1,30,0.60702,-0.0144304,-0.192653
8.234,0.788963,-1.33529,0.268883,-0.785398,0.523599,-0.523599,0.701255,0.132293,0.65,0.356914,1,30,0.606914,-0.0144073,-0.194033
8.236,0.788896,-1.33421,0.268307,-0.785398,0.523599,-0.523599,0.701677,0.131668,0.65,0.356812,1,30,0.606812,-0.0143842,-0.195409
8.238,0.78883,-1.33313,0.267732,-0.785398,0.523599,-0.523599,0.702101,0.131044,0.65,0.356713,1,30,0.606713,-0.014361,-0.196781
8.24,0.788765,-1.33205,0.267157,-0.785398,0.523599,-0.523599,0.702526,0.130422,0.65,0.356618,1,30,0.606618,-0.0143379,-0.19815
8.242,0.788702,-1.33096,0.266582,-0.785398,0.523599,-0.523599,0.702953,0.1298,0.65,0.356526,1,30,0.606526,-0.0143147,-0.199514
8.244,0.78864,-1.32988,0.266008,-0.785398,0.523599,-0.523599,0.703382,0.12918,0.65,0.356438,1,30,0.606438,-0.0142914,-0.200875
8.246,0.788579,-1.3288,0.265434,-0.785398,0.523599,-0.523599,0.703812,0.128561,0.65,0.356353,1,30,0.606353,-0.0142682,-0.202231
8.248,0.788519,-1.32771,0.26486,-0.785398,0.523599,-0.523599,0.704243,0.127943,0.65,0.356272,1,30,0.606272,-0.0142449,-0.203584
8.25,0.788461,-1.32663,0.264287,-0.785398,0.523599,-0.523599,0.704677,0.127326,0.65,0.356194,1,30,0.606194,-0.0142217,-0.204933
8.252,0.788403,-1.32554,0.263713,-0.785398,0.523599,-0.523599,0.705111,0.12671,0.65,0.35612,1,30,0.60612,-0.0141984,-0.206277
8.254,0.788347,-1.32446,0.26314,-0.785398,0.523599,-0.523599,0.705548,0.126095,0.65,0.35605,1,30,0.60605,-0.014175,-0.207617
8.256,0.788291,-1.32338,0.262568,-0.785398,0.523599,-0.523599,0.705986,0.125481,0.65,0.355982,1,30,0.605982,-0.0141517,-0.208954
8.258,0.788237,-1.32229,0.261995,-0.785398,0.523599,-0.523599,0.706425,0.124868,0.65,0.355919,1,30,0.605919,-0.0141284,-0.210286
8.26,0.788183,-1.32121,0.261423,-0.785398,0.523599,-0.523599,0.706866,0.124256,0.65,0.355858,1,30,0.605858,-0.014105,-0.211614
8.262,0.788131,-1.32012,0.260852,-0.785398,0.523599,-0.523599,0.707308,0.123646,0.65,0.355801,1,30,0.605801,-0.0140816,-0.212937
8.264,0.78808,-1.31904,0.26028,-0.785398,0.523599,-0.523599,0.707752,0.123037,0.65,0.355748,1,30,0.605748,-0.0140582,-0.214257
8.266,0.788029,-1.31795,0.259709,-0.785398,0.523599,-0.523599,0.708198,0.122428,0.65,0.355698,1,30,0.605698,-0.0140348,-0.215572
8.268,0.78798,-1.31686,0.259138,-0.785398,0.523599,-0.523599,0.708645,0.121821,0.65,0.355651,1,30,0.605651,-0.0140114,-0.216883
8.27,0.787931,-1.31578,0.258568,-0.785398,0.523599,-0.523599,0.709093,0.121215,0.65,0.355608,1,30,0.605608,-0.0139879,-0.218189
8.272,0.787884,-1.31469,0.257997,-0.785398,0.523599,-0.523599,0.709544,0.12061,0.65,0.355568,1,30,0.605568,-0.0139644,-0.219492
8.274,0.787837,-1.31361,0.257428,-0.785398,0.523599,-0.523599,0.709995,0.120006,0.65,0.355532,1,30,0.605532,-0.013941,-0.220789
8.276,0.787791,-1.31252,0.256858,-0.785398,0.523599,-0.523599,0.710448,0.119404,0.65,0.355499,1,30,0.605499,-0.0139175,-0.222083
8.278,0.787746,-1.31143,0.256289,-0.785398,0.523599,-0.523599,0.710903,0.118802,0.65,0.355469,1,30,0.605469,-0.013894,-0.223372
8.28,0.787702,-1.31034,0.255719,-0.785398,0.523599,-0.523599,0.711359,0.118202,0.65,0.355443,1,30,0.605443,-0.0138705,-0.224656
8.282,0.787659,-1.30926,0.255151,-0.785398,0.523599,-0.523599,0.711817,0.117603,0.65,0.35542,1,30,0.60542,-0.013847,-0.225936
8.284,0.787616,-1.30817,0.254582,-0.785398,0.523599,-0.523599,0.712276,0.117005,0.65,0.3554,1,30,0.6054,-0.0138235,-0.227211
8.286,0.787575,-1.30708,0.254014,-0.785398,0.523599,-0.523599,0.712737,0.116408,0.65,0.355384,1,30,0.605384,-0.0138,-0.228482
8.288,0.787534,-1.30599,0.253446,-0.785398,0.523599,-0.523599,0.713199,0.115812,0.65,0.355371,1,30,0.605371,-0.0137764,-0.229748
8.29,0.787494,-1.30491,0.252879,-0.785398,0.523599,-0.523599,0.713662,0.115218,0.65,0.355362,1,30,0.605362,-0.0137529,-0.23101
8.292,0.787454,-1.30382,0.252312,-0.785398,0.523599,-0.523599,0.714128,0.114624,0.65,0.355355,1,30,0.605355,-0.0137294,-0.232267
8.294,0.787416,-1.30273,0.251745,-0.785398,0.523599,-0.523599,0.714594,0.114032,0.65,0.355352,1,30,0.605352,-0.0137058,-0.233519
8.296,0.787378,-1.30164,0.251178,-0.785398,0.523599,-0.523599,0.715062,0.113441,0.65,0.355314,0,30,0.604915,-0.236622,-0.233952
8.298,0.78734,-1.30055,0.250612,-0.785398,0.523599,-0.523599,0.715532,0.112851,0.65,0.355066,0,30,0.604913,-0.236217,-0.235199
8.3,0.787304,-1.29946,0.250046,-0.785398,0.523599,-0.523599,0.716003,0.112262,0.65,0.354914,0,30,0.604914,-0.235812,-0.236441
8.302,0.787268,-1.29837,0.24948,-0.785398,0.523599,-0.523599,0.716476,0.111675,0.65,0.354918,0,30,0.604918,-0.235406,-0.237679
8.304,0.787233,-1.29728,0.248914,-0.785398,0.523599,-0.523599,0.71695,0.111088,0.65,0.354926,0,30,0.604926,-0.235001,-0.238912
8.306,0.787198,-1.29619,0.248349,-0.785398,0.523599,-0.523599,0.717425,0.110503,0.65,0.354937,0,30,0.604937,-0.234595,-0.24014
8.308,0.787165,-1.2951,0.247784,-0.785398,0.523599,-0.523599,0.717902,0.109919,0.65,0.354951,0,30,0.604951,-0.234189,-0.241363
8.31,0.787131,-1.29401,0.24722,-0.785398,0.523599,-0.523599,0.718381,0.109337,0.65,0.354969,0,30,0.604969,-0.233784,-0.242581
8.312,0.787099,-1.29292,0.246656,-0.785398,0.523599,-0.523599,0.718861,0.108755,0.65,0.354989,0,30,0.604989,-0.233378,-0.243795
8.314,0.787067,-1.29182,0.246092,-0.785398,0.523599,-0.523599,0.719342,0.108175,0.65,0.355013,0,30,0.605013,-0.232973,-0.245003
8.316,0.787035,-1.29073,0.245528,-0.785398,0.523599,-0.523599,0.719825,0.107596,0.65,0.35504,0,30,0.60504,-0.232567,-0.246207
8.318,0.787005,-1.28964,0.244965,-0.785398,0.523599,-0.523599,0.720309,0.107018,0.65,0.35507,0,30,0.60507,-0.232162,-0.247406
8.32,0.786975,-1.28855,0.244401,-0.785398,0.523599,-0.523599,0.720795,0.106441,0.65,0.355104,0,30,0.605104,-0.231756,-0.248599
8.322,0.786945,-1.28746,0.243839,-0.785398,0.523599,-0.523599,0.721282,0.105866,0.65,0.355141,0,30,0.605141,-0.231351,-0.249788
8.324,0.786916,-1.28636,0.243276,-0.785398,0.523599,-0.523599,0.721771,0.105292,0.65,0.355181,0,30,0.605181,-0.230946,-0.250972
8.326,0.786887,-1.28527,0.242714,-0.785398,0.523599,-0.523599,0.722261,0.104719,0.65,0.355224,0,30,0.605224,-0.230541,-0.252151
8.328,0.786859,-1.28418,0.242152,-0.785398,0.523599,-0.523599,0.722752,0.104147,0.65,0.35527,0,30,0.60527,-0.230135,-0.253325
8.33,0.786832,-1.28308,0.241591,-0.785398,0.523599,-0.523599,0.723245,0.103576,0.65,0.355319,0,30,0.605319,-0.229731,-0.254493
8.332,0.786805,-1.28199,0.241029,-0.785398,0.523599,-0.523599,0.72374,0.103007,0.65,0.355372,0,30,0.605372,-0.229326,-0.255657
8.334,0.786778,-1.28089,0.240468,-0.785398,0.523599,-0.523599,0.724235,0.102439,0.65,0.355427,0,30,0.605427,-0.228921,-0.256815
8.336,0.786753,-1.2798,0.239908,-0.785398,0.523599,-0.523599,0.724733,0.101872,0.65,0.355486,0,30,0.605486,-0.228517,-0.257968
8.338,0.786727,-1.2787,0.239347,-0.785398,0.523599,-0.523599,0.725231,0.101307,0.65,0.355548,0,30,0.605548,-0.228112,-0.259117
8.34,0.786702,-1.27761,0.238787,-0.785398,0.523599,-0.523599,0.725731,0.100742,0.65,0.355613,0,30,0.605613,-0.227708,-0.260259
8.342,0.786678,-1.27651,0.238228,-0.785398,0.523599,-0.523599,0.726233,0.100179,0.65,0.355681,0,30,0.605681,-0.227304,-0.261397
8.344,0.786654,-1.27542,0.237668,-0.785398,0.523599,-0.523599,0.726736,0.0996176,0.65,0.355752,0,30,0.605752,-0.2269,-0.26253
8.346,0.78663,-1.27432,0.237109,-0.785398,0.523599,-0.523599,0.72724,0.0990571,0.65,0.355826,0,30,0.605826,-0.226497,-0.263657
8.348,0.786607,-1.27322,0.23655,-0.785398,0.523599,-0.523599,0.727746,0.0984979,0.65,0.355903,0,30,0.605903,-0.226094,-0.264779
8.35,0.786584,-1.27213,0.235992,-0.785398,0.523599,-0.523599,0.728253,0.09794,0.65,0.355983,0,30,0.605983,-0.225691,-0.265896
8.352,0.786562,-1.27103,0.235433,-0.785398,0.523599,-0.523599,0.728762,0.0973833,0.65,0.356066,0,30,0.606066,-0.225288,-0.267008
8.354,0.78654,-1.26993,0.234875,-0.785398,0.523599,-0.523599,0.729271,0.0968279,0.65,0.356153,0,30,0.606153,-0.224863,-0.268114
8.356,0.786518,-1.26883,0.234318,-0.785398,0.523599,-0.523599,0.729783,0.0962738,0.65,0.356242,0,30,0.606242,-0.224439,-0.269215
8.358,0.786497,-1.26774,0.233761,-0.785398,0.523599,-0.523599,0.730295,0.095721,0.65,0.356335,0,30,0.606335,-0.224015,-0.27031
8.36,0.786477,-1.26664,0.233204,-0.785398,0.523599,-0.523599,0.73081,0.0951694,0.65,0.35643,0,30,0.60643,-0.223592,-0.271401
8.362,0.786456,-1.26554,0.232647,-0.785398,0.523599,-0.523599,0.731325,0.0946192,0.65,0.356528,0,30,0.606528,-0.223169,-0.272485
8.364,0.786437,-1.26444,0.232091,-0.785398,0.523599,-0.523599,0.731842,0.0940702,0.65,0.35663,0,30,0.60663,-0.222746,-0.273565
8.366,0.786417,-1.26334,0.231535,-0.785398,0.523599,-0.523599,0.73236,0.0935226,0.65,0.356734,0,30,0.606734,-0.222323,-0.274639
8.368,0.786398,-1.26224,0.230979,-0.785398,0.523599,-0.523599,0.73288,0.0929763,0.65,0.356842,0,30,0.606842,-0.221901,-0.275707
8.37,0.786379,-1.26114,0.230423,-0.785398,0.523599,-0.523599,0.733401,0.0924312,0.65,0.356952,0,30,0.606952,-0.221479,-0.27677
8.372,0.786361,-1.26004,0.229868,-0.785398,0.523599,-0.523599,0.733923,0.0918875,0.65,0.357065,0,30,0.607065,-0.221057,-0.277828
8.374,0.786343,-1.25894,0.229314,-0.785398,0.523599,-0.523599,0.734447,0.0913451,0.65,0.357182,0,30,0.607182,-0.220636,-0.27888
8.376,0.786325,-1.25784,0.228759,-0.785398,0.523599,-0.523599,0.734972,0.090804,0.65,0.357301,0,30,0.607301,-0.220215,-0.279927
8.378,0.786307,-1.25674,0.228205,-0.785398,0.523599,-0.523599,0.735498,0.0902643,0.65,0.357423,0,30,0.607423,-0.219795,-0.280968
8.38,0.78629,-1.25564,0.227651,-0.785398,0.523599,-0.523599,0.736026,0.0897258,0.65,0.357548,0,30,0.607548,-0.219375,-0.282004
8.382,0.786274,-1.25454,0.227098,-0.785398,0.523599,-0.523599,0.736555,0.0891887,0.65,0.357676,0,30,0.607676,-0.218956,-0.283034
8.384,0.786257,-1.25344,0.226545,-0.785398,0.523599,-0.523599,0.737086,0.0886529,0.65,0.357807,0,30,0.607807,-0.218537,-0.284058
8.386,0.786241,-1.25234,0.225992,-0.785398,0.523599,-0.523599,0.737618,0.0881185,0.65,0.35794,0,30,0.60794,-0.218118,-0.285077
8.388,0.786225,-1.25123,0.225439,-0.785398,0.523599,-0.523599,0.738151,0.0875854,0.65,0.358077,0,30,0.608077,-0.2177,-0.286091
8.39,0.78621,-1.25013,0.224887,-0.785398,0.523599,-0.523599,0.738685,0.0870536,0.65,0.358216,0,30,0.608216,-0.217282,-0.287099
8.392,0.786194,-1.24903,0.224335,-0.785398,0.523599,-0.523599,0.739221,0.0865232,0.65,0.358359,0,30,0.608359,-0.216865,-0.288101
8.394,0.786179,-1.24793,0.223784,-0.785398,0.523599,-0.523599,0.739758,0.0859941,0.65,0.358504,0,30,0.608504,-0.216449,-0.289098
8.396,0.786165,-1.24682,0.223232,-0.785398,0.523599,-0.523599,0.740297,0.0854664,0.65,0.358652,0,30,0.608652,-0.216033,-0.290089
8.398,0.78615,-1.24572,0.222682,-0.785398,0.523599,-0.523599,0.740837,0.0849401,0.65,0.358802,0,30,0.608802,-0.215617,-0.291074
8.4,0.786136,-1.24461,0.222131,-0.785398,0.523599,-0.523599,0.741378,0.0844151,0.65,0.358956,0,30,0.608956,-0.215202,-0.292054
8.402,0.786122,-1.24351,0.221581,-0.785398,0.523599,-0.523599,0.74192,0.0838914,0.65,0.359112,0,30,0.609112,-0.214788,-0.293028
8.404,0.786109,-1.24241,0.221031,-0.785398,0.523599,-0.523599,0.742464,0.0833691,0.65,0.359271,0,30,0.609271,-0.214374,-0.293997
8.406,0.786095,-1.2413,0.220481,-0.785398,0.523599,-0.523599,0.743009,0.0828482,0.65,0.359433,0,30,0.609433,-0.213961,-0.29496
8.408,0.786082,-1.2402,0.219932,-0.785398,0.523599,-0.523599,0.743556,0.0823287,0.65,0.359598,0,30,0.609598,-0.213548,-0.295917
8.41,0.786069,-1.23909,0.219383,-0.785398,0.523599,-0.523599,0.744104,0.0818105,0.65,0.359765,0,30,0.609765,-0.213136,-0.296869
8.412,0.786057,-1.23798,0.218834,-0.785398,0.523599,-0.523599,0.744653,0.0812937,0.65,0.359935,0,30,0.609935,-0.212698,-0.297814
8.414,0.786044,-1.23688,0.218286,-0.785398,0.523599,-0.523599,0.745203,0.0807783,0.65,0.360108,0,30,0.610108,-0.212262,-0.298755
8.416,0.786032,-1.23577,0.217738,-0.785398,0.523599,-0.523599,0.745754,0.0802643,0.65,0.360283,0,30,0.610283,-0.211825,-0.299689
8.418,0.78602,-1.23467,0.21719,-0.785398,0.523599,-0.523599,0.746307,0.0797517,0.65,0.360461,0,30,0.610461,-0.21139,-0.300618
8.42,0.786009,-1.23356,0.216643,-0.785398,0.523599,-0.523599,0.746862,0.0792405,0.65,0.360642,0,30,0.610642,-0.210955,-0.301541
8.422,0.785997,-1.23245,0.216096,-0.785398,0.523599,-0.523599,0.747417,0.0787306,0.65,0.360826,0,30,0.610826,-0.210521,-0.302458
8.424,0.785986,-1.23135,0.215549,-0.785398,0.523599,-0.523599,0.747974,0.0782222,0.65,0.361012,0,30,0.611012,-0.210087,-0.303369
8.426,0.785975,-1.23024,0.215003,-0.785398,0.523599,-0.523599,0.748532,0.0777151,0.65,0.361201,0,30,0.611201,-0.209654,-0.304275
8.428,0.785964,-1.22913,0.214457,-0.785398,0.523599,-0.523599,0.749091,0.0772095,0.65,0.361393,0,30,0.611393,-0.209222,-0.305175
8.43,0.785953,-1.22802,0.213911,-0.785398,0.523599,-0.523599,0.749652,0.0767052,0.65,0.361587,0,30,0.611587,-0.208791,-0.306069
8.432,0.785943,-1.22691,0.213366,-0.785398,0.523599,-0.523599,0.750214,0.0762024,0.65,0.361784,0,30,0.611784,-0.20836,-0.306957
8.434,0.785933,-1.22581,0.212821,-0.785398,0.523599,-0.523599,0.750777,0.075701,0.65,0.361984,0,30,0.611984,-0.20793,-0.30784
8.436,0.785923,-1.2247,0.212277,-0.785398,0.523599,-0.523599,0.751341,0.075201,0.65,0.362186,0,30,0.612186,-0.207501,-0.308717
8.438,0.785913,-1.22359,0.211732,-0.785398,0.523599,-0.523599,0.751907,0.0747024,0.65,0.362391,0,30,0.612391,-0.207073,-0.309588
8.44,0.785903,-1.22248,0.211188,-0.785398,0.523599,-0.523599,0.752473,0.0742053,0.65,0.362598,0,30,0.612598,-0.206645,-0.310453
8.442,0.785894,-1.22137,0.210645,-0.785398,0.523599,-0.523599,0.753042,0.0737096,0.65,0.362808,0,30,0.612808,-0.206218,-0.311312
8.444,0.785884,-1.22026,0.210102,-0.785398,0.523599,-0.523599,0.753611,0.0732153,0.65,0.363021,0,30,0.613021,-0.205792,-0.312166
8.446,0.785875,-1.21915,0.209559,-0.785398,0.523599,-0.523599,0.754181,0.0727224,0.65,0.363236,0,30,0.613236,-0.205298,-0.313014
8.448,0.785866,-1.21804,0.209016,-0.785398,0.523599,-0.523599,0.754753,0.072231,0.65,0.363454,0,30,0.613454,-0.204803,-0.313856
8.45,0.785857,-1.21693,0.208474,-0.785398,0.523599,-0.523599,0.755326,0.071741,0.65,0.363674,0,30,0.613674,-0.204309,-0.314692
8.452,0.785849,-1.21582,0.207932,-0.785398,0.523599,-0.523599,0.755901,0.0712524,0.65,0.363897,0,30,0.613897,-0.203814,-0.315522
8.454,0.78584,-1.21472,0.207391,-0.785398,0.523599,-0.523599,0.756476,0.0707653,0.65,0.364123,0,30,0.614123,-0.20332,-0.316346
8.456,0.785832,-1.21361,0.20685,-0.785398,0.523599,-0.523599,0.757053,0.0702797,0.65,0.364351,0,30,0.614351,-0.202827,-0.317164
8.458,0.785824,-1.2125,0.20631,-0.785398,0.523599,-0.523599,0.757631,0.0697955,0.65,0.364582,0,30,0.614582,-0.202333,-0.317977
8.46,0.785816,-1.21139,0.20577,-0.785398,0.523599,-0.523599,0.75821,0.0693127,0.65,0.364816,0,30,0.614816,-0.201839,-0.318784
8.462,0.785808,-1.21028,0.20523,-0.785398,0.523599,-0.523599,0.75879,0.0688314,0.65,0.365052,0,30,0.615052,-0.201346,-0.319584
8.464,0.7858,-1.20917,0.20469,-0.785398,0.523599,-0.523599,0.759372,0.0683516,0.65,0.365291,0,30,0.615291,-0.200853,-0.320379
8.466,0.785793,-1.20806,0.204151,-0.785398,0.523599,-0.523599,0.759955,0.0678732,0.65,0.365532,0,30,0.615532,-0.20036,-0.321168
8.468,0.785785,-1.20696,0.203613,-0.785398,0.523599,-0.523599,0.760539,0.0673963,0.65,0.365776,0,30,0.615776,-0.199868,-0.321951
8.47,0.785778,-1.20585,0.203075,-0.785398,0.523599,-0.523599,0.761124,0.0669209,0.65,0.366023,0,30,0.616023,-0.199375,-0.322729
8.472,0.785771,-1.20474,0.202537,-0.785398,0.523599,-0.523599,0.76171,0.0664469,0.65,0.366271,0,30,0.616271,-0.198883,-0.3235
8.474,0.785764,-1.20363,0.201999,-0.785398,0.523599,-0.523599,0.762298,0.0659745,0.65,0.366523,0,30,0.616523,-0.198391,-0.324265
8.476,0.785757,-1.20253,0.201462,-0.785398,0.523599,-0.523599,0.762887,0.0655035,0.65,0.366777,0,30,0.616777,-0.197899,-0.325025
8.478,0.78575,-1.20142,0.200926,-0.785398,0.523599,-0.523599,0.763477,0.0650339,0.65,0.367033,0,30,0.617033,-0.197408,-0.325778
8.48,0.785744,-1.20031,0.200389,-0.785398,0.523599,-0.523599,0.764068,0.0645659,0.65,0.367292,0,30,0.617292,-0.196917,-0.326526
8.482,0.785737,-1.1992,0.199854,-0.785398,0.523599,-0.523599,0.76466,0.0640993,0.65,0.367554,0,30,0.617554,-0.196426,-0.327268
8.484,0.785731,-1.1981,0.199318,-0.785398,0.523599,-0.523599,0.765254,0.0636343,0.65,0.367817,0,30,0.617817,-0.195935,-0.328004
8.486,0.785725,-1.19699,0.198783,-0.785398,0.523599,-0.523599,0.765848,0.0631707,0.65,0.368084,0,30,0.618084,-0.195445,-0.328734
8.488,0.785718,-1.19588,0.198248,-0.785398,0.523599,-0.523599,0.766444,0.0627086,0.65,0.368352,0,30,0.618352,-0.194955,-0.329459
8.49,0.785712,-1.19478,0.197714,-0.785398,0.523599,-0.523599,0.767041,0.062248,0.65,0.368624,0,30,0.618624,-0.194465,-0.330177
8.492,0.785706,-1.19367,0.19718,-0.785398,0.523599,-0.523599,0.767639,0.061789,0.65,0.368897,0,30,0.618897,-0.193975,-0.33089
8.494,0.785701,-1.19256,0.196647,-0.785398,0.523599,-0.523599,0.768238,0.0613314,0.65,0.369173,0,30,0.619173,-0.193486,-0.331596
8.496,0.785695,-1.19146,0.196113,-0.785398,0.523599,-0.523599,0.768839,0.0608753,0.65,0.369451,0,30,0.619451,-0.192997,-0.332297
8.498,0.785689,-1.19035,0.195581,-0.785398,0.523599,-0.523599,0.76944,0.0604208,0.65,0.369732,0,30,0.619732,-0.192509,-0.332992
8.5,0.785684,-1.18924,0.195048,-0.785398,0.523599,-0.523599,0.770043,0.0599677,0.65,0.370015,0,30,0.620015,-0.19202,-0.333681
8.502,0.785679,-1.18814,0.194516,-0.785398,0.523599,-0.523599,0.770647,0.0595162,0.65,0.3703,0,30,0.6203,-0.191532,-0.334364
8.504,0.785673,-1.18703,0.193985,-0.785398,0.523599,-0.523599,0.771252,0.0590662,0.65,0.370588,0,30,0.620588,-0.191045,-0.335042
8.506,0.785668,-1.18593,0.193454,-0.785398,0.523599,-0.523599,0.771858,0.0586177,0.65,0.370878,0,30,0.620878,-0.190557,-0.335713
8.508,0.785663,-1.18482,0.192923,-0.785398,0.523599,-0.523599,0.772465,0.0581708,0.65,0.37117,0,30,0.62117,-0.19007,-0.336379
8.51,0.785658,-1.18372,0.192393,-0.785398,0.523599,-0.523599,0.773073,0.0577254,0.65,0.371465,0,30,0.621465,-0.189584,-0.337039
8.512,0.785653,-1.18261,0.191863,-0.785398,0.523599,-0.523599,0.773683,0.0572815,0.65,0.371762,0,30,0.621762,-0.189097,-0.337693
8.514,0.785648,-1.18151,0.191333,-0.785398,0.523599,-0.523599,0.774294,0.0568391,0.65,0.372061,0,30,0.622061,-0.188611,-0.338341
8.516,0.785644,-1.1804,0.190804,-0.785398,0.523599,-0.523599,0.774905,0.0563983,0.65,0.372362,0,30,0.622362,-0.188126,-0.338983
8.518,0.785639,-1.1793,0.190275,-0.785398,0.523599,-0.523599,0.775518,0.055959,0.65,0.372666,0,30,0.622666,-0.18764,-0.33962
8.52,0.785635,-1.17819,0.189747,-0.785398,0.523599,-0.523599,0.776132,0.0555212,0.65,0.372972,0,30,0.622972,-0.187155,-0.34025
8.522,0.78563,-1.17709,0.189219,-0.785398,0.523599,-0.523599,0.776747,0.055085,0.65,0.37328,0,30,0.62328,-0.186671,-0.340875
8.524,0.785626,-1.17598,0.188691,-0.785398,0.523599,-0.523599,0.777363,0.0546504,0.65,0.37359,0,30,0.62359,-0.186186,-0.341494
8.526,0.785621,-1.17488,0.188164,-0.785398,0.523599,-0.523599,0.77798,0.0542172,0.65,0.373903,0,30,0.623903,-0.185703,-0.342108
8.528,0.785617,-1.17378,0.187637,-0.785398,0.523599,-0.523599,0.778598,0.0537857,0.65,0.374218,0,30,0.624218,-0.185219,-0.342715
8.53,0.785613,-1.17267,0.187111,-0.785398,0.523599,-0.523599,0.779218,0.0533557,0.65,0.374534,0,30,0.624534,-0.184736,-0.343317
8.532,0.785609,-1.17157,0.186585,-0.785398,0.523599,-0.523599,0.779838,0.0529272,0.65,0.374853,0,30,0.624853,-0.184253,-0.343913
8.534,0.785605,-1.17046,0.18606,-0.785398,0.523599,-0.523599,0.78046,0.0525004,0.65,0.375175,0,30,0.625175,-0.183771,-0.344503
8.536,0.785601,-1.16936,0.185534,-0.785398,0.523599,-0.523599,0.781082,0.052075,0.65,0.375498,0,30,0.625498,-0.183289,-0.345088
8.538,0.785597,-1.16826,0.18501,-0.785398,0.523599,-0.523599,0.781706,0.0516513,0.65,0.375823,0,30,0.625823,-0.182807,-0.345667
8.54,0.785594,-1.16716,0.184485,-0.785398,0.523599,-0.523599,0.782331,0.0512291,0.65,0.376151,0,30,0.626151,-0.182326,-0.34624
8.542,0.78559,-1.16605,0.183961,-0.785398,0.523599,-0.523599,0.782956,0.0508085,0.65,0.37648,0,30,0.62648,-0.181845,-0.346807
8.544,0.785586,-1.16495,0.183438,-0.785398,0.523599,-0.523599,0.783583,0.0503894,0.65,0.376812,0,30,0.626812,-0.181364,-0.347368
8.546,0.785583,-1.16385,0.182915,-0.785398,0.523599,-0.523599,0.784211,0.049972,0.65,0.377146,0,30,0.627146,-0.180884,-0.347924
8.548,0.785579,-1.16275,0.182392,-0.785398,0.523599,-0.523599,0.78484,0.0495561,0.65,0.377482,0,30,0.627482,-0.180404,-0.348474
8.55,0.785576,-1.16164,0.18187,-0.785398,0.523599,-0.523599,0.78547,0.0491418,0.65,0.37782,0,30,0.62782,-0.179925,-0.349019
8.552,0.785573,-1.16054,0.181348,-0.785398,0.523599,-0.523599,0.786101,0.0487291,0.65,0.378159,0,30,0.628159,-0.179446,-0.349557
8.554,0.785569,-1.15944,0.180826,-0.785398,0.523599,-0.523599,0.786733,0.048318,0.65,0.378501,0,30,0.628501,-0.178967,-0.350091
8.556,0.785566,-1.15834,0.180305,-0.785398,0.523599,-0.523599,0.787366,0.0479084,0.65,0.378845,0,30,0.628845,-0.178489,-0.350618
8.558,0.785563,-1.15724,0.179785,-0.785398,0.523599,-0.523599,0.788,0.0475005,0.65,0.379191,0,30,0.629191,-0.178011,-0.35114
8.56,0.78556,-1.15614,0.179264,-0.785398,0.523599,-0.523599,0.788635,0.0470941,0.65,0.379539,0,30,0.629539,-0.177534,-0.351656
8.562,0.785557,-1.15504,0.178745,-0.785398,0.523599,-0.523599,0.789271,0.0466894,0.65,0.379889,0,30,0.629889,-0.177057,-0.352166
8.564,0.785554,-1.15394,0.178225,-0.785398,0.523599,-0.523599,0.789908,0.0462862,0.65,0.380241,0,30,0.630241,-0.176581,-0.352671
8.566,0.785551,-1.15284,0.177706,-0.785398,0.523599,-0.523599,0.790547,0.0458847,0.65,0.380595,0,30,0.630595,-0.176104,-0.35317
8.568,0.785548,-1.15174,0.177188,-0.785398,0.523599,-0.523599,0.791186,0.0454847,0.65,0.380951,0,30,0.630951,-0.175629,-0.353663
8.57,0.785545,-1.15064,0.176669,-0.785398,0.523599,-0.523599,0.791826,0.0450864,0.65,0.381308,0,30,0.631308,-0.175153,-0.354151
8.572,0.785542,-1.14954,0.176152,-0.785398,0.523599,-0.523599,0.792467,0.0446896,0.65,0.381668,0,30,0.631668,-0.174678,-0.354634
8.574,0.78554,-1.14844,0.175634,-0.785398,0.523599,-0.523599,0.793109,0.0442945,0.65,0.382029,0,30,0.632029,-0.174204,-0.355111
8.576,0.785537,-1.14734,0.175117,-0.785398,0.523599,-0.523599,0.793752,0.043901,0.65,0.382393,0,30,0.632393,-0.17373,-0.355582
8.578,0.785535,-1.14624,0.174601,-0.785398,0.523599,-0.523599,0.794397,0.0435091,0.65,0.382758,0,30,0.632758,-0.173256,-0.356047
8.58,0.785532,-1.14514,0.174085,-0.785398,0.523599,-0.523599,0.795042,0.0431189,0.65,0.383125,0,30,0.633125,-0.172783,-0.356507
8.582,0.785529,-1.14404,0.173569,-0.785398,0.523599,-0.523599,0.795688,0.0427302,0.65,0.383494,0,30,0.633494,-0.17231,-0.356962
8.584,0.785527,-1.14294,0.173054,-0.785398,0.523599,-0.523599,0.796335,0.0423432,0.65,0.383865,0,30,0.633865,-0.171837,-0.357411
8.586,0.785525,-1.14185,0.172539,-0.785398,0.523599,-0.523599,0.796983,0.0419578,0.65,0.384238,0,30,0.634238,-0.171365,-0.357855
8.588,0.785522,-1.14075,0.172024,-0.785398,0.523599,-0.523599,0.797632,0.0415741,0.65,0.384612,0,30,0.634612,-0.170894,-0.358293
8.59,0.78552,-1.13965,0.17151,-0.785398,0.523599,-0.523599,0.798282,0.0411919,0.65,0.384988,0,30,0.634988,-0.170422,-0.358725
8.592,0.785518,-1.13855,0.170997,-0.785398,0.523599,-0.523599,0.798933,0.0408115,0.65,0.385366,0,30,0.635366,-0.169951,-0.359152
8.594,0.785515,-1.13746,0.170483,-0.785398,0.523599,-0.523599,0.799585,0.0404326,0.65,0.385746,0,30,0.635746,-0.169481,-0.359574
8.596,0.785513,-1.13636,0.169971,-0.785398,0.523599,-0.523599,0.800238,0.0400554,0.65,0.386128,0,30,0.636128,-0.169011,-0.35999
8.598,0.785511,-1.13526,0.169458,-0.785398,0.523599,-0.523599,0.800891,0.0396798,0.65,0.386511,0,30,0.636511,-0.168541,-0.3604
8.6,0.785509,-1.13417,0.168946,-0.785398,0.523599,-0.523599,0.801546,0.0393059,0.65,0.386896,0,30,0.636896,-0.168072,-0.360806
8.602,0.785507,-1.13307,0.168435,-0.785398,0.523599,-0.523599,0.802202,0.0389336,0.65,0.387283,0,30,0.637283,-0.167603,-0.361206
8.604,0.785505,-1.13198,0.167924,-0.785398,0.523599,-0.523599,0.802858,0.038563,0.65,0.387672,0,30,0.637672,-0.167135,-0.3616
8.606,0.785503,-1.13088,0.167413,-0.785398,0.523599,-0.523599,0.803516,0.038194,0.65,0.388062,0,30,0.638062,-0.166667,-0.361989
8.608,0.785501,-1.12979,0.166903,-0.785398,0.523599,-0.523599,0.804174,0.0378267,0.65,0.388454,0,30,0.638454,-0.166199,-0.362373
8.61,0.785499,-1.12869,0.166393,-0.785398,0.523599,-0.523599,0.804834,0.037461,0.65,0.388848,0,30,0.638848,-0.165732,-0.362751
8.612,0.785497,-1.1276,0.165883,-0.785398,0.523599,-0.523599,0.805494,0.037097,0.65,0.389243,0,30,0.639243,-0.165265,-0.363124
8.614,0.785495,-1.1265,0.165374,-0.785398,0.523599,-0.523599,0.806155,0.0367346,0.65,0.38964,0,30,0.63964,-0.164798,-0.363492
8.616,0.785493,-1.12541,0.164866,-0.785398,0.523599,-0.523599,0.806817,0.0363739,0.65,0.390039,0,30,0.640039,-0.164332,-0.363854
8.618,0.785491,-1.12432,0.164358,-0.785398,0.523599,-0.523599,0.80748,0.0360149,0.65,0.390439,0,30,0.640439,-0.163867,-0.364211
8.62,0.78549,-1.12322,0.16385,-0.785398,0.523599,-0.523599,0.808144,0.0356575,0.65,0.390841,0,30,0.640841,-0.163401,-0.364562
8.622,0.785488,-1.12213,0.163343,-0.785398,0.523599,-0.523599,0.808809,0.0353019,0.65,0.391245,0,30,0.641245,-0.162936,-0.364909
8.624,0.785486,-1.12104,0.162836,-0.785398,0.523599,-0.523599,0.809475,0.0349478,0.65,0.39165,0,30,0.64165,-0.162472,-0.36525
8.626,0.785485,-1.11995,0.162329,-0.785398,0.523599,-0.523599,0.810141,0.0345955,0.65,0.392057,0,30,0.642057,-0.162007,-0.365586
8.628,0.785483,-1.11885,0.161823,-0.785398,0.523599,-0.523599,0.810809,0.0342448,0.65,0.392465,0,30,0.642465,-0.161544,-0.365916
8.63,0.785481,-1.11776,0.161318,-0.785398,0.523599,-0.523599,0.811477,0.0338959,0.65,0.392875,0,30,0.642875,-0.16108,-0.366242
8.632,0.78548,-1.11667,0.160813,-0.785398,0.523599,-0.523599,0.812146,0.0335486,0.65,0.393287,0,30,0.643287,-0.160617,-0.366562
8.634,0.785478,-1.11558,0.160308,-0.785398,0.523599,-0.523599,0.812816,0.0332029,0.65,0.3937,0,30,0.6437,-0.160154,-0.366877
8.636,0.785477,-1.11449,0.159804,-0.785398,0.523599,-0.523599,0.813487,0.032859,0.65,0.394115,0,30,0.644115,-0.159692,-0.367187
8.638,0.785475,-1.1134,0.1593,-0.785398,0.523599,-0.523599,0.814159,0.0325167,0.65,0.394531,0,30,0.644531,-0.159229,-0.367492
8.64,0.785474,-1.11231,0.158796,-0.785398,0.523599,-0.523599,0.814832,0.0321762,0.65,0.394949,0,30,0.644949,-0.158768,-0.367791
8.642,0.785472,-1.11122,0.158293,-0.785398,0.523599,-0.523599,0.815505,0.0318373,0.65,0.395368,0,30,0.645368,-0.158306,-0.368085
8.644,0.785471,-1.11013,0.157791,-0.785398,0.523599,-0.523599,0.81618,0.0315001,0.65,0.395788,0,30,0.645788,-0.157845,-0.368375
8.646,0.78547,-1.10904,0.157289,-0.785398,0.523599,-0.523599,0.816855,0.0311647,0.65,0.396211,0,30,0.646211,-0.157384,-0.368659
8.648,0.785468,-1.10796,0.156787,-0.785398,0.523599,-0.523599,0.817531,0.0308309,0.65,0.396634,0,30,0.646634,-0.156924,-0.368938
8.65,0.785467,-1.10687,0.156286,-0.785398,0.523599,-0.523599,0.818208,0.0304988,0.65,0.397059,0,30,0.647059,-0.156464,-0.369212
8.652,0.785466,-1.10578,0.155785,-0.785398,0.523599,-0.523599,0.818886,0.0301684,0.65,0.397486,0,30,0.647486,-0.156004,-0.369481
8.654,0.785464,-1.10469,0.155285,-0.785398,0.523599,-0.523599,0.819564,0.0298398,0.65,0.397914,0,30,0.647914,-0.155544,-0.369744
8.656,0.785463,-1.10362,0.154785,-0.785398,0.523599,-0.523599,0.820244,0.0295128,0.65,0.398344,0,30,0.648344,-0.155002,-0.370003
8.658,0.785462,-1.10256,0.154285,-0.785398,0.523599,-0.523599,0.820924,0.0291875,0.65,0.398777,0,30,0.648777,-0.152236,-0.370257
8.66,0.785461,-1.10152,0.153786,-0.785398,0.523599,-0.523599,0.821605,0.028864,0.65,0.399217,0,30,0.649217,-0.149103,-0.370504
8.662,0.78546,-1.10049,0.153287,-0.785398,0.523599,-0.523599,0.822287,0.0285421,0.65,0.399663,0,30,0.649663,-0.145959,-0.370745
8.664,0.785458,-1.09949,0.152789,-0.785398,0.523599,-0.523599,0.82297,0.028222,0.65,0.400117,0,30,0.650117,-0.142871,-0.370981
8.666,0.785457,-1.09851,0.152291,-0.785398,0.523599,-0.523599,0.823653,0.0279036,0.65,0.400576,0,30,0.650576,-0.13985,-0.37121
8.668,0.785456,-1.09755,0.151794,-0.785398,0.523599,-0.523599,0.824337,0.0275869,0.65,0.401043,0,30,0.651043,-0.136899,-0.371434
8.67,0.785455,-1.0966,0.151297,-0.785398,0.523599,-0.523599,0.825022,0.027272,0.65,0.401515,0,30,0.651515,-0.134014,-0.371653
8.672,0.785454,-1.09567,0.150801,-0.785398,0.523599,-0.523599,0.825708,0.0269587,0.65,0.401994,0,30,0.651994,-0.131195,-0.371866
8.674,0.785453,-1.09476,0.150305,-0.785398,0.523599,-0.523599,0.826395,0.0266472,0.65,0.402478,0,30,0.652478,-0.12844,-0.372073
8.676,0.785452,-1.09387,0.149809,-0.785398,0.523599,-0.523599,0.827082,0.0263374,0.65,0.402969,0,30,0.652969,-0.125747,-0.372275
8.678,0.785451,-1.09299,0.149314,-0.785398,0.523599,-0.523599,0.82777,0.0260294,0.65,0.403465,0,30,0.653465,-0.123115,-0.372472
8.68,0.78545,-1.09213,0.14882,-0.785398,0.523599,-0.523599,0.828459,0.025723,0.65,0.403967,0,30,0.653967,-0.120543,-0.372663
8.682,0.785449,-1.09128,0.148325,-0.785398,0.523599,-0.523599,0.829149,0.0254184,0.65,0.404474,0,30,0.654474,-0.118029,-0.37285
8.684,0.785448,-1.09045,0.147832,-0.785398,0.523599,-0.523599,0.829839,0.0251156,0.65,0.404987,0,30,0.654987,-0.115571,-0.373031
8.686,0.785447,-1.08964,0.147338,-0.785398,0.523599,-0.523599,0.830531,0.0248144,0.65,0.405504,0,30,0.655504,-0.113168,-0.373208
8.688,0.785446,-1.08884,0.146845,-0.785398,0.523599,-0.523599,0.831223,0.024515,0.65,0.406027,0,30,0.656027,-0.110819,-0.373379
8.69,0.785445,-1.08806,0.146353,-0.785398,0.523599,-0.523599,0.831915,0.0242174,0.65,0.406555,0,30,0.656555,-0.108522,-0.373546
8.692,0.785444,-1.08729,0.145861,-0.785398,0.523599,-0.523599,0.832609,0.0239215,0.65,0.407088,0,30,0.657088,-0.106277,-0.373708
8.694,0.785444,-1.08654,0.145369,-0.785398,0.523599,-0.523599,0.833303,0.0236273,0.65,0.407625,0,30,0.657625,-0.104082,-0.373865
8.696,0.785443,-1.0858,0.144878,-0.785398,0.523599,-0.523599,0.833998,0.0233349,0.65,0.408167,0,30,0.658167,-0.101935,-0.374017
8.698,0.785442,-1.08507,0.144388,-0.785398,0.523599,-0.523599,0.834694,0.0230442,0.65,0.408714,0,30,0.658714,-0.0998357,-0.374166
8.7,0.785441,-1.08436,0.143897,-0.785398,0.523599,-0.523599,0.83539,0.0227553,0.65,0.409265,0,30,0.659265,-0.0977829,-0.374309
8.702,0.78544,-1.08366,0.143408,-0.785398,0.523599,-0.523599,0.836087,0.0224681,0.65,0.40982,0,30,0.65982,-0.0957753,-0.374448
8.704,0.785439,-1.08298,0.142918,-0.785398,0.523599,-0.523599,0.836785,0.0221827,0.65,0.41038,0,30,0.66038,-0.093812,-0.374583
8.706,0.785439,-1.08231,0.14243,-0.785398,0.523599,-0.523599,0.837484,0.0218991,0.65,0.410944,0,30,0.660944,-0.0918917,-0.374713
8.708,0.785438,-1.08165,0.141941,-0.785398,0.523599,-0.523599,0.838183,0.0216172,0.65,0.411512,0,30,0.661512,-0.0900136,-0.374839
8.71,0.785437,-1.081,0.141453,-0.785398,0.523599,-0.523599,0.838883,0.021337,0.65,0.412084,0,30,0.662084,-0.0881765,-0.374961
8.712,0.785436,-1.08036,0.140966,-0.785398,0.523599,-0.523599,0.839584,0.0210586,0.65,0.412659,0,30,0.662659,-0.0863795,-0.375079
8.714,0.785436,-1.07974,0.140479,-0.785398,0.523599,-0.523599,0.840285,0.020782,0.65,0.413239,0,30,0.663239,-0.0846217,-0.375193
8.716,0.785435,-1.07913,0.139992,-0.785398,0.523599,-0.523599,0.840987,0.0205071,0.65,0.413822,0,30,0.663822,-0.0829022,-0.375302
8.718,0.785434,-1.07853,0.139506,-0.785398,0.523599,-0.523599,0.84169,0.0202341,0.65,0.414409,0,30,0.664409,-0.0812199,-0.375408
8.72,0.785434,-1.07794,0.13902,-0.785398,0.523599,-0.523599,0.842394,0.0199627,0.65,0.414999,0,30,0.664999,-0.079574,-0.375509
8.722,0.785433,-1.07736,0.138535,-0.785398,0.523599,-0.523599,0.843098,0.0196932,0.65,0.415593,0,30,0.665593,-0.0779638,-0.375607
8.724,0.785432,-1.07679,0.13805,-0.785398,0.523599,-0.523599,0.843803,0.0194254,0.65,0.41619,0,30,0.66619,-0.0763883,-0.375701
8.726,0.785432,-1.07624,0.137566,-0.785398,0.523599,-0.523599,0.844508,0.0191594,0.65,0.41679,0,30,0.66679,-0.0748467,-0.375791
8.728,0.785431,-1.07569,0.137082,-0.785398,0.523599,-0.523599,0.845214,0.0188951,0.65,0.417394,0,30,0.667394,-0.0733382,-0.375877
8.73,0.78543,-1.07516,0.136599,-0.785398,0.523599,-0.523599,0.845921,0.0186326,0.65,0.418,0,30,0.668,-0.0718621,-0.37596
8.732,0.78543,-1.07463,0.136116,-0.785398,0.523599,-0.523599,0.846629,0.018372,0.65,0.41861,0,30,0.66861,-0.0704176,-0.376039
8.734,0.785429,-1.07412,0.135634,-0.785398,0.523599,-0.523599,0.847337,0.018113,0.65,0.419223,0,30,0.669223,-0.0690039,-0.376114
8.736,0.785429,-1.07361,0.135152,-0.785398,0.523599,-0.523599,0.848046,0.0178559,0.65,0.419839,0,30,0.669839,-0.0676204,-0.376186
8.738,0.785428,-1.07311,0.13467,-0.785398,0.523599,-0.523599,0.848755,0.0176006,0.65,0.420458,0,30,0.670458,-0.0662664,-0.376254
8.74,0.785427,-1.07263,0.134189,-0.785398,0.523599,-0.523599,0.849465,0.017347,0.65,0.421079,0,30,0.671079,-0.0649411,-0.376318
8.742,0.785427,-1.07215,0.133708,-0.785398,0.523599,-0.523599,0.850176,0.0170952,0.65,0.421703,0,30,0.671703,-0.063644,-0.37638
8.744,0.785426,-1.07168,0.133228,-0.785398,0.523599,-0.523599,0.850887,0.0168452,0.65,0.42233,0,30,0.67233,-0.0623743,-0.376437
8.746,0.785426,-1.07122,0.132749,-0.785398,0.523599,-0.523599,0.851599,0.016597,0.65,0.42296,0,30,0.67296,-0.0611315,-0.376492
8.748,0.785425,-1.07077,0.132269,-0.785398,0.523599,-0.523599,0.852312,0.0163506,0.65,0.423592,0,30,0.673592,-0.0599149,-0.376543
8.75,0.785425,-1.07032,0.131791,-0.785398,0.523599,-0.523599,0.853025,0.016106,0.65,0.424226,0,30,0.674226,-0.0587239,-0.37659
8.752,0.785424,-1.06989,0.131312,-0.785398,0.523599,-0.523599,0.853739,0.0158632,0.65,0.424863,0,30,0.674863,-0.0575579,-0.376634
8.754,0.785424,-1.06946,0.130835,-0.785398,0.523599,-0.523599,0.854453,0.0156221,0.65,0.425503,0,30,0.675503,-0.0564165,-0.376676
8.756,0.785423,-1.06904,0.130357,-0.785398,0.523599,-0.523599,0.855168,0.0153829,0.65,0.426145,0,30,0.676145,-0.0552989,-0.376713
8.758,0.785423,-1.06863,0.12988,-0.785398,0.523599,-0.523599,0.855884,0.0151455,0.65,0.426789,0,30,0.676789,-0.0542048,-0.376748
8.76,0.785422,-1.06823,0.129404,-0.785398,0.523599,-0.523599,0.8566,0.0149098,0.65,0.427435,0,30,0.677435,-0.0531334,-0.376779
8.762,0.785422,-1.06784,0.128928,-0.785398,0.523599,-0.523599,0.857317,0.014676,0.65,0.428083,0,30,0.678083,-0.0520844,-0.376808
8.764,0.785422,-1.06745,0.128453,-0.785398,0.523599,-0.523599,0.858034,0.0144439,0.65,0.428734,0,30,0.678734,-0.0510573,-0.376833
8.766,0.785421,-1.06707,0.127978,-0.785398,0.523599,-0.523599,0.858752,0.0142137,0.65,0.429386,0,30,0.679386,-0.0500515,-0.376855
8.768,0.785421,-1.06669,0.127503,-0.785398,0.523599,-0.523599,0.859471,0.0139853,0.65,0.430041,0,30,0.680041,-0.0490666,-0.376874
8.77,0.78542,-1.06633,0.127029,-0.785398,0.523599,-0.523599,0.86019,0.0137587,0.65,0.430698,0,30,0.680698,-0.048102,-0.37689
8.772,0.78542,-1.06597,0.126555,-0.785398,0.523599,-0.523599,0.860909,0.0135338,0.65,0.431356,0,30,0.681356,-0.0471574,-0.376903
8.774,0.785419,-1.06562,0.126082,-0.785398,0.523599,-0.523599,0.86163,0.0133108,0.65,0.432017,0,30,0.682017,-0.0462324,-0.376914
8.776,0.785419,-1.06527,0.12561,-0.785398,0.523599,-0.523599,0.86235,0.0130896,0.65,0.432679,0,30,0.682679,-0.0453263,-0.376921
8.778,0.785419,-1.06493,0.125137,-0.785398,0.523599,-0.523599,0.863072,0.0128703,0.65,0.433343,0,30,0.683343,-0.044439,-0.376925
8.78,0.785418,-1.0646,0.124666,-0.785398,0.523599,-0.523599,0.863794,0.0126527,0.65,0.434009,0,30,0.684009,-0.0435699,-0.376926
8.782,0.785418,-1.06427,0.124195,-0.785398,0.523599,-0.523599,0.864516,0.0124369,0.65,0.434676,0,30,0.684676,-0.0427186,-0.376925
8.784,0.785417,-1.06395,0.123724,-0.785398,0.523599,-0.523599,0.865239,0.012223,0.65,0.435346,0,30,0.685346,-0.0418847,-0.376921
8.786,0.785417,-1.06363,0.123254,-0.785398,0.523599,-0.523599,0.865963,0.0120109,0.65,0.436017,0,30,0.686017,-0.0410679,-0.376914
8.788,0.785417,-1.06332,0.122784,-0.785398,0.523599,-0.523599,0.866687,0.0118006,0.65,0.436689,0,30,0.686689,-0.0402678,-0.376904
8.79,0.785416,-1.06302,0.122315,-0.785398,0.523599,-0.523599,0.867411,0.0115921,0.65,0.437363,0,30,0.687363,-0.0394841,-0.376891
8.792,0.785416,-1.06272,0.121846,-0.785398,0.523599,-0.523599,0.868136,0.0113855,0.65,0.438039,0,30,0.688039,-0.0387163,-0.376876
8.794,0.785416,-1.06243,0.121377,-0.785398,0.523599,-0.523599,0.868862,0.0111806,0.65,0.438716,0,30,0.688716,-0.0379641,-0.376857
8.796,0.785415,-1.06215,0.12091,-0.785398,0.523599,-0.523599,0.869588,0.0109776,0.65,0.439394,0,30,0.689394,-0.0372272,-0.376837
8.798,0.785415,-1.06186,0.120442,-0.785398,0.523599,-0.523599,0.870315,0.0107764,0.65,0.440074,0,30,0.690074,-0.0365053,-0.376813
8.8,0.785415,-1.06159,0.119975,-0.785398,0.523599,-0.523599,0.871042,0.0105771,0.65,0.440755,0,30,0.690755,-0.0358004,-0.376787
8.802,0.785414,-1.06132,0.119509,-0.785398,0.523599,-0.523599,0.87177,0.0103795,0.65,0.441438,0,30,0.691438,-0.0351103,-0.376758
8.804,0.785414,-1.06105,0.119043,-0.785398,0.523599,-0.523599,0.872498,0.0101838,0.65,0.442122,0,30,0.692122,-0.0344332,-0.376727
8.806,0.785414,-1.06079,0.118578,-0.785398,0.523599,-0.523599,0.873226,0.00998997,0.65,0.442807,0,30,0.692807,-0.0337688,-0.376693
8.808,0.785414,-1.06054,0.118113,-0.785398,0.523599,-0.523599,0.873956,0.00979794,0.65,0.443493,0,30,0.693493,-0.0331175,-0.376656
8.81,0.785413,-1.06029,0.117648,-0.785398,0.523599,-0.523599,0.874685,0.00960773,0.65,0.444181,0,30,0.694181,-0.0324792,-0.376617
8.812,0.785413,-1.06004,0.117184,-0.785398,0.523599,-0.523599,0.875415,0.00941936,0.65,0.44487,0,30,0.69487,-0.0318539,-0.376575
8.814,0.785413,-1.0598,0.116721,-0.785398,0.523599,-0.523599,0.876146,0.00923283,0.65,0.445559,0,30,0.695559,-0.031241,-0.376531
8.816,0.785412,-1.05956,0.116258,-0.785398,0.523599,-0.523599,0.876877,0.00904813,0.65,0.446251,0,30,0.696251,-0.0306405,-0.376484
8.818,0.785412,-1.05933,0.115795,-0.785398,0.523599,-0.523599,0.877608,0.00886527,0.65,0.446943,0,30,0.696943,-0.030052,-0.376435
8.82,0.785412,-1.0591,0.115333,-0.785398,0.523599,-0.523599,0.87834,0.00868425,0.65,0.447636,0,30,0.697636,-0.0294753,-0.376384
8.822,0.785412,-1.05888,0.114872,-0.785398,0.523599,-0.523599,0.879073,0.00850507,0.65,0.44833,0,30,0.69833,-0.0289102,-0.376329
8.824,0.785411,-1.05866,0.114411,-0.785398,0.523599,-0.523599,0.879805,0.00832773,0.65,0.449025,0,30,0.699025,-0.0283564,-0.376273
8.826,0.785411,-1.05844,0.11395,-0.785398,0.523599,-0.523599,0.880539,0.00815223,0.65,0.449722,0,30,0.699722,-0.0278136,-0.376214
8.828,0.785411,-1.05823,0.11349,-0.785398,0.523599,-0.523599,0.881272,0.00797858,0.65,0.450419,0,30,0.700419,-0.0272816,-0.376152
8.83,0.785411,-1.05802,0.11303,-0.785398,0.523599,-0.523599,0.882006,0.00780677,0.65,0.451117,0,30,0.701117,-0.0267602,-0.376089
8.832,0.78541,-1.05782,0.112571,-0.785398,0.523599,-0.523599,0.882741,0.00763681,0.65,0.451816,0,30,0.701816,-0.0262493,-0.376022
8.834,0.78541,-1.05762,0.112113,-0.785398,0.523599,-0.523599,0.883476,0.00746869,0.65,0.452516,0,30,0.702516,-0.0257485,-0.375954
8.836,0.78541,-1.05742,0.111655,-0.785398,0.523599,-0.523599,0.884211,0.00730242,0.65,0.453216,0,30,0.703216,-0.0252576,-0.375883
8.838,0.78541,-1.05723,0.111197,-0.785398,0.523599,-0.523599,0.884947,0.007138,0.65,0.453918,0,30,0.703918,-0.0247765,-0.37581
8.84,0.78541,-1.05704,0.11074,-0.785398,0.523599,-0.523599,0.885684,0.00697543,0.65,0.45462,0,30,0.70462,-0.024305,-0.375734
8.842,0.785409,-1.05686,0.110283,-0.785398,0.523599,-0.523599,0.88642,0.00681471,0.65,0.455323,0,30,0.705323,-0.0238428,-0.375656
8.844,0.785409,-1.05668,0.109827,-0.785398,0.523599,-0.523599,0.887157,0.00665585,0.65,0.456027,0,30,0.706027,-0.0233898,-0.375576
8.846,0.785409,-1.0565,0.109372,-0.785398,0.523599,-0.523599,0.887895,0.00649883,0.65,0.456732,0,30,0.706732,-0.0229457,-0.375494
8.848,0.785409,-1.05632,0.108917,-0.785398,0.523599,-0.523599,0.888633,0.00634367,0.65,0.457437,0,30,0.707437,-0.0225104,-0.375409
8.85,0.785408,-1.05615,0.108462,-0.785398,0.523599,-0.523599,0.889371,0.00619037,0.65,0.458143,0,30,0.708143,-0.0220838,-0.375322
8.852,0.785408,-1.05598,0.108008,-0.785398,0.523599,-0.523599,0.890109,0.00603892,0.65,0.458849,0,30,0.708849,-0.0216656,-0.375233
8.854,0.785408,-1.05582,0.107554,-0.785398,0.523599,-0.523599,0.890848,0.00588932,0.65,0.459557,0,30,0.709557,-0.0212556,-0.375142
8.856,0.785408,-1.05565,0.107101,-0.785398,0.523599,-0.523599,0.891588,0.00574159,0.65,0.460265,0,30,0.710265,-0.0208538,-0.375048
8.858,0.785408,-1.05549,0.106649,-0.785398,0.523599,-0.523599,0.892328,0.00559571,0.65,0.460973,0,30,0.710973,-0.0204599,-0.374953
8.86,0.785408,-1.05534,0.106197,-0.785398,0.523599,-0.523599,0.893068,0.00545169,0.65,0.461682,0,30,0.711682,-0.0200572,-0.374855
8.862,0.785407,-1.05519,0.105745,-0.785398,0.523599,-0.523599,0.893808,0.00530954,0.65,0.462392,0,30,0.712392,-0.0196427,-0.374754
8.864,0.785407,-1.05504,0.105294,-0.785398,0.523599,-0.523599,0.894549,0.00516924,0.65,0.463102,0,30,0.713102,-0.0192159,-0.374652
8.866,0.785407,-1.05489,0.104843,-0.785398,0.523599,-0.523599,0.89529,0.00503081,0.65,0.463813,0,30,0.713813,-0.0187762,-0.374548
8.868,0.785407,-1.05475,0.104393,-0.785398,0.523599,-0.523599,0.896032,0.00489424,0.65,0.464525,0,30,0.714525,-0.018323,-0.374441
8.87,0.785407,-1.05461,0.103944,-0.785398,0.523599,-0.523599,0.896773,0.00475954,0.65,0.465237,0,30,0.715237,-0.0178558,-0.374333
8.872,0.785407,-1.05448,0.103495,-0.785398,0.523599,-0.523599,0.897516,0.0046267,0.65,0.46595,0,30,0.71595,-0.0173738,-0.374222
8.874,0.785406,-1.05434,0.103046,-0.785398,0.523599,-0.523599,0.898258,0.00449572,0.65,0.466664,0,30,0.716664,-0.0168764,-0.374109
8.876,0.785406,-1.05422,0.102598,-0.785398,0.523599,-0.523599,0.899001,0.00436661,0.65,0.467379,0,30,0.717379,-0.0163628,-0.373994
8.878,0.785406,-1.0541,0.10215,-0.785398,0.523599,-0.523599,0.899744,0.00423937,0.65,0.468094,0,30,0.718094,-0.0158323,-0.373877
8.88,0.785406,-1.05398,0.101703,-0.785398,0.523599,-0.523599,0.900488,0.004114,0.65,0.468811,0,30,0.718811,-0.015284,-0.373758
8.882,0.785406,-1.05386,0.101257,-0.785398,0.523599,-0.523599,0.901231,0.0039905,0.65,0.469528,0,30,0.719528,-0.014717,-0.373637
8.884,0.785406,-1.05376,0.100811,-0.785398,0.523599,-0.523599,0.901976,0.00386886,0.65,0.470246,0,30,0.720246,-0.0141304,-0.373514
8.886,0.785406,-1.05365,0.100366,-0.785398,0.523599,-0.523599,0.90272,0.0037491,0.65,0.470965,0,30,0.720965,-0.0135232,-0.37339
8.888,0.785405,-1.05355,0.0999205,-0.785398,0.523599,-0.523599,0.903465,0.00363121,0.65,0.471685,0,30,0.721685,-0.0128943,-0.373263
8.89,0.785405,-1.05346,0.0994761,-0.785398,0.523599,-0.523599,0.90421,0.00351519,0.65,0.472406,0,30,0.722406,-0.0122425,-0.373134
8.892,0.785405,-1.05337,0.0990321,-0.785398,0.523599,-0.523599,0.904955,0.00340104,0.65,0.473128,0,30,0.723128,-0.0115667,-0.373004
8.894,0.785405,-1.05329,0.0985887,-0.785398,0.523599,-0.523599,0.905701,0.00328877,0.65,0.473851,0,30,0.723851,-0.0108655,-0.372871
8.896,0.785405,-1.05321,0.0981458,-0.785398,0.523599,-0.523599,0.906446,0.00317837,0.65,0.474575,0,30,0.724575,-0.0101376,-0.372737
8.898,0.785405,-1.05314,0.0977034,-0.785398,0.523599,-0.523599,0.907193,0.00306984,0.65,0.475301,0,30,0.725301,-0.00938133,-0.372601
8.9,0.785405,-1.05308,0.0972616,-0.785398,0.523599,-0.523599,0.907939,0.00296319,0.65,0.476028,0,30,0.726028,-0.0085952,-0.372463
8.902,0.785404,-1.05302,0.0968202,-0.785398,0.523599,-0.523599,0.908686,0.00285842,0.65,0.476756,0,30,0.726756,-0.00777742,-0.372323
8.904,0.785404,-1.05297,0.0963794,-0.785398,0.523599,-0.523599,0.909433,0.00275552,0.65,0.477485,0,30,0.727485,-0.00692613,-0.372181
8.906,0.785404,-1.05292,0.0959391,-0.785398,0.523599,-0.523599,0.91018,0.00265451,0.65,0.478216,0,30,0.728216,-0.00603932,-0.372038
8.908,0.785404,-1.05289,0.0954993,-0.785398,0.523599,-0.523599,0.910927,0.00255537,0.65,0.478949,0,30,0.728949,-0.0051148,-0.371893
8.91,0.785404,-1.05286,0.09506,-0.785398,0.523599,-0.523599,0.911675,0.0024581,0.65,0.479683,0,30,0.729683,-0.00415021,-0.371747
8.912,0.785404,-1.05282,0.0946212,-0.785398,0.523599,-0.523599,0.912423,0.00236272,0.65,0.480418,0,30,0.730418,-0.00394793,-0.371599
8.914,0.785404,-1.05279,0.0941829,-0.785398,0.523599,-0.523599,0.913171,0.00226922,0.65,0.481152,0,30,0.731152,-0.0041568,-0.371448
8.916,0.785404,-1.05276,0.0937451,-0.785398,0.523599,-0.523599,0.913919,0.0021776,0.65,0.481886,0,30,0.731886,-0.00443456,-0.371296
8.918,0.785404,-1.05272,0.0933078,-0.785398,0.523599,-0.523599,0.914668,0.00208786,0.65,0.482619,0,30,0.732619,-0.00471527,-0.371142
8.92,0.785403,-1.05268,0.0928709,-0.785398,0.523599,-0.523599,0.915417,0.002,0.65,0.483351,0,30,0.733351,-0.00498636,-0.370986
8.922,0.785403,-1.05264,0.0924346,-0.785398,0.523599,-0.523599,0.916166,0.00191403,0.65,0.484082,0,30,0.734082,-0.0052456,-0.370827
8.924,0.785403,-1.05259,0.0919987,-0.785398,0.523599,-0.523599,0.916915,0.00182993,0.65,0.484813,0,30,0.734813,-0.00549272,-0.370667
8.926,0.785403,-1.05255,0.0915633,-0.785398,0.523599,-0.523599,0.917665,0.00174772,0.65,0.485542,0,30,0.735542,-0.00572784,-0.370505
8.928,0.785403,-1.0525,0.0911285,-0.785398,0.523599,-0.523599,0.918414,0.0016674,0.65,0.486271,0,30,0.736271,-0.00595116,-0.370341
8.93,0.785403,-1.05245,0.0906941,-0.785398,0.523599,-0.523599,0.919164,0.00158896,0.65,0.486999,0,30,0.736999,-0.00616287,-0.370175
8.932,0.785403,-1.0524,0.0902602,-0.785398,0.523599,-0.523599,0.919914,0.0015124,0.65,0.487727,0,30,0.737727,-0.00636319,-0.370007
8.934,0.785403,-1.05235,0.0898268,-0.785398,0.523599,-0.523599,0.920665,0.00143773,0.65,0.488453,0,30,0.738453,-0.00655231,-0.369837
8.936,0.785403,-1.05229,0.0893939,-0.785398,0.523599,-0.523599,0.921415,0.00136494,0.65,0.489179,0,30,0.739179,-0.00673042,-0.369665
8.938,0.785403,-1.05224,0.0889615,-0.785398,0.523599,-0.523599,0.922166,0.00129404,0.65,0.489904,0,30,0.739904,-0.00689773,-0.369491
8.94,0.785403,-1.05218,0.0885296,-0.785398,0.523599,-0.523599,0.922916,0.00122503,0.65,0.490629,0,30,0.740629,-0.00705442,-0.369315
8.942,0.785402,-1.05213,0.0880982,-0.785398,0.523599,-0.523599,0.923667,0.00115791,0.65,0.491352,0,30,0.741352,-0.00720067,-0.369137
8.944,0.785402,-1.05207,0.0876673,-0.785398,0.523599,-0.523599,0.924419,0.00109267,0.65,0.492076,0,30,0.742076,-0.00733668,-0.368958
8.946,0.785402,-1.05201,0.0872369,-0.785398,0.523599,-0.523599,0.92517,0.00102932,0.65,0.492798,0,30,0.742798,-0.00746261,-0.368776
8.948,0.785402,-1.05195,0.086807,-0.785398,0.523599,-0.523599,0.925921,0.000967861,0.65,0.49352,0,30,0.74352,-0.00757865,-0.368593
8.95,0.785402,-1.05189,0.0863776,-0.785398,0.523599,-0.523599,0.926673,0.00090829,0.65,0.494241,0,30,0.744241,-0.00768496,-0.368408
8.952,0.785402,-1.05183,0.0859487,-0.785398,0.523599,-0.523599,0.927425,0.000850607,0.65,0.494962,0,30,0.744962,-0.00778172,-0.36822
8.954,0.785402,-1.05176,0.0855203,-0.785398,0.523599,-0.523599,0.928177,0.000794814,0.65,0.495682,0,30,0.745682,-0.00801533,-0.368031
8.956,0.785402,-1.0517,0.0850924,-0.785398,0.523599,-0.523599,0.928929,0.000740911,0.65,0.496402,0,30,0.746402,-0.00812999,-0.36784
8.958,0.785402,-1.05164,0.0846651,-0.785398,0.523599,-0.523599,0.929681,0.000688899,0.65,0.49712,0,30,0.74712,-0.00819103,-0.367648
8.96,0.785402,-1.05157,0.0842382,-0.785398,0.523599,-0.523599,0.930433,0.000638777,0.65,0.497839,0,30,0.747839,-0.00823534,-0.367453
8.962,0.785402,-1.05151,0.0838118,-0.785398,0.523599,-0.523599,0.931186,0.000590546,0.65,0.498556,0,30,0.748556,-0.00827015,-0.367256
8.964,0.785402,-1.05144,0.083386,-0.785398,0.523599,-0.523599,0.931938,0.000544206,0.65,0.499274,0,30,0.749274,-0.00829696,-0.367058
8.966,0.785402,-1.05138,0.0829606,-0.785398,0.523599,-0.523599,0.932691,0.000499757,0.65,0.499991,0,30,0.749991,-0.00831617,-0.366858
8.968,0.785402,-1.05131,0.0825358,-0.785398,0.523599,-0.523599,0.933444,0.000457201,0.65,0.500707,0,30,0.750707,-0.00832796,-0.366656
8.97,0.785401,-1.05125,0.0821115,-0.785398,0.523599,-0.523599,0.934197,0.000416536,0.65,0.501423,0,30,0.751423,-0.00833246,-0.366452
8.972,0.785401,-1.05118,0.0816877,-0.785398,0.523599,-0.523599,0.93495,0.000377764,0.65,0.502139,0,30,0.752139,-0.0083298,-0.366247
8.974,0.785401,-1.05112,0.0812644,-0.785398,0.523599,-0.523599,0.935703,0.000340885,0.65,0.502854,0,30,0.752854,-0.00832009,-0.36604
8.976,0.785401,-1.05105,0.0808416,-0.785398,0.523599,-0.523599,0.936456,0.000305898,0.65,0.503569,0,30,0.753569,-0.00830345,-0.365831
8.978,0.785401,-1.05099,0.0804193,-0.785398,0.523599,-0.523599,0.937209,0.000272804,0.65,0.504283,0,30,0.754283,-0.00828001,-0.36562
8.98,0.785401,-1.05093,0.0799976,-0.785398,0.523599,-0.523599,0.937962,0.000241604,0.65,0.504997,0,30,0.754997,-0.00824987,-0.365407
8.982,0.785401,-1.05086,0.0795763,-0.785398,0.523599,-0.523599,0.938716,0.000212297,0.65,0.505711,0,30,0.755711,-0.00821314,-0.365193
8.984,0.785401,-1.0508,0.0791556,-0.785398,0.523599,-0.523599,0.939469,0.000184883,0.65,0.506424,0,30,0.756424,-0.00816993,-0.364977
8.986,0.785401,-1.05074,0.0787354,-0.785398,0.523599,-0.523599,0.940223,0.000159364,0.65,0.507137,0,30,0.757137,-0.00812035,-0.364759
8.988,0.785401,-1.05067,0.0783157,-0.785398,0.523599,-0.523599,0.940976,0.000135738,0.65,0.50785,0,30,0.75785,-0.0080645,-0.36454
8.99,0.785401,-1.05061,0.0778965,-0.785398,0.523599,-0.523599,0.94173,0.000114006,0.65,0.508562,0,30,0.758562,-0.00800249,-0.364319
8.992,0.785401,-1.05055,0.0774778,-0.785398,0.523599,-0.523599,0.942484,9.41691e-05,0.65,0.509274,0,30,0.759274,-0.00793442,-0.364096
8.994,0.785401,-1.05049,0.0770597,-0.785398,0.523599,-0.523599,0.943238,7.62261e-05,0.65,0.509986,0,30,0.759986,-0.00786037,-0.363871
8.996,0.785401,-1.05043,0.0766421,-0.785398,0.523599,-0.523599,0.943991,6.01776e-05,0.65,0.510697,0,30,0.760697,-0.00778046,-0.363645
8.998,0.785401,-1.05037,0.076225,-0.785398,0.523599,-0.523599,0.944745,4.60238e-05,0.65,0.511408,0,30,0.761408,-0.00769478,-0.363417
9,0.785401,-1.05031,0.0758084,-0.785398,0.523599,-0.523599,0.945499,3.37645e-05,0.65,0.512119,0,30,0.762119,-0.00760341,-0.363188
9.002,0.785401,-1.05025,0.0753923,-0.785398,0.523599,-0.523599,0.946253,2.34001e-05,0.65,0.512829,0,30,0.762829,-0.00750645,-0.362957
9.004,0.785401,-1.0502,0.0749768,-0.785398,0.523599,-0.523599,0.947007,1.49304e-05,0.65,0.51354,0,30,0.76354,-0.00740398,-0.362724
9.006,0.785401,-1.05014,0.0745618,-0.785398,0.523599,-0.523599,0.947761,8.35565e-06,0.65,0.51425,0,30,0.76425,-0.0072961,-0.36249
9.008,0.7854,-1.05008,0.0741473,-0.785398,0.523599,-0.523599,0.948515,3.67578e-06,0.65,0.514959,0,30,0.764959,-0.00718289,-0.362254
9.01,0.7854,-1.05003,0.0737333,-0.785398,0.523599,-0.523599,0.949269,8.90846e-07,0.65,0.515669,0,30,0.765669,-0.00706443,-0.362016
9.012,0.7854,-1.04998,0.0733199,-0.785398,0.523599,-0.523599,0.950023,8.72632e-10,0.65,0.516378,0,30,0.766378,-0.0069408,-0.361777
9.014,0.7854,-1.04992,0.0729069,-0.785398,0.523599,-0.523599,0.950777,1.00586e-06,0.65,0.517087,0,30,0.767087,-0.00681209,-0.361536
9.016,0.7854,-1.04987,0.0724945,-0.785398,0.523599,-0.523599,0.951531,3.90581e-06,0.65,0.517796,0,30,0.767796,-0.00667837,-0.361293
9.018,0.7854,-1.04982,0.0720827,-0.785398,0.523599,-0.523599,0.952285,8.70069e-06,0.65,0.518504,0,30,0.768504,-0.00653972,-0.361049
9.02,0.7854,-1.04977,0.0716713,-0.785398,0.523599,-0.523599,0.953039,1.53905e-05,0.65,0.519213,0,30,0.769213,-0.00639621,-0.360804
9.022,0.7854,-1.04973,0.0712605,-0.785398,0.523599,-0.523599,0.953793,2.39751e-05,0.65,0.519921,0,30,0.769921,-0.00624793,-0.360557
9.024,0.7854,-1.04968,0.0708502,-0.785398,0.523599,-0.523599,0.954547,3.44546e-05,0.65,0.520629,0,30,0.770629,-0.00609493,-0.360308
9.026,0.7854,-1.04964,0.0704405,-0.785398,0.523599,-0.523599,0.9553,4.68288e-05,0.65,0.521337,0,30,0.771337,-0.00593729,-0.360058
9.028,0.7854,-1.04959,0.0700313,-0.785398,0.523599,-0.523599,0.956054,6.10977e-05,0.65,0.522044,0,30,0.772044,-0.00577509,-0.359806
9.03,0.7854,-1.04955,0.0696226,-0.785398,0.523599,-0.523599,0.956808,7.72612e-05,0.65,0.522752,0,30,0.772752,-0.00560838,-0.359553
9.032,0.7854,-1.04951,0.0692144,-0.785398,0.523599,-0.523599,0.957562,9.53191e-05,0.65,0.523459,0,30,0.773459,-0.00543724,-0.359298
9.034,0.7854,-1.04947,0.0688068,-0.785398,0.523599,-0.523599,0.958316,0.000115271,0.65,0.524166,0,30,0.774166,-0.00526172,-0.359042
9.036,0.7854,-1.04943,0.0683997,-0.785398,0.523599,-0.523599,0.959069,0.000137118,0.65,0.524873,0,30,0.774873,-0.0050819,-0.358784
9.038,0.7854,-1.04939,0.0679931,-0.785398,0.523599,-0.523599,0.959823,0.000160859,0.65,0.52558,0,30,0.77558,-0.00489783,-0.358524
9.04,0.7854,-1.04936,0.0675871,-0.785398,0.523599,-0.523599,0.960576,0.000186493,0.65,0.526286,0,30,0.776286,-0.00470958,-0.358264
9.042,0.7854,-1.04932,0.0671816,-0.785398,0.523599,-0.523599,0.96133,0.000214022,0.65,0.526993,0,30,0.776993,-0.0045172,-0.358001
9.044,0.7854,-1.04929,0.0667766,-0.785398,0.523599,-0.523599,0.962083,0.000243443,0.65,0.527699,0,30,0.777699,-0.00432076,-0.357738
9.046,0.7854,-1.04926,0.0663722,-0.785398,0.523599,-0.523599,0.962837,0.000274759,0.65,0.528405,0,30,0.778405,-0.00412031,-0.357473
9.048,0.7854,-1.04923,0.0659683,-0.785398,0.523599,-0.523599,0.96359,0.000307967,0.65,0.529111,0,30,0.779111,-0.0039159,-0.357206
9.05,0.7854,-1.0492,0.065565,-0.785398,0.523599,-0.523599,0.964343,0.000343069,0.65,0.529817,0,30,0.779817,-0.00370759,-0.356938
9.052,0.7854,-1.04918,0.0651622,-0.785398,0.523599,-0.523599,0.965096,0.000380064,0.65,0.530523,0,30,0.780523,-0.00349544,-0.356669
9.054,0.7854,-1.04915,0.0647599,-0.785398,0.523599,-0.523599,0.965849,0.000418951,0.65,0.531229,0,30,0.781229,-0.00327949,-0.356398
9.056,0.7854,-1.04913,0.0643582,-0.785398,0.523599,-0.523599,0.966602,0.00045973,0.65,0.531934,0,30,0.781934,-0.0030598,-0.356125
9.058,0.7854,-1.04911,0.063957,-0.785398,0.523599,-0.523599,0.967355,0.000502401,0.65,0.53264,0,30,0.78264,-0.00283641,-0.355852
9.06,0.7854,-1.04909,0.0635563,-0.785398,0.523599,-0.523599,0.968107,0.000546964,0.65,0.533345,0,30,0.783345,-0.00260939,-0.355577
9.062,0.7854,-1.04907,0.0631562,-0.785398,0.523599,-0.523599,0.96886,0.000593419,0.65,0.53405,0,30,0.78405,-0.00237876,-0.3553
9.064,0.7854,-1.04906,0.0627567,-0.785398,0.523599,-0.523599,0.969612,0.000641765,0.65,0.534755,0,30,0.784755,-0.00214459,-0.355022
9.066,0.785399,-1.04904,0.0623577,-0.785398,0.523599,-0.523599,0.970365,0.000692002,0.65,0.535461,0,30,0.785461,-0.00190691,-0.354743
9.068,0.785399,-1.04903,0.0619592,-0.785398,0.523599,-0.523599,0.971117,0.000744129,0.65,0.536165,0,30,0.786165,-0.00166577,-0.354463
9.07,0.785399,-1.04902,0.0615613,-0.785398,0.523599,-0.523599,0.971869,0.000798147,0.65,0.53687,0,30,0.78687,-0.00142122,-0.354181
9.072,0.785399,-1.04901,0.0611639,-0.785398,0.523599,-0.523599,0.972621,0.000854054,0.65,0.537575,0,30,0.787575,-0.00117329,-0.353898
9.074,0.785399,-1.04901,0.0607671,-0.785398,0.523599,-0.523599,0.973373,0.000911852,0.65,0.53828,0,30,0.78828,-0.000922038,-0.353613
9.076,0.785399,-1.049,0.0603708,-0.785398,0.523599,-0.523599,0.974124,0.000971538,0.65,0.538985,0,30,0.788985,-0.000667491,-0.353327
9.078,0.785399,-1.049,0.0599751,-0.785398,0.523599,-0.523599,0.974876,0.00103311,0.65,0.539689,0,30,0.789689,-0.000409694,-0.35304
9.08,0.785399,-1.049,0.0595799,-0.785398,0.523599,-0.523599,0.975627,0.00109658,0.65,0.540394,0,30,0.790394,-0.000148687,-0.352751
9.082,0.785399,-1.049,0.0591853,-0.785398,0.523599,-0.523599,0.976378,0.00116193,0.65,0.541116,0,30,0.791098,0.000115495,-0.352462
9.084,0.785399,-1.04901,0.0587912,-0.785398,0.523599,-0.523599,0.977129,0.00122917,0.65,0.54186,0,30,0.791803,0.000382811,-0.35217
9.086,0.785399,-1.04901,0.0583977,-0.785398,0.523599,-0.523599,0.97788,0.00129829,0.65,0.542605,0,30,0.792507,0.000653228,-0.351878
9.088,0.785399,-1.04902,0.0580048,-0.785398,0.523599,-0.523599,0.978631,0.00136931,0.65,0.543351,0,30,0.793212,0.000926708,-0.351584
9.09,0.785399,-1.04903,0.0576123,-0.785398,0.523599,-0.523599,0.979381,0.00144221,0.65,0.544096,0,30,0.793916,0.00120322,-0.35129
9.092,0.785399,-1.04904,0.0572205,-0.785398,0.523599,-0.523599,0.980131,0.00151699,0.65,0.544843,0,30,0.79462,0.00148272,-0.350993
9.094,0.785399,-1.04906,0.0568292,-0.785398,0.523599,-0.523599,0.980881,0.00159366,0.65,0.545589,0,30,0.795324,0.00176519,-0.350696
9.096,0.785399,-1.04908,0.0564385,-0.785398,0.523599,-0.523599,0.981631,0.00167222,0.65,0.546336,0,30,0.796029,0.00205058,-0.350397
9.098,0.785399,-1.04909,0.0560483,-0.785398,0.523599,-0.523599,0.982381,0.00175266,0.65,0.547084,0,30,0.796733,0.00233887,-0.350097
9.1,0.785399,-1.04912,0.0556587,-0.785398,0.523599,-0.523599,0.98313,0.00183498,0.65,0.547832,0,30,0.797437,0.00263003,-0.349796
9.102,0.785399,-1.04914,0.0552697,-0.785398,0.523599,-0.523599,0.98388,0.00191919,0.65,0.54858,0,30,0.798141,0.00292403,-0.349494
9.104,0.785399,-1.04916,0.0548812,-0.785398,0.523599,-0.523599,0.984629,0.00200528,0.65,0.549328,0,30,0.798845,0.00322083,-0.34919
9.106,0.785399,-1.04919,0.0544933,-0.785398,0.523599,-0.523599,0.985378,0.00209325,0.65,0.550077,0,30,0.799549,0.00352041,-0.348886
9.108,0.785399,-1.04922,0.0541059,-0.785398,0.523599,-0.523599,0.986126,0.00218311,0.65,0.550827,0,30,0.800253,0.00382275,-0.34858
9.11,0.785399,-1.04925,0.0537191,-0.785398,0.523599,-0.523599,0.986875,0.00227484,0.65,0.551577,0,30,0.800958,0.0041278,-0.348273
9.112,0.785399,-1.04929,0.0533329,-0.785398,0.523599,-0.523599,0.987623,0.00236846,0.65,0.552327,0,30,0.801662,0.00443555,-0.347964
9.114,0.785399,-1.04933,0.0529473,-0.785398,0.523599,-0.523599,0.988371,0.00246395,0.65,0.553078,0,30,0.802366,0.00474597,-0.347655
9.116,0.785399,-1.04936,0.0525622,-0.785398,0.523599,-0.523599,0.989118,0.00256133,0.65,0.553829,0,30,0.80307,0.00505903,-0.347344
9.118,0.785399,-1.04941,0.0521777,-0.785398,0.523599,-0.523599,0.989866,0.00266058,0.65,0.55458,0,30,0.803774,0.00537471,-0.347032
9.12,0.785399,-1.04945,0.0517937,-0.785398,0.523599,-0.523599,0.990613,0.00276172,0.65,0.555332,0,30,0.804478,0.00569299,-0.346719
9.122,0.785399,-1.0495,0.0514104,-0.785398,0.523599,-0.523599,0.99136,0.00286473,0.65,0.556084,0,30,0.805182,0.00601384,-0.346405
9.124,0.785399,-1.04955,0.0510276,-0.785398,0.523599,-0.523599,0.992106,0.00296961,0.65,0.556837,0,30,0.805886,0.00633723,-0.34609
9.126,0.785399,-1.0496,0.0506454,-0.785398,0.523599,-0.523599,0.992853,0.00307638,0.65,0.55759,0,30,0.80659,0.00666315,-0.345774
9.128,0.785399,-1.04965,0.0502637,-0.785398,0.523599,-0.523599,0.993599,0.00318501,0.65,0.558343,0,30,0.807294,0.00699157,-0.345456
9.13,0.785399,-1.04971,0.0498827,-0.785398,0.523599,-0.523599,0.994345,0.00329553,0.65,0.559097,0,30,0.807998,0.00732248,-0.345138
9.132,0.785399,-1.04977,0.0495022,-0.785398,0.523599,-0.523599,0.99509,0.00340791,0.65,0.559851,0,30,0.808703,0.00765584,-0.344818
9.134,0.785399,-1.04983,0.0491223,-0.785398,0.523599,-0.523599,0.995836,0.00352218,0.65,0.560606,0,30,0.809407,0.00799164,-0.344497
9.136,0.785399,-1.04989,0.048743,-0.785398,0.523599,-0.523599,0.996581,0.00363831,0.65,0.561361,0,30,0.810111,0.00832986,-0.344175
9.138,0.785399,-1.04996,0.0483642,-0.785398,0.523599,-0.523599,0.997325,0.00375631,0.65,0.562116,0,30,0.810815,0.00867049,-0.343853
9.14,0.785399,-1.05003,0.0479861,-0.785398,0.523599,-0.523599,0.99807,0.00387619,0.65,0.562872,0,30,0.81152,0.00901349,-0.343529
9.142,0.785399,-1.0501,0.0476085,-0.785398,0.523599,-0.523599,0.998814,0.00399794,0.65,0.563628,0,30,0.812224,0.00935886,-0.343203
9.144,0.785399,-1.05017,0.0472315,-0.785398,0.523599,-0.523599,0.999558,0.00412156,0.65,0.564376,0,30,0.812928,0.00965208,-0.342877
9.146,0.785399,-1.05024,0.0468551,-0.785398,0.523599,-0.523599,1.0003,0.00424704,0.65,0.565122,0,30,0.813632,0.00992853,-0.34255
9.148,0.785399,-1.05032,0.0464793,-0.785398,0.523599,-0.523599,1.00104,0.0043744,0.65,0.565876,0,30,0.814337,0.0102655,-0.342222
9.15,0.785399,-1.0504,0.0461041,-0.785398,0.523599,-0.523599,1.00179,0.00450362,0.65,0.5666,1,30,0.816432,0.0011215,-0.342024
9.152,0.785399,-1.05048,0.0457295,-0.785398,0.523599,-0.523599,1.00253,0.00463471,0.65,0.567309,1,30,0.817135,0.00115692,-0.341694
9.154,0.785399,-1.05057,0.0453554,-0.785398,0.523599,-0.523599,1.00327,0.00476766,0.65,0.568018,1,30,0.817839,0.00119339,-0.341364
9.156,0.785399,-1.05066,0.044982,-0.785398,0.523599,-0.523599,1.00401,0.00490248,0.65,0.568727,1,30,0.818543,0.00123035,-0.341033
9.158,0.785399,-1.05075,0.0446092,-0.785398,0.523599,-0.523599,1.00475,0.00503916,0.65,0.569436,1,30,0.819246,0.00126769,-0.340701
9.16,0.785399,-1.05084,0.0442369,-0.785398,0.523599,-0.523599,1.0055,0.00517771,0.65,0.570146,1,30,0.81995,0.00130538,-0.340367
9.162,0.785399,-1.05093,0.0438653,-0.785398,0.523599,-0.523599,1.00624,0.00531811,0.65,0.570855,1,30,0.820654,0.00134343,-0.340033
9.164,0.785399,-1.05103,0.0434942,-0.785398,0.523599,-0.523599,1.00698,0.00546038,0.65,0.571565,1,30,0.821358,0.00138183,-0.339698
9.166,0.785399,-1.05113,0.0431238,-0.785398,0.523599,-0.523599,1.00772,0.00560451,0.65,0.572275,1,30,0.822062,0.00142058,-0.339362
9.168,0.785399,-1.05124,0.0427539,-0.785398,0.523599,-0.523599,1.00846,0.0057505,0.65,0.572984,1,30,0.822765,0.00145968,-0.339025
9.17,0.785399,-1.05134,0.0423847,-0.785398,0.523599,-0.523599,1.0092,0.00589835,0.65,0.573694,1,30,0.823469,0.00149912,-0.338686
9.172,0.785399,-1.05145,0.042016,-0.785398,0.523599,-0.523599,1.00994,0.00604805,0.65,0.574404,1,30,0.824174,0.00153892,-0.338347
9.174,0.785399,-1.05156,0.041648,-0.785398,0.523599,-0.523599,1.01067,0.00619962,0.65,0.575115,1,30,0.824878,0.00157905,-0.338007
9.176,0.785399,-1.05168,0.0412806,-0.785398,0.523599,-0.523599,1.01141,0.00635304,0.65,0.575825,1,30,0.825582,0.00161954,-0.337666
9.178,0.785399,-1.05179,0.0409138,-0.785398,0.523599,-0.523599,1.01215,0.00650831,0.65,0.576535,1,30,0.826286,0.00166036,-0.337324
9.18,0.785399,-1.05191,0.0405476,-0.785398,0.523599,-0.523599,1.01289,0.00666544,0.65,0.577246,1,30,0.826991,0.00170153,-0.336981
9.182,0.785399,-1.05203,0.040182,-0.785398,0.523599,-0.523599,1.01362,0.00682441,0.65,0.577957,1,30,0.827695,0.00174305,-0.336638
9.184,0.785399,-1.05216,0.0398171,-0.785398,0.523599,-0.523599,1.01436,0.00698525,0.65,0.578667,1,30,0.8284,0.0017849,-0.336293
9.186,0.785399,-1.05229,0.0394527,-0.785398,0.523599,-0.523599,1.0151,0.00714793,0.65,0.579378,1,30,0.829104,0.0018271,-0.335947
9.188,0.785399,-1.05242,0.039089,-0.785398,0.523599,-0.523599,1.01583,0.00731246,0.65,0.580089,1,30,0.829809,0.00186964,-0.335601
9.19,0.785399,-1.05255,0.0387259,-0.785398,0.523599,-0.523599,1.01657,0.00747884,0.65,0.580801,1,30,0.830514,0.00191251,-0.335253
9.192,0.785399,-1.05269,0.0383634,-0.785398,0.523599,-0.523599,1.0173,0.00764707,0.65,0.581512,1,30,0.831219,0.00195573,-0.334905
9.194,0.785399,-1.05282,0.0380015,-0.785398,0.523599,-0.523599,1.01804,0.00781715,0.65,0.582224,1,30,0.831924,0.00199928,-0.334555
9.196,0.785399,-1.05297,0.0376403,-0.785398,0.523599,-0.523599,1.01877,0.00798907,0.65,0.582935,1,30,0.832629,0.00204317,-0.334205
9.198,0.785399,-1.05311,0.0372796,-0.785398,0.523599,-0.523599,1.01951,0.00816283,0.65,0.583647,1,30,0.833334,0.0020874,-0.333854
9.2,0.785399,-1.05326,0.0369197,-0.785398,0.523599,-0.523599,1.02024,0.00833844,0.65,0.584359,1,30,0.834039,0.00213197,-0.333502
9.202,0.785399,-1.05341,0.0365603,-0.785398,0.523599,-0.523599,1.02097,0.00851589,0.65,0.585071,1,30,0.834745,0.00217687,-0.333149
9.204,0.785399,-1.05356,0.0362016,-0.785398,0.523599,-0.523599,1.0217,0.00869518,0.65,0.585783,1,30,0.83545,0.00222211,-0.332796
9.206,0.785399,-1.05372,0.0358435,-0.785398,0.523599,-0.523599,1.02244,0.00887632,0.65,0.586496,1,30,0.836156,0.00226768,-0.332441
9.208,0.785399,-1.05387,0.035486,-0.785398,0.523599,-0.523599,1.02317,0.00905929,0.65,0.587208,1,30,0.836861,0.00231358,-0.332086
9.21,0.785399,-1.05404,0.0351292,-0.785398,0.523599,-0.523599,1.0239,0.0092441,0.65,0.587921,1,30,0.837567,0.00235982,-0.33173
9.212,0.785398,-1.0542,0.034773,-0.785398,0.523599,-0.523599,1.02463,0.00943074,0.65,0.588634,1,30,0.838273,0.0024064,-0.331373
9.214,0.785398,-1.05437,0.0344174,-0.785398,0.523599,-0.523599,1.02536,0.00961922,0.65,0.589347,1,30,0.838979,0.0024533,-0.331015
9.216,0.785398,-1.05454,0.0340625,-0.785398,0.523599,-0.523599,1.02609,0.00980954,0.65,0.59006,1,30,0.839685,0.00250054,-0.330656
9.218,0.785398,-1.05471,0.0337083,-0.785398,0.523599,-0.523599,1.02682,0.0100017,0.65,0.590774,1,30,0.840392,0.00254812,-0.330296
9.22,0.785398,-1.05488,0.0333546,-0.785398,0.523599,-0.523599,1.02755,0.0101957,0.65,0.591487,1,30,0.841098,0.00259602,-0.329936
9.222,0.785398,-1.05506,0.0330017,-0.785398,0.523599,-0.523599,1.02827,0.0103915,0.65,0.592201,1,30,0.841804,0.00264423,-0.329575
9.224,0.785398,-1.05524,0.0326493,-0.785398,0.523599,-0.523599,1.029,0.0105891,0.65,0.592915,1,30,0.842511,0.00269235,-0.329213
9.226,0.785398,-1.05543,0.0322976,-0.785398,0.523599,-0.523599,1.02973,0.0107886,0.65,0.593629,1,30,0.843218,0.00274037,-0.32885
9.228,0.785398,-1.05562,0.0319466,-0.785398,0.523599,-0.523599,1.03046,0.0109899,0.65,0.594343,1,30,0.843925,0.00278832,-0.328486
9.23,0.785398,-1.0558,0.0315962,-0.785398,0.523599,-0.523599,1.03118,0.011193,0.65,0.595057,1,30,0.844631,0.00283619,-0.328122
9.232,0.785398,-1.056,0.0312465,-0.785398,0.523599,-0.523599,1.03191,0.0113979,0.65,0.595771,1,30,0.845338,0.00288399,-0.327757
9.234,0.785398,-1.05619,0.0308974,-0.785398,0.523599,-0.523599,1.03263,0.0116047,0.65,0.596485,1,30,0.846045,0.00293174,-0.327391
9.236,0.785398,-1.05639,0.030549,-0.785398,0.523599,-0.523599,1.03336,0.0118133,0.65,0.597199,1,30,0.846752,0.00297943,-0.327024
9.238,0.785398,-1.05659,0.0302012,-0.785398,0.523599,-0.523599,1.03408,0.0120237,0.65,0.597913,1,30,0.847459,0.00302709,-0.326656
9.24,0.785398,-1.05679,0.029854,-0.785398,0.523599,-0.523599,1.0348,0.0122359,0.65,0.598627,1,30,0.848166,0.00307471,-0.326288
9.242,0.785398,-1.057,0.0295076,-0.785398,0.523599,-0.523599,1.03553,0.01245,0.65,0.599342,1,30,0.848873,0.0031223,-0.325918
9.244,0.785398,-1.0572,0.0291617,-0.785398,0.523599,-0.523599,1.03625,0.0126658,0.65,0.600056,1,30,0.84958,0.00316986,-0.325548
9.246,0.785398,-1.05741,0.0288166,-0.785398,0.523599,-0.523599,1.03697,0.0128835,0.65,0.60077,1,30,0.850287,0.00321741,-0.325177
9.248,0.785398,-1.05762,0.0284721,-0.785398,0.523599,-0.523599,1.03769,0.013103,0.65,0.601484,1,30,0.850994,0.00326495,-0.324805
9.25,0.785398,-1.05784,0.0281282,-0.785398,0.523599,-0.523599,1.03841,0.0133243,0.65,0.602198,1,30,0.851701,0.00331248,-0.324433
9.252,0.785398,-1.05805,0.027785,-0.785398,0.523599,-0.523599,1.03913,0.0135474,0.65,0.602912,1,30,0.852408,0.00336002,-0.324059
9.254,0.785398,-1.05827,0.0274425,-0.785398,0.523599,-0.523599,1.03985,0.0137724,0.65,0.603626,1,30,0.853115,0.00340755,-0.323685
9.256,0.785398,-1.05849,0.0271006,-0.785398,0.523599,-0.523599,1.04057,0.0139991,0.65,0.60434,1,30,0.853821,0.0034551,-0.32331
9.258,0.785398,-1.05872,0.0267594,-0.785398,0.523599,-0.523599,1.04129,0.0142276,0.65,0.605054,1,30,0.854528,0.00350267,-0.322935
9.26,0.785398,-1.05894,0.0264188,-0.785398,0.523599,-0.523599,1.04201,0.014458,0.65,0.605767,1,30,0.855235,0.00355026,-0.322558
9.262,0.785398,-1.05917,0.0260789,-0.785398,0.523599,-0.523599,1.04273,0.0146901,0.65,0.606481,1,30,0.855941,0.00359787,-0.322181
9.264,0.785398,-1.0594,0.0257397,-0.785398,0.523599,-0.523599,1.04344,0.0149241,0.65,0.607195,1,30,0.856648,0.00364551,-0.321802
9.266,0.785398,-1.05963,0.0254011,-0.785398,0.523599,-0.523599,1.04416,0.0151598,0.65,0.607908,1,30,0.857354,0.00369318,-0.321423
9.268,0.785398,-1.05986,0.0250632,-0.785398,0.523599,-0.523599,1.04488,0.0153974,0.65,0.608621,1,30,0.85806,0.0037409,-0.321044
9.27,0.785398,-1.0601,0.024726,-0.785398,0.523599,-0.523599,1.04559,0.0156367,0.65,0.609335,1,30,0.858766,0.00378865,-0.320663
9.272,0.785398,-1.06034,0.0243894,-0.785398,0.523599,-0.523599,1.0463,0.0158779,0.65,0.610048,1,30,0.859472,0.00383645,-0.320282
9.274,0.785398,-1.06058,0.0240535,-0.785398,0.523599,-0.523599,1.04702,0.0161208,0.65,0.610761,1,30,0.860178,0.00388431,-0.3199
9.276,0.785398,-1.06082,0.0237183,-0.785398,0.523599,-0.523599,1.04773,0.0163655,0.65,0.611474,1,30,0.860884,0.00393221,-0.319517
9.278,0.785398,-1.06106,0.0233837,-0.785398,0.523599,-0.523599,1.04844,0.016612,0.65,0.612186,1,30,0.861589,0.00398017,-0.319133
9.28,0.785398,-1.06131,0.0230498,-0.785398,0.523599,-0.523599,1.04916,0.0168604,0.65,0.612899,1,30,0.862295,0.00402819,-0.318748
9.282,0.785398,-1.06155,0.0227166,-0.785398,0.523599,-0.523599,1.04987,0.0171105,0.65,0.613611,1,30,0.863,0.00407628,-0.318363
9.284,0.785398,-1.0618,0.022384,-0.785398,0.523599,-0.523599,1.05058,0.0173623,0.65,0.614324,1,30,0.863705,0.00412443,-0.317977
9.286,0.785398,-1.06205,0.0220521,-0.785398,0.523599,-0.523599,1.05129,0.017616,0.65,0.615036,1,30,0.86441,0.00417266,-0.31759
9.288,0.785398,-1.06231,0.0217209,-0.785398,0.523599,-0.523599,1.052,0.0178715,0.65,0.615748,1,30,0.865115,0.00422095,-0.317202
9.29,0.785398,-1.06256,0.0213904,-0.785398,0.523599,-0.523599,1.05271,0.0181287,0.65,0.61646,1,30,0.865819,0.00426932,-0.316814
9.292,0.785398,-1.06282,0.0210605,-0.785398,0.523599,-0.523599,1.05341,0.0183877,0.65,0.617171,1,30,0.866524,0.00431777,-0.316424
9.294,0.785398,-1.06308,0.0207313,-0.785398,0.523599,-0.523599,1.05412,0.0186485,0.65,0.617883,1,30,0.867228,0.0043663,-0.316034
9.296,0.785398,-1.06334,0.0204028,-0.785398,0.523599,-0.523599,1.05483,0.0189111,0.65,0.618594,1,30,0.867932,0.00441492,-0.315643
9.298,0.785398,-1.0636,0.020075,-0.785398,0.523599,-0.523599,1.05553,0.0191755,0.65,0.619305,1,30,0.868635,0.00446362,-0.315252
9.3,0.785398,-1.06386,0.0197478,-0.785398,0.523599,-0.523599,1.05624,0.0194416,0.65,0.620016,1,30,0.869339,0.00451241,-0.314859
9.302,0.785398,-1.06412,0.0194214,-0.785398,0.523599,-0.523599,1.05694,0.0197095,0.65,0.620726,1,30,0.870042,0.00456129,-0.314466
9.304,0.785398,-1.06439,0.0190956,-0.785398,0.523599,-0.523599,1.05765,0.0199791,0.65,0.621437,1,30,0.870745,0.00461027,-0.314072
9.306,0.785398,-1.06466,0.0187704,-0.785398,0.523599,-0.523599,1.05835,0.0202506,0.65,0.622147,1,30,0.871448,0.00465934,-0.313677
9.308,0.785398,-1.06493,0.018446,-0.785398,0.523599,-0.523599,1.05906,0.0205238,0.65,0.622857,1,30,0.872151,0.0047085,-0.313282
9.31,0.785398,-1.0652,0.0181222,-0.785398,0.523599,-0.523599,1.05976,0.0207987,0.65,0.623567,1,30,0.872853,0.00475777,-0.312885
9.312,0.785398,-1.06547,0.0177992,-0.785398,0.523599,-0.523599,1.06046,0.0210755,0.65,0.624276,1,30,0.873555,0.00480714,-0.312488
9.314,0.785398,-1.06575,0.0174768,-0.785398,0.523599,-0.523599,1.06116,0.021354,0.65,0.624985,1,30,0.874257,0.00485661,-0.31209
9.316,0.785398,-1.06602,0.0171551,-0.785398,0.523599,-0.523599,1.06186,0.0216342,0.65,0.625694,1,30,0.874958,0.00490619,-0.311692
9.318,0.785398,-1.0663,0.0168341,-0.785398,0.523599,-0.523599,1.06256,0.0219162,0.65,0.626403,1,30,0.87566,0.00495588,-0.311292
9.32,0.785398,-1.06658,0.0165137,-0.785398,0.523599,-0.523599,1.06326,0.0222,0.65,0.627112,1,30,0.876361,0.00500567,-0.310892
9.322,0.785398,-1.06686,0.0161941,-0.785398,0.523599,-0.523599,1.06395,0.0224855,0.65,0.62782,1,30,0.877062,0.00505558,-0.310491
9.324,0.785398,-1.06714,0.0158751,-0.785398,0.523599,-0.523599,1.06465,0.0227728,0.65,0.628528,1,30,0.877762,0.00510559,-0.31009
9.326,0.785398,-1.06742,0.0155568,-0.785398,0.523599,-0.523599,1.06535,0.0230618,0.65,0.629236,1,30,0.878462,0.00515572,-0.309687
9.328,0.785398,-1.06771,0.0152393,-0.785398,0.523599,-0.523599,1.06604,0.0233526,0.65,0.629943,1,30,0.879162,0.00520597,-0.309284
9.33,0.785398,-1.06799,0.0149224,-0.785398,0.523599,-0.523599,1.06674,0.0236451,0.65,0.63065,1,30,0.879862,0.00525633,-0.30888
9.332,0.785398,-1.06828,0.0146062,-0.785398,0.523599,-0.523599,1.06743,0.0239394,0.65,0.631357,1,30,0.880561,0.00530682,-0.308475
9.334,0.785398,-1.06857,0.0142907,-0.785398,0.523599,-0.523599,1.06813,0.0242354,0.65,0.632064,1,30,0.88126,0.00535742,-0.30807
9.336,0.785398,-1.06886,0.0139758,-0.785398,0.523599,-0.523599,1.06882,0.0245332,0.65,0.63277,1,30,0.881959,0.00540814,-0.307663
9.338,0.785398,-1.06915,0.0136617,-0.785398,0.523599,-0.523599,1.06951,0.0248327,0.65,0.633476,1,30,0.882658,0.00545898,-0.307256
9.34,0.785398,-1.06945,0.0133483,-0.785398,0.523599,-0.523599,1.0702,0.0251339,0.65,0.634182,1,30,0.883356,0.00550995,-0.306848
9.342,0.785398,-1.06974,0.0130356,-0.785398,0.523599,-0.523599,1.07089,0.0254369,0.65,0.634888,1,30,0.884054,0.00556104,-0.30644
9.344,0.785398,-1.07004,0.0127235,-0.785398,0.523599,-0.523599,1.07158,0.0257416,0.65,0.635593,1,30,0.884751,0.00561226,-0.306031
9.346,0.785398,-1.07033,0.0124122,-0.785398,0.523599,-0.523599,1.07227,0.026048,0.65,0.636298,1,30,0.885448,0.00566361,-0.30562
9.348,0.785398,-1.07063,0.0121015,-0.785398,0.523599,-0.523599,1.07296,0.0263562,0.65,0.637002,1,30,0.886145,0.00571508,-0.30521
9.35,0.785398,-1.07093,0.0117916,-0.785398,0.523599,-0.523599,1.07365,0.0266661,0.65,0.637705,1,30,0.886842,0.00575554,-0.304798
9.352,0.785398,-1.07123,0.0114824,-0.785398,0.523599,-0.523599,1.07433,0.0269777,0.65,0.638405,1,30,0.887538,0.005779,-0.304386
9.354,0.785398,-1.07153,0.0111738,-0.785398,0.523599,-0.523599,1.07502,0.027291,0.65,0.639104,1,30,0.888233,0.00580282,-0.303973
9.356,0.785398,-1.07184,0.010866,-0.785398,0.523599,-0.523599,1.0757,0.0276061,0.65,0.639803,1,30,0.888929,0.00582698,-0.303559
9.358,0.785398,-1.07214,0.0105588,-0.785398,0.523599,-0.523599,1.07639,0.0279229,0.65,0.640502,1,30,0.889624,0.00585149,-0.303144
9.36,0.785398,-1.07245,0.0102524,-0.785398,0.523599,-0.523599,1.07707,0.0282414,0.65,0.6412,1,30,0.890319,0.00587633,-0.302729
9.362,0.785398,-1.07276,0.00994665,-0.785398,0.523599,-0.523599,1.07775,0.0285616,0.65,0.641898,1,30,0.891013,0.00590151,-0.302313
9.364,0.785398,-1.07306,0.00964162,-0.785398,0.523599,-0.523599,1.07844,0.0288836,0.65,0.642596,1,30,0.891707,0.00592702,-0.301896
9.366,0.785398,-1.07337,0.00933729,-0.785398,0.523599,-0.523599,1.07912,0.0292072,0.65,0.643294,1,30,0.892401,0.00595285,-0.301478
9.368,0.785398,-1.07369,0.00903367,-0.785398,0.523599,-0.523599,1.0798,0.0295326,0.65,0.643991,1,30,0.893094,0.00598066,-0.30106
9.37,0.785397,-1.074,0.00873075,-0.785398,0.523599,-0.523599,1.08048,0.0298597,0.65,0.644703,1,30,0.893787,0.00610695,-0.300641
9.372,0.785396,-1.07431,0.00842855,-0.785398,0.523599,-0.523599,1.08116,0.0301884,0.65,0.645414,1,30,0.894479,0.00623086,-0.300221
9.374,0.785395,-1.07462,0.00812705,-0.785398,0.523599,-0.523599,1.08183,0.0305189,0.65,0.646127,1,30,0.895171,0.00636956,-0.299801
9.376,0.785393,-1.07494,0.00782626,-0.785398,0.523599,-0.523599,1.08251,0.0308511,0.65,0.646839,1,30,0.895863,0.0065062,-0.29938
9.378,0.785391,-1.07526,0.00752618,-0.785398,0.523599,-0.523599,1.08319,0.031185,0.65,0.647548,1,30,0.896554,0.0066248,-0.298958
9.38,0.785389,-1.07557,0.00722681,-0.785398,0.523599,-0.523599,1.08386,0.0315206,0.65,0.648256,1,30,0.897245,0.00674259,-0.298535
9.382,0.785386,-1.07589,0.00692815,-0.785398,0.523599,-0.523599,1.08454,0.0318578,0.65,0.648964,1,30,0.897935,0.00686059,-0.298112
9.384,0.785383,-1.07621,0.00663021,-0.785398,0.523599,-0.523599,1.08521,0.0321968,0.65,0.649671,1,30,0.898624,0.00697898,-0.297688
9.386,0.785379,-1.07654,0.00633298,-0.785398,0.523599,-0.523599,1.08588,0.0325375,0.65,0.650378,1,30,0.899314,0.00709775,-0.297263
9.388,0.785375,-1.07686,0.00603646,-0.785398,0.523599,-0.523599,1.08655,0.0328798,0.65,0.651085,1,30,0.900002,0.0072169,-0.296838
9.39,0.785371,-1.07718,0.00574066,-0.785398,0.523599,-0.523599,1.08722,0.0332239,0.65,0.651791,1,30,0.90069,0.00733643,-0.296412
9.392,0.785366,-1.07751,0.00544557,-0.785398,0.523599,-0.523599,1.08789,0.0335696,0.65,0.652497,1,30,0.901378,0.00746114,-0.295985
9.394,0.785361,-1.07783,0.0051512,-0.785398,0.523599,-0.523599,1.08856,0.033917,0.65,0.653205,1,30,0.902065,0.00760111,-0.295557
9.396,0.785356,-1.07816,0.00485755,-0.785398,0.523599,-0.523599,1.08923,0.0342661,0.65,0.653913,1,30,0.902752,0.00773736,-0.295129
9.398,0.78535,-1.07848,0.00456461,-0.785398,0.523599,-0.523599,1.0899,0.0346168,0.65,0.654617,1,30,0.903438,0.00785878,-0.2947
9.4,0.785344,-1.07881,0.0042724,-0.785398,0.523599,-0.523599,1.09057,0.0349693,0.65,0.655321,1,30,0.904124,0.00797953,-0.29427
9.402,0.785338,-1.07914,0.0039809,-0.785398,0.523599,-0.523599,1.09123,0.0353234,0.65,0.656024,1,30,0.904809,0.00810046,-0.29384
9.404,0.785331,-1.07947,0.00369013,-0.785398,0.523599,-0.523599,1.0919,0.0356792,0.65,0.656727,1,30,0.905494,0.0082217,-0.293409
9.406,0.785324,-1.07981,0.00340007,-0.785398,0.523599,-0.523599,1.09256,0.0360367,0.65,0.65743,1,30,0.906178,0.00834327,-0.292977
9.408,0.785317,-1.08014,0.00311074,-0.785398,0.523599,-0.523599,1.09322,0.0363958,0.65,0.658132,1,30,0.906862,0.00846515,-0.292545
9.41,0.785309,-1.08047,0.00282213,-0.785398,0.523599,-0.523599,1.09389,0.0367566,0.65,0.658833,1,30,0.907545,0.00858735,-0.292112
9.412,0.785301,-1.08081,0.00253425,-0.785398,0.523599,-0.523599,1.09455,0.037119,0.65,0.659534,1,30,0.908228,0.00870985,-0.291678
9.414,0.785293,-1.08114,0.00224709,-0.785398,0.523599,-0.523599,1.09521,0.0374831,0.65,0.660235,1,30,0.90891,0.00883265,-0.291243
9.416,0.785285,-1.08148,0.00196066,-0.785398,0.523599,-0.523599,1.09587,0.0378489,0.65,0.660935,1,30,0.909592,0.00895573,-0.290808
9.418,0.785276,-1.08182,0.00167495,-0.785398,0.523599,-0.523599,1.09652,0.0382163,0.65,0.661636,1,30,0.910273,0.00908982,-0.290372
9.42,0.785267,-1.08216,0.00138997,-0.785398,0.523599,-0.523599,1.09718,0.0385854,0.65,0.662338,1,30,0.910954,0.00923164,-0.289935
9.422,0.785258,-1.0825,0.00110571,-0.785398,0.523599,-0.523599,1.09784,0.0389561,0.65,0.66304,1,30,0.911634,0.00937415,-0.289498
9.424,0.785249,-1.08284,0.00082219,-0.785398,0.523599,-0.523599,1.09849,0.0393285,0.65,0.663741,1,30,0.912314,0.00951679,-0.28906
9.426,0.78524,-1.08318,0.000539395,-0.785398,0.523599,-0.523599,1.09915,0.0397026,0.65,0.664442,1,30,0.912993,0.00965948,-0.288621
9.428,0.785231,-1.08352,0.000257331,-0.785398,0.523599,-0.523599,1.0998,0.0400782,0.65,0.665142,1,30,0.913672,0.00980219,-0.288182
9.43,0.785221,-1.08386,-2.40019e-05,-0.785398,0.523599,-0.523599,1.10045,0.0404555,0.65,0.665842,1,30,0.91435,0.00994493,-0.287742
9.432,0.785211,-1.08421,-0.000304603,-0.785398,0.523599,-0.523599,1.10111,0.0408345,0.65,0.666541,1,30,0.915028,0.0100877,-0.287301
9.434,0.785201,-1.08455,-0.000584471,-0.785398,0.523599,-0.523599,1.10176,0.0412151,0.65,0.66724,1,30,0.915706,0.0102304,-0.286859
9.436,0.785191,-1.0849,-0.000863605,-0.785398,0.523599,-0.523599,1.10241,0.0415973,0.65,0.667938,1,30,0.916382,0.0103732,-0.286417
9.438,0.785181,-1.08525,-0.00114201,-0.785398,0.523599,-0.523599,1.10306,0.0419812,0.65,0.668636,1,30,0.917059,0.010516,-0.285974
9.44,0.785171,-1.08559,-0.00141967,-0.785398,0.523599,-0.523599,1.1037,0.0423667,0.65,0.669333,1,30,0.917735,0.0106588,-0.285531
9.442,0.785161,-1.08594,-0.0016966,-0.785398,0.523599,-0.523599,1.10435,0.0427538,0.65,0.67003,1,30,0.91841,0.0108016,-0.285087
9.444,0.78515,-1.08629,-0.00197279,-0.785398,0.523599,-0.523599,1.105,0.0431425,0.65,0.670726,1,30,0.919085,0.0109444,-0.284642
9.446,0.785139,-1.08664,-0.00224825,-0.785398,0.523599,-0.523599,1.10564,0.0435329,0.65,0.671422,1,30,0.919759,0.0110871,-0.284196
9.448,0.785129,-1.08699,-0.00252296,-0.785398,0.523599,-0.523599,1.10629,0.0439249,0.65,0.672117,1,30,0.920433,0.0112299,-0.28375
9.45,0.785118,-1.08735,-0.00279694,-0.785398,0.523599,-0.523599,1.10693,0.0443185,0.65,0.672812,1,30,0.921106,0.0113727,-0.283303
9.452,0.785107,-1.0877,-0.00307017,-0.785398,0.523599,-0.523599,1.10757,0.0447137,0.65,0.673506,1,30,0.921779,0.0115154,-0.282855
9.454,0.785096,-1.08805,-0.00334267,-0.785398,0.523599,-0.523599,1.10821,0.0451105,0.65,0.6742,1,30,0.922451,0.0116581,-0.282407
9.456,0.785084,-1.08841,-0.00361442,-0.785398,0.523599,-0.523599,1.10885,0.0455089,0.65,0.674893,1,30,0.923123,0.0118008,-0.281958
9.458,0.785073,-1.08876,-0.00388543,-0.785398,0.523599,-0.523599,1.10949,0.045909,0.65,0.675586,1,30,0.923795,0.0119435,-0.281508
9.46,0.785062,-1.08912,-0.0041557,-0.785398,0.523599,-0.523599,1.11013,0.0463106,0.65,0.676278,1,30,0.924465,0.0120861,-0.281058
9.462,0.78505,-1.08948,-0.00442522,-0.785398,0.523599,-0.523599,1.11077,0.0467139,0.65,0.67697,1,30,0.925136,0.0122287,-0.280607
9.464,0.785039,-1.08984,-0.004694,-0.785398,0.523599,-0.523599,1.1114,0.0471187,0.65,0.677661,1,30,0.925805,0.0123713,-0.280155
9.466,0.785027,-1.0902,-0.00496204,-0.785398,0.523599,-0.523599,1.11204,0.0475252,0.65,0.678352,1,30,0.926475,0.0125138,-0.279703
9.468,0.785015,-1.09056,-0.00522932,-0.785398,0.523599,-0.523599,1.11267,0.0479332,0.65,0.679042,1,30,0.927143,0.0126563,-0.27925
9.47,0.785004,-1.09092,-0.00549586,-0.785398,0.523599,-0.523599,1.11331,0.0483429,0.65,0.679731,1,30,0.927811,0.0127987,-0.278796
9.472,0.784992,-1.09128,-0.00576165,-0.785398,0.523599,-0.523599,1.11394,0.0487541,0.65,0.68042,1,30,0.928479,0.0129411,-0.278342
9.474,0.78498,-1.09164,-0.00602669,-0.785398,0.523599,-0.523599,1.11457,0.0491669,0.65,0.681109,1,30,0.929146,0.0130835,-0.277887
9.476,0.784968,-1.092,-0.00629099,-0.785398,0.523599,-0.523599,1.1152,0.0495813,0.65,0.681797,1,30,0.929813,0.0132258,-0.277431
9.478,0.784956,-1.09237,-0.00655453,-0.785398,0.523599,-0.523599,1.11583,0.0499973,0.65,0.682484,1,30,0.930479,0.013368,-0.276975
9.48,0.784943,-1.09273,-0.00681732,-0.785398,0.523599,-0.523599,1.11645,0.0504148,0.65,0.683171,1,30,0.931144,0.0135102,-0.276518
9.482,0.784931,-1.0931,-0.00707936,-0.785398,0.523599,-0.523599,1.11708,0.050834,0.65,0.683857,1,30,0.931809,0.0136523,-0.27606
9.484,0.784919,-1.09346,-0.00734064,-0.785398,0.523599,-0.523599,1.11771,0.0512547,0.65,0.684543,1,30,0.932474,0.0137943,-0.275602
9.486,0.784907,-1.09383,-0.00760117,-0.785398,0.523599,-0.523599,1.11833,0.051677,0.65,0.685228,1,30,0.933138,0.0139363,-0.275143
9.488,0.784894,-1.0942,-0.00786095,-0.785398,0.523599,-0.523599,1.11896,0.0521008,0.65,0.685913,1,30,0.933801,0.0140782,-0.274683
9.49,0.784882,-1.09457,-0.00811997,-0.785398,0.523599,-0.523599,1.11958,0.0525262,0.65,0.686597,1,30,0.934464,0.01422,-0.274223
9.492,0.784869,-1.09494,-0.00837824,-0.785398,0.523599,-0.523599,1.1202,0.0529532,0.65,0.687281,1,30,0.935127,0.0143618,-0.273762
9.494,0.784857,-1.09531,-0.00863574,-0.785398,0.523599,-0.523599,1.12082,0.0533817,0.65,0.687964,1,30,0.935788,0.0145034,-0.2733
9.496,0.784844,-1.09568,-0.00889249,-0.785398,0.523599,-0.523599,1.12144,0.0538118,0.65,0.688646,1,30,0.93645,0.014645,-0.272838
9.498,0.784832,-1.09605,-0.00914849,-0.785398,0.523599,-0.523599,1.12206,0.0542435,0.65,0.689328,1,30,0.93711,0.0147865,-0.272375
9.5,0.784819,-1.09642,-0.00940372,-0.785398,0.523599,-0.523599,1.12267,0.0546767,0.65,0.69001,1,30,0.937771,0.0149279,-0.271912
9.502,0.784806,-1.09679,-0.00965819,-0.785398,0.523599,-0.523599,1.12329,0.0551114,0.65,0.690691,1,30,0.93843,0.0150693,-0.271447
9.504,0.784794,-1.09717,-0.0099119,-0.785398,0.523599,-0.523599,1.12391,0.0555477,0.65,0.691371,1,30,0.939089,0.0152105,-0.270983
9.506,0.784781,-1.09754,-0.0101649,-0.785398,0.523599,-0.523599,1.12452,0.0559856,0.65,0.692051,1,30,0.939748,0.0153516,-0.270517
9.508,0.784768,-1.09792,-0.010417,-0.785398,0.523599,-0.523599,1.12513,0.056425,0.65,0.69273,1,30,0.940406,0.0154927,-0.270051
9.51,0.784755,-1.09829,-0.0106685,-0.785398,0.523599,-0.523599,1.12574,0.0568659,0.65,0.693408,1,30,0.941063,0.0156336,-0.269584
9.512,0.784743,-1.09867,-0.0109191,-0.785398,0.523599,-0.523599,1.12635,0.0573084,0.65,0.694086,1,30,0.94172,0.0157745,-0.269117
9.514,0.78473,-1.09905,-0.011169,-0.785398,0.523599,-0.523599,1.12696,0.0577523,0.65,0.694764,1,30,0.942376,0.0159152,-0.268648
9.516,0.784717,-1.09942,-0.0114181,-0.785398,0.523599,-0.523599,1.12757,0.0581979,0.65,0.695441,1,30,0.943032,0.0160558,-0.26818
9.518,0.784704,-1.0998,-0.0116665,-0.785398,0.523599,-0.523599,1.12818,0.0586449,0.65,0.696117,1,30,0.943687,0.0161963,-0.26771
9.52,0.784691,-1.10018,-0.0119141,-0.785398,0.523599,-0.523599,1.12878,0.0590935,0.65,0.696793,1,30,0.944342,0.0163367,-0.26724
9.522,0.784678,-1.10056,-0.0121609,-0.785398,0.523599,-0.523599,1.12939,0.0595436,0.65,0.697468,1,30,0.944996,0.016477,-0.26677
9.524,0.784665,-1.10094,-0.012407,-0.785398,0.523599,-0.523599,1.12999,0.0599952,0.65,0.698142,1,30,0.94565,0.0166172,-0.266298
9.526,0.784652,-1.10132,-0.0126523,-0.785398,0.523599,-0.523599,1.1306,0.0604483,0.65,0.698816,1,30,0.946303,0.0167573,-0.265826
9.528,0.784639,-1.10171,-0.0128968,-0.785398,0.523599,-0.523599,1.1312,0.060903,0.65,0.69949,1,30,0.946955,0.0168972,-0.265354
9.53,0.784626,-1.10209,-0.0131405,-0.785398,0.523599,-0.523599,1.1318,0.0613591,0.65,0.700162,1,30,0.947607,0.017037,-0.26488
9.532,0.784613,-1.10247,-0.0133835,-0.785398,0.523599,-0.523599,1.1324,0.0618168,0.65,0.700835,1,30,0.948258,0.0171767,-0.264407
9.534,0.7846,-1.10286,-0.0136257,-0.785398,0.523599,-0.523599,1.133,0.062276,0.65,0.701506,1,30,0.948909,0.0173162,-0.263932
9.536,0.784587,-1.10324,-0.0138672,-0.785398,0.523599,-0.523599,1.13359,0.0627366,0.65,0.702177,1,30,0.949559,0.0174557,-0.263457
9.538,0.784574,-1.10363,-0.0141078,-0.785398,0.523599,-0.523599,1.13419,0.0631988,0.65,0.702848,1,30,0.950209,0.017595,-0.262981
9.54,0.784561,-1.10401,-0.0143477,-0.785398,0.523599,-0.523599,1.13478,0.0636625,0.65,0.703518,1,30,0.950858,0.0177341,-0.262505
9.542,0.784548,-1.1044,-0.0145868,-0.785398,0.523599,-0.523599,1.13538,0.0641276,0.65,0.704187,1,30,0.951506,0.0178732,-0.262028
9.544,0.784535,-1.10479,-0.0148251,-0.785398,0.523599,-0.523599,1.13597,0.0645943,0.65,0.704856,1,30,0.952154,0.018012,-0.26155
9.546,0.784522,-1.10517,-0.0150627,-0.785398,0.523599,-0.523599,1.13656,0.0650624,0.65,0.705524,1,30,0.952801,0.0181508,-0.261072
9.548,0.784509,-1.10556,-0.0152994,-0.785398,0.523599,-0.523599,1.13715,0.065532,0.65,0.706191,1,30,0.953448,0.0182894,-0.260593
9.55,0.784497,-1.10595,-0.0155354,-0.785398,0.523599,-0.523599,1.13774,0.0660031,0.65,0.706858,1,30,0.954094,0.0184279,-0.260114
9.552,0.784484,-1.10634,-0.0157706,-0.785398,0.523599,-0.523599,1.13833,0.0664757,0.65,0.707524,1,30,0.954739,0.0185662,-0.259633
9.554,0.784471,-1.10673,-0.0160051,-0.785398,0.523599,-0.523599,1.13891,0.0669497,0.65,0.70819,1,30,0.955384,0.0187043,-0.259153
9.556,0.784458,-1.10712,-0.0162387,-0.785398,0.523599,-0.523599,1.1395,0.0674252,0.65,0.708855,1,30,0.956029,0.0188423,-0.258671
9.558,0.784445,-1.10752,-0.0164716,-0.785398,0.523599,-0.523599,1.14008,0.0679022,0.65,0.709519,1,30,0.956672,0.0189802,-0.258189
9.56,0.784432,-1.10791,-0.0167037,-0.785398,0.523599,-0.523599,1.14066,0.0683807,0.65,0.710183,1,30,0.957316,0.0191179,-0.257707
9.562,0.784419,-1.1083,-0.016935,-0.785398,0.523599,-0.523599,1.14124,0.0688606,0.65,0.710846,1,30,0.957958,0.0192555,-0.257223
9.564,0.784406,-1.1087,-0.0171655,-0.785398,0.523599,-0.523599,1.14183,0.069342,0.65,0.711509,1,30,0.9586,0.0193929,-0.256739
9.566,0.784393,-1.10909,-0.0173952,-0.785398,0.523599,-0.523599,1.1424,0.0698248,0.65,0.712171,1,30,0.959241,0.0195301,-0.256255
9.568,0.784381,-1.10948,-0.0176242,-0.785398,0.523599,-0.523599,1.14298,0.0703091,0.65,0.712832,1,30,0.959882,0.0196672,-0.25577
9.57,0.784368,-1.10988,-0.0178523,-0.785398,0.523599,-0.523599,1.14356,0.0707949,0.65,0.713493,1,30,0.960523,0.0198041,-0.255284
9.572,0.784355,-1.11028,-0.0180797,-0.785398,0.523599,-0.523599,1.14413,0.0712821,0.65,0.714153,1,30,0.961162,0.0199409,-0.254798
9.574,0.784342,-1.11067,-0.0183063,-0.785398,0.523599,-0.523599,1.14471,0.0717707,0.65,0.714813,1,30,0.961801,0.0200775,-0.254311
9.576,0.784329,-1.11107,-0.0185321,-0.785398,0.523599,-0.523599,1.14528,0.0722608,0.65,0.715472,1,30,0.96244,0.0202139,-0.253823
9.578,0.784317,-1.11147,-0.0187571,-0.785398,0.523599,-0.523599,1.14585,0.0727523,0.65,0.71613,1,30,0.963077,0.0203501,-0.253335
9.58,0.784304,-1.11187,-0.0189813,-0.785398,0.523599,-0.523599,1.14642,0.0732452,0.65,0.716787,1,30,0.963715,0.0204862,-0.252847
9.582,0.784291,-1.11227,-0.0192047,-0.785398,0.523599,-0.523599,1.14699,0.0737396,0.65,0.717444,1,30,0.964351,0.0206221,-0.252357
9.584,0.784279,-1.11266,-0.0194274,-0.785398,0.523599,-0.523599,1.14756,0.0742354,0.65,0.718101,1,30,0.964987,0.0207579,-0.251867
9.586,0.784266,-1.11307,-0.0196492,-0.785398,0.523599,-0.523599,1.14813,0.0747327,0.65,0.718757,1,30,0.965623,0.0208934,-0.251377
9.588,0.784254,-1.11347,-0.0198703,-0.785398,0.523599,-0.523599,1.14869,0.0752313,0.65,0.719412,1,30,0.966257,0.0210288,-0.250885
9.59,0.784241,-1.11387,-0.0200905,-0.785398,0.523599,-0.523599,1.14926,0.0757314,0.65,0.720066,1,30,0.966891,0.021164,-0.250394
9.592,0.784229,-1.11427,-0.02031,-0.785398,0.523599,-0.523599,1.14982,0.0762329,0.65,0.72072,1,30,0.967525,0.021299,-0.249901
9.594,0.784216,-1.11467,-0.0205286,-0.785398,0.523599,-0.523599,1.15038,0.0767358,0.65,0.721373,1,30,0.968158,0.0214339,-0.249408
9.596,0.784204,-1.11507,-0.0207465,-0.785398,0.523599,-0.523599,1.15094,0.0772401,0.65,0.722026,1,30,0.96879,0.0215686,-0.248915
9.598,0.784191,-1.11548,-0.0209635,-0.785398,0.523599,-0.523599,1.1515,0.0777459,0.65,0.722677,1,30,0.969422,0.021703,-0.248421
9.6,0.784179,-1.11588,-0.0211798,-0.785398,0.523599,-0.523599,1.15206,0.078253,0.65,0.723329,1,30,0.970053,0.0218373,-0.247926
9.602,0.784167,-1.11629,-0.0213953,-0.785398,0.523599,-0.523599,1.15262,0.0787615,0.65,0.723979,1,30,0.970684,0.0219714,-0.24743
9.604,0.784154,-1.11669,-0.0216099,-0.785398,0.523599,-0.523599,1.15317,0.0792714,0.65,0.724629,1,30,0.971313,0.0221054,-0.246934
9.606,0.784142,-1.1171,-0.0218238,-0.785398,0.523599,-0.523599,1.15373,0.0797828,0.65,0.725278,1,30,0.971943,0.0222391,-0.246438
9.608,0.78413,-1.11751,-0.0220369,-0.785398,0.523599,-0.523599,1.15428,0.0802955,0.65,0.725927,1,30,0.972571,0.0223726,-0.245941
9.61,0.784118,-1.11791,-0.0222491,-0.785398,0.523599,-0.523599,1.15483,0.0808096,0.65,0.726575,1,30,0.973199,0.022506,-0.245443
9.612,0.784106,-1.11832,-0.0224606,-0.785398,0.523599,-0.523599,1.15538,0.0813251,0.65,0.727222,1,30,0.973827,0.0226391,-0.244945
9.614,0.784094,-1.11873,-0.0226713,-0.785398,0.523599,-0.523599,1.15593,0.0818419,0.65,0.727869,1,30,0.974453,0.0227721,-0.244446
9.616,0.784082,-1.11914,-0.0228811,-0.785398,0.523599,-0.523599,1.15648,0.0823602,0.65,0.728515,1,30,0.975079,0.0229049,-0.243946
9.618,0.78407,-1.11955,-0.0230902,-0.785398,0.523599,-0.523599,1.15702,0.0828798,0.65,0.72916,1,30,0.975705,0.0230374,-0.243446
9.62,0.784058,-1.11996,-0.0232984,-0.785398,0.523599,-0.523599,1.15757,0.0834008,0.65,0.729805,1,30,0.97633,0.0231698,-0.242945
9.622,0.784046,-1.12037,-0.0235058,-0.785398,0.523599,-0.523599,1.15811,0.0839232,0.65,0.730449,1,30,0.976954,0.023302,-0.242444
9.624,0.784034,-1.12078,-0.0237125,-0.785398,0.523599,-0.523599,1.15865,0.0844469,0.65,0.731093,1,30,0.977577,0.0234339,-0.241942
9.626,0.784022,-1.12119,-0.0239183,-0.785398,0.523599,-0.523599,1.1592,0.084972,0.65,0.731733,2,30,0.980268,0.00976674,-0.24216
9.628,0.78401,-1.1216,-0.0241233,-0.785398,0.523599,-0.523599,1.15974,0.0854984,0.65,0.732361,2,30,0.980887,0.00982388,-0.241659
9.63,0.783999,-1.12201,-0.0243275,-0.785398,0.523599,-0.523599,1.16027,0.0860262,0.65,0.732988,2,30,0.981506,0.00988191,-0.241157
9.632,0.783987,-1.12242,-0.0245309,-0.785398,0.523599,-0.523599,1.16081,0.0865554,0.65,0.733614,2,30,0.982123,0.00993995,-0.240655
9.634,0.783975,-1.12284,-0.0247335,-0.785398,0.523599,-0.523599,1.16135,0.0870859,0.65,0.73424,2,30,0.98274,0.00999806,-0.240152
9.636,0.783964,-1.12325,-0.0249353,-0.785398,0.523599,-0.523599,1.16188,0.0876177,0.65,0.734865,2,30,0.983357,0.0100556,-0.239648
9.638,0.783952,-1.12367,-0.0251362,-0.785398,0.523599,-0.523599,1.16241,0.0881509,0.65,0.73549,2,30,0.983973,0.0101143,-0.239144
9.64,0.783941,-1.12408,-0.0253364,-0.785398,0.523599,-0.523599,1.16295,0.0886854,0.65,0.736114,2,30,0.984588,0.0101721,-0.238639
9.642,0.783929,-1.1245,-0.0255357,-0.785398,0.523599,-0.523599,1.16348,0.0892213,0.65,0.736737,2,30,0.985202,0.0102311,-0.238134
9.644,0.783918,-1.12491,-0.0257342,-0.785398,0.523599,-0.523599,1.16401,0.0897585,0.65,0.73736,2,30,0.985816,0.0102896,-0.237628
9.646,0.783906,-1.12533,-0.0259319,-0.785398,0.523599,-0.523599,1.16453,0.090297,0.65,0.737981,2,30,0.986429,0.010348,-0.237121
9.648,0.783895,-1.12575,-0.0261288,-0.785398,0.523599,-0.523599,1.16506,0.0908368,0.65,0.738603,2,30,0.987042,0.0104066,-0.236614
9.65,0.783884,-1.12616,-0.0263249,-0.785398,0.523599,-0.523599,1.16558,0.091378,0.65,0.739223,2,30,0.987654,0.0104653,-0.236107
9.652,0.783873,-1.12658,-0.0265201,-0.785398,0.523599,-0.523599,1.16611,0.0919205,0.65,0.739843,2,30,0.988265,0.010524,-0.235598
9.654,0.783862,-1.127,-0.0267145,-0.785398,0.523599,-0.523599,1.16663,0.0924643,0.65,0.740463,2,30,0.988875,0.0105829,-0.23509
9.656,0.78385,-1.12742,-0.0269081,-0.785398,0.523599,-0.523599,1.16715,0.0930094,0.65,0.741081,2,30,0.989485,0.0106418,-0.23458
9.658,0.783839,-1.12784,-0.0271009,-0.785398,0.523599,-0.523599,1.16767,0.0935558,0.65,0.7417,2,30,0.990094,0.0107008,-0.23407
9.66,0.783828,-1.12826,-0.0272929,-0.785398,0.523599,-0.523599,1.16819,0.0941035,0.65,0.742315,2,30,0.990703,0.0107495,-0.23356
9.662,0.783818,-1.12868,-0.0274841,-0.785398,0.523599,-0.523599,1.16871,0.0946525,0.65,0.74293,2,30,0.991311,0.0107935,-0.233049
9.664,0.783807,-1.1291,-0.0276744,-0.785398,0.523599,-0.523599,1.16922,0.0952029,0.65,0.743544,2,30,0.991918,0.0108377,-0.232537
9.666,0.783796,-1.12952,-0.0278639,-0.785398,0.523599,-0.523599,1.16974,0.0957545,0.65,0.744157,2,30,0.992524,0.0108819,-0.232025
9.668,0.783785,-1.12994,-0.0280526,-0.785398,0.523599,-0.523599,1.17025,0.0963074,0.65,0.744769,2,30,0.99313,0.0109263,-0.231512
9.67,0.783774,-1.13036,-0.0282404,-0.785398,0.523599,-0.523599,1.17076,0.0968616,0.65,0.745381,2,30,0.993735,0.0109707,-0.230999
9.672,0.783764,-1.13079,-0.0284275,-0.785398,0.523599,-0.523599,1.17127,0.097417,0.65,0.745992,2,30,0.99434,0.0110153,-0.230485
9.674,0.783753,-1.13121,-0.0286137,-0.785398,0.523599,-0.523599,1.17178,0.0979738,0.65,0.746603,2,30,0.994944,0.0110599,-0.22997
9.676,0.783743,-1.13163,-0.0287991,-0.785398,0.523599,-0.523599,1.17228,0.0985318,0.65,0.747212,2,30,0.995547,0.0111046,-0.229455
9.678,0.783732,-1.13206,-0.0289836,-0.785398,0.523599,-0.523599,1.17279,0.0990911,0.65,0.747821,2,30,0.996149,0.0111494,-0.22894
9.68,0.783722,-1.13248,-0.0291673,-0.785398,0.523599,-0.523599,1.17329,0.0996517,0.65,0.74843,2,30,0.996751,0.0111944,-0.228423
9.682,0.783711,-1.13291,-0.0293502,-0.785398,0.523599,-0.523599,1.1738,0.100214,0.65,0.749038,2,30,0.997352,0.0112394,-0.227907
9.684,0.783701,-1.13333,-0.0295323,-0.785398,0.523599,-0.523599,1.1743,0.100777,0.65,0.749645,2,30,0.997952,0.0112845,-0.227389
9.686,0.783691,-1.13376,-0.0297135,-0.785398,0.523599,-0.523599,1.1748,0.101341,0.65,0.750251,2,30,0.998552,0.0113297,-0.226872
9.688,0.783681,-1.13419,-0.029894,-0.785398,0.523599,-0.523599,1.1753,0.101907,0.65,0.750857,2,30,0.999151,0.0113749,-0.226353
9.69,0.78367,-1.13461,-0.0300735,-0.785398,0.523599,-0.523599,1.17579,0.102473,0.65,0.751462,2,30,0.999749,0.0114203,-0.225834
9.692,0.78366,-1.13504,-0.0302523,-0.785398,0.523599,-0.523599,1.17629,0.103042,0.65,0.752067,2,30,1.00035,0.0114658,-0.225315
9.694,0.78365,-1.13547,-0.0304302,-0.785398,0.523599,-0.523599,1.17678,0.103611,0.65,0.75267,2,30,1.00094,0.0115113,-0.224795
9.696,0.78364,-1.1359,-0.0306073,-0.785398,0.523599,-0.523599,1.17728,0.104181,0.65,0.753274,2,30,1.00154,0.0115569,-0.224274
9.698,0.78363,-1.13633,-0.0307835,-0.785398,0.523599,-0.523599,1.17777,0.104753,0.65,0.753876,2,30,1.00214,0.0116026,-0.223753
9.7,0.783621,-1.13675,-0.0309589,-0.785398,0.523599,-0.523599,1.17826,0.105326,0.65,0.754478,2,30,1.00273,0.0116484,-0.223232
9.702,0.783611,-1.13718,-0.0311335,-0.785398,0.523599,-0.523599,1.17875,0.105901,0.65,0.755079,2,30,1.00332,0.0116942,-0.222709
9.704,0.783601,-1.13761,-0.0313072,-0.785398,0.523599,-0.523599,1.17923,0.106476,0.65,0.755679,2,30,1.00392,0.0117402,-0.222187
9.706,0.783591,-1.13805,-0.0314801,-0.785398,0.523599,-0.523599,1.17972,0.107053,0.65,0.756279,2,30,1.00451,0.0117862,-0.221663
9.708,0.783582,-1.13848,-0.0316522,-0.785398,0.523599,-0.523599,1.1802,0.107631,0.65,0.756878,2,30,1.0051,0.0118323,-0.221139
9.71,0.783572,-1.13891,-0.0318234,-0.785398,0.523599,-0.523599,1.18069,0.10821,0.65,0.757476,2,30,1.00569,0.0118785,-0.220615
9.712,0.783563,-1.13934,-0.0319938,-0.785398,0.523599,-0.523599,1.18117,0.10879,0.65,0.758074,2,30,1.00628,0.0119247,-0.22009
9.714,0.783553,-1.13977,-0.0321633,-0.785398,0.523599,-0.523599,1.18165,0.109372,0.65,0.758671,2,30,1.00687,0.011971,-0.219565
9.716,0.783544,-1.1402,-0.032332,-0.785398,0.523599,-0.523599,1.18213,0.109955,0.65,0.759267,2,30,1.00746,0.0120174,-0.219039
9.718,0.783534,-1.14064,-0.0324999,-0.785398,0.523599,-0.523599,1.1826,0.110539,0.65,0.759862,2,30,1.00805,0.0120638,-0.218512
9.72,0.783525,-1.14107,-0.0326669,-0.785398,0.523599,-0.523599,1.18308,0.111124,0.65,0.760457,2,30,1.00864,0.0121104,-0.217985
9.722,0.783516,-1.14151,-0.0328331,-0.785398,0.523599,-0.523599,1.18355,0.11171,0.65,0.761051,2,30,1.00923,0.012157,-0.217457
9.724,0.783507,-1.14194,-0.0329984,-0.785398,0.523599,-0.523599,1.18403,0.112298,0.65,0.761645,2,30,1.00981,0.0122036,-0.216929
9.726,0.783498,-1.14237,-0.0331629,-0.785398,0.523599,-0.523599,1.1845,0.112887,0.65,0.762237,2,30,1.0104,0.0122503,-0.2164
9.728,0.783488,-1.14281,-0.0333266,-0.785398,0.523599,-0.523599,1.18497,0.113477,0.65,0.762829,2,30,1.01098,0.0122971,-0.215871
9.73,0.783479,-1.14325,-0.0334894,-0.785398,0.523599,-0.523599,1.18543,0.114068,0.65,0.763421,2,30,1.01157,0.012344,-0.215342
9.732,0.783471,-1.14368,-0.0336513,-0.785398,0.523599,-0.523599,1.1859,0.11466,0.65,0.764011,2,30,1.01215,0.0123909,-0.214811
9.734,0.783462,-1.14412,-0.0338124,-0.785398,0.523599,-0.523599,1.18637,0.115254,0.65,0.764601,2,30,1.01274,0.0124379,-0.21428
9.736,0.783453,-1.14456,-0.0339727,-0.785398,0.523599,-0.523599,1.18683,0.115848,0.65,0.76519,2,30,1.01332,0.0124849,-0.213749
9.738,0.783444,-1.14499,-0.0341321,-0.785398,0.523599,-0.523599,1.18729,0.116444,0.65,0.765779,2,30,1.0139,0.012532,-0.213217
9.74,0.783435,-1.14543,-0.0342907,-0.785398,0.523599,-0.523599,1.18775,0.117041,0.65,0.766367,2,30,1.01448,0.0125791,-0.212685
9.742,0.783427,-1.14587,-0.0344484,-0.785398,0.523599,-0.523599,1.18821,0.117639,0.65,0.766954,2,30,1.01506,0.0126263,-0.212152
9.744,0.783418,-1.14631,-0.0346052,-0.785398,0.523599,-0.523599,1.18867,0.118238,0.65,0.76754,2,30,1.01564,0.0126736,-0.211618
9.746,0.78341,-1.14675,-0.0347612,-0.785398,0.523599,-0.523599,1.18912,0.118839,0.65,0.768126,2,30,1.01622,0.0127209,-0.211085
9.748,0.783401,-1.14719,-0.0349164,-0.785398,0.523599,-0.523599,1.18958,0.11944,0.65,0.768711,2,30,1.0168,0.0127683,-0.21055
9.75,0.783393,-1.14763,-0.0350707,-0.785398,0.523599,-0.523599,1.19003,0.120043,0.65,0.769295,2,30,1.01737,0.0128157,-0.210015
9.752,0.783384,-1.14807,-0.0352242,-0.785398,0.523599,-0.523599,1.19048,0.120647,0.65,0.769878,2,30,1.01795,0.0128632,-0.209479
9.754,0.783376,-1.14851,-0.0353768,-0.785398,0.523599,-0.523599,1.19093,0.121252,0.65,0.770461,2,30,1.01852,0.0129107,-0.208943
9.756,0.783368,-1.14895,-0.0355285,-0.785398,0.523599,-0.523599,1.19138,0.121858,0.65,0.771043,2,30,1.0191,0.0129582,-0.208407
9.758,0.78336,-1.14939,-0.0356794,-0.785398,0.523599,-0.523599,1.19183,0.122465,0.65,0.771624,2,30,1.01967,0.0130059,-0.20787
9.76,0.783352,-1.14983,-0.0358294,-0.785398,0.523599,-0.523599,1.19227,0.123073,0.65,0.772205,2,30,1.02025,0.0130535,-0.207332
9.762,0.783343,-1.15027,-0.0359786,-0.785398,0.523599,-0.523599,1.19272,0.123683,0.65,0.772785,2,30,1.02082,0.0131012,-0.206794
9.764,0.783335,-1.15072,-0.0361269,-0.785398,0.523599,-0.523599,1.19316,0.124294,0.65,0.773364,2,30,1.02139,0.013149,-0.206255
9.766,0.783328,-1.15116,-0.0362744,-0.785398,0.523599,-0.523599,1.1936,0.124905,0.65,0.773942,2,30,1.02196,0.0131967,-0.205716
9.768,0.78332,-1.1516,-0.036421,-0.785398,0.523599,-0.523599,1.19404,0.125518,0.65,0.77452,2,30,1.02253,0.0132446,-0.205177
9.77,0.783312,-1.15205,-0.0365668,-0.785398,0.523599,-0.523599,1.19448,0.126132,0.65,0.775096,2,30,1.0231,0.0132924,-0.204637
9.772,0.783304,-1.15249,-0.0367116,-0.785398,0.523599,-0.523599,1.19491,0.126747,0.65,0.775673,2,30,1.02367,0.0133404,-0.204096
9.774,0.783296,-1.15294,-0.0368557,-0.785398,0.523599,-0.523599,1.19535,0.127363,0.65,0.776248,2,30,1.02424,0.0133883,-0.203555
9.776,0.783289,-1.15338,-0.0369988,-0.785398,0.523599,-0.523599,1.19578,0.12798,0.65,0.776823,2,30,1.02481,0.0134363,-0.203013
9.778,0.783281,-1.15383,-0.0371411,-0.785398,0.523599,-0.523599,1.19621,0.128598,0.65,0.777397,2,30,1.02537,0.0134843,-0.202471
9.78,0.783273,-1.15427,-0.0372826,-0.785398,0.523599,-0.523599,1.19664,0.129218,0.65,0.77797,2,30,1.02594,0.0135324,-0.201928
9.782,0.783266,-1.15472,-0.0374231,-0.785398,0.523599,-0.523599,1.19707,0.129838,0.65,0.778542,2,30,1.02651,0.0135804,-0.201385
9.784,0.783259,-1.15517,-0.0375629,-0.785398,0.523599,-0.523599,1.1975,0.13046,0.65,0.779114,2,30,1.02707,0.0136286,-0.200841
9.786,0.783251,-1.15561,-0.0377017,-0.785398,0.523599,-0.523599,1.19792,0.131082,0.65,0.779685,2,30,1.02763,0.0136767,-0.200297
9.788,0.783244,-1.15606,-0.0378397,-0.785398,0.523599,-0.523599,1.19835,0.131706,0.65,0.780255,2,30,1.0282,0.0137249,-0.199752
9.79,0.783237,-1.15651,-0.0379768,-0.785398,0.523599,-0.523599,1.19877,0.132331,0.65,0.780825,2,30,1.02876,0.0137731,-0.199207
9.792,0.783229,-1.15696,-0.0381131,-0.785398,0.523599,-0.523599,1.19919,0.132956,0.65,0.781393,2,30,1.02932,0.0138213,-0.198662
9.794,0.783222,-1.15741,-0.0382484,-0.785398,0.523599,-0.523599,1.19961,0.133583,0.65,0.781961,2,30,1.02988,0.0138696,-0.198115
9.796,0.783215,-1.15785,-0.038383,-0.785398,0.523599,-0.523599,1.20003,0.134211,0.65,0.782528,2,30,1.03044,0.0139179,-0.197569
9.798,0.783208,-1.1583,-0.0385166,-0.785398,0.523599,-0.523599,1.20044,0.13484,0.65,0.783095,2,30,1.031,0.0139662,-0.197021
9.8,0.783201,-1.15875,-0.0386494,-0.785398,0.523599,-0.523599,1.20086,0.13547,0.65,0.78366,2,30,1.03156,0.0140145,-0.196474
9.802,0.783194,-1.1592,-0.0387813,-0.785398,0.523599,-0.523599,1.20127,0.136101,0.65,0.784225,2,30,1.03212,0.0140629,-0.195926
9.804,0.783187,-1.15965,-0.0389123,-0.785398,0.523599,-0.523599,1.20168,0.136733,0.65,0.784791,2,30,1.03267,0.0141203,-0.195377
9.806,0.78318,-1.1601,-0.0390425,-0.785398,0.523599,-0.523599,1.20209,0.137366,0.65,0.785356,2,30,1.03323,0.0141784,-0.194828
9.808,0.783174,-1.16056,-0.0391718,-0.785398,0.523599,-0.523599,1.2025,0.138,0.65,0.78592,2,30,1.03378,0.0142364,-0.194278
9.81,0.783167,-1.16101,-0.0393002,-0.785398,0.523599,-0.523599,1.20291,0.138635,0.65,0.786483,2,30,1.03434,0.0142944,-0.193728
9.812,0.78316,-1.16146,-0.0394278,-0.785398,0.523599,-0.523599,1.20331,0.139271,0.65,0.787046,2,30,1.03489,0.0143524,-0.193177
9.814,0.783154,-1.16191,-0.0395545,-0.785398,0.523599,-0.523599,1.20371,0.139908,0.65,0.787608,2,30,1.03545,0.0144104,-0.192626
9.816,0.783147,-1.16236,-0.0396803,-0.785398,0.523599,-0.523599,1.20412,0.140547,0.65,0.788167,2,30,1.036,0.0144605,-0.192075
9.818,0.78314,-1.16282,-0.0398052,-0.785398,0.523599,-0.523599,1.20452,0.141186,0.65,0.788726,2,30,1.03655,0.0145088,-0.191523
9.82,0.783134,-1.16327,-0.0399293,-0.785398,0.523599,-0.523599,1.20491,0.141826,0.65,0.789284,2,30,1.0371,0.0145571,-0.19097
9.822,0.783128,-1.16372,-0.0400524,-0.785398,0.523599,-0.523599,1.20531,0.142467,0.65,0.789841,2,30,1.03765,0.0146054,-0.190417
9.824,0.783121,-1.16418,-0.0401747,-0.785398,0.523599,-0.523599,1.20571,0.143109,0.65,0.790398,2,30,1.0382,0.0146538,-0.189864
9.826,0.783115,-1.16463,-0.0402962,-0.785398,0.523599,-0.523599,1.2061,0.143752,0.65,0.790954,2,30,1.03875,0.0147021,-0.189309
9.828,0.783109,-1.16509,-0.0404167,-0.785398,0.523599,-0.523599,1.20649,0.144397,0.65,0.791508,2,30,1.0393,0.0147505,-0.188755
9.83,0.783102,-1.16554,-0.0405364,-0.785398,0.523599,-0.523599,1.20688,0.145042,0.65,0.792063,2,30,1.03984,0.0147988,-0.1882
9.832,0.783096,-1.166,-0.0406552,-0.785398,0.523599,-0.523599,1.20727,0.145688,0.65,0.792616,2,30,1.04039,0.0148472,-0.187645
9.834,0.78309,-1.16645,-0.0407731,-0.785398,0.523599,-0.523599,1.20766,0.146335,0.65,0.793168,2,30,1.04093,0.0148956,-0.187089
9.836,0.783084,-1.16691,-0.0408901,-0.785398,0.523599,-0.523599,1.20804,0.146983,0.65,0.79372,2,30,1.04148,0.014944,-0.186532
9.838,0.783078,-1.16737,-0.0410062,-0.785398,0.523599,-0.523599,1.20843,0.147632,0.65,0.794271,2,30,1.04202,0.0149924,-0.185975
9.84,0.783072,-1.16782,-0.0411215,-0.785398,0.523599,-0.523599,1.20881,0.148282,0.65,0.794821,2,30,1.04257,0.0150408,-0.185418
9.842,0.783066,-1.16828,-0.0412359,-0.785398,0.523599,-0.523599,1.20919,0.148933,0.65,0.795371,2,30,1.04311,0.0150891,-0.18486
9.844,0.783061,-1.16874,-0.0413494,-0.785398,0.523599,-0.523599,1.20957,0.149585,0.65,0.795919,2,30,1.04365,0.0151375,-0.184302
9.846,0.783055,-1.1692,-0.041462,-0.785398,0.523599,-0.523599,1.20994,0.150238,0.65,0.796467,2,30,1.04419,0.0151859,-0.183743
9.848,0.783049,-1.16965,-0.0415737,-0.785398,0.523599,-0.523599,1.21032,0.150891,0.65,0.797014,2,30,1.04473,0.0152343,-0.183184
9.85,0.783043,-1.17011,-0.0416846,-0.785398,0.523599,-0.523599,1.21069,0.151546,0.65,0.79756,2,30,1.04527,0.0152827,-0.182624
9.852,0.783038,-1.17057,-0.0417946,-0.785398,0.523599,-0.523599,1.21107,0.152202,0.65,0.798106,2,30,1.04581,0.0153311,-0.182064
9.854,0.783032,-1.17103,-0.0419036,-0.785398,0.523599,-0.523599,1.21144,0.152858,0.65,0.798651,2,30,1.04634,0.0153795,-0.181504
9.856,0.783027,-1.17149,-0.0420118,-0.785398,0.523599,-0.523599,1.21181,0.153516,0.65,0.799194,2,30,1.04688,0.0154278,-0.180942
9.858,0.783021,-1.17195,-0.0421191,-0.785398,0.523599,-0.523599,1.21217,0.154174,0.65,0.799738,2,30,1.04742,0.0154762,-0.180381
9.86,0.783016,-1.17241,-0.0422255,-0.785398,0.523599,-0.523599,1.21254,0.154834,0.65,0.80028,2,30,1.04795,0.0155246,-0.179819
9.862,0.78301,-1.17287,-0.0423311,-0.785398,0.523599,-0.523599,1.2129,0.155494,0.65,0.800821,2,30,1.04849,0.0155729,-0.179256
9.864,0.783005,-1.17333,-0.0424357,-0.785398,0.523599,-0.523599,1.21327,0.156155,0.65,0.801362,2,30,1.04902,0.0156212,-0.178693
9.866,0.782999,-1.17379,-0.0425394,-0.785398,0.523599,-0.523599,1.21363,0.156817,0.65,0.801902,2,30,1.04955,0.0156696,-0.17813
9.868,0.782994,-1.17425,-0.0426423,-0.785398,0.523599,-0.523599,1.21399,0.15748,0.65,0.802441,2,30,1.05008,0.0157179,-0.177566
9.87,0.782989,-1.17472,-0.0427443,-0.785398,0.523599,-0.523599,1.21434,0.158144,0.65,0.802979,2,30,1.05061,0.0157662,-0.177002
9.872,0.782984,-1.17518,-0.0428453,-0.785398,0.523599,-0.523599,1.2147,0.158809,0.65,0.803516,2,30,1.05114,0.0158145,-0.176437
9.874,0.782979,-1.17564,-0.0429455,-0.785398,0.523599,-0.523599,1.21505,0.159475,0.65,0.804053,2,30,1.05167,0.0158627,-0.175872
9.876,0.782974,-1.1761,-0.0430448,-0.785398,0.523599,-0.523599,1.2154,0.160141,0.65,0.804589,2,30,1.0522,0.015911,-0.175306
9.878,0.782969,-1.17657,-0.0431432,-0.785398,0.523599,-0.523599,1.21576,0.160809,0.65,0.805124,2,30,1.05273,0.0159592,-0.17474
9.88,0.782964,-1.17703,-0.0432407,-0.785398,0.523599,-0.523599,1.2161,0.161477,0.65,0.805658,2,30,1.05326,0.0160074,-0.174173
9.882,0.782959,-1.1775,-0.0433373,-0.785398,0.523599,-0.523599,1.21645,0.162146,0.65,0.806191,2,30,1.05378,0.0160556,-0.173606
9.884,0.782954,-1.17796,-0.043433,-0.785398,0.523599,-0.523599,1.2168,0.162816,0.65,0.806724,2,30,1.05431,0.0161038,-0.173039
9.886,0.782949,-1.17842,-0.0435279,-0.785398,0.523599,-0.523599,1.21714,0.163487,0.65,0.807256,2,30,1.05483,0.016152,-0.172471
9.888,0.782944,-1.17889,-0.0436218,-0.785398,0.523599,-0.523599,1.21748,0.164159,0.65,0.807787,2,30,1.05536,0.0162001,-0.171903
9.89,0.782939,-1.17935,-0.0437148,-0.785398,0.523599,-0.523599,1.21782,0.164832,0.65,0.808317,2,30,1.05588,0.0162482,-0.171334
9.892,0.782935,-1.17982,-0.0438069,-0.785398,0.523599,-0.523599,1.21816,0.165505,0.65,0.808846,2,30,1.0564,0.0162963,-0.170765
9.894,0.78293,-1.18029,-0.0438982,-0.785398,0.523599,-0.523599,1.2185,0.16618,0.65,0.809375,2,30,1.05692,0.0163443,-0.170195
9.896,0.782925,-1.18075,-0.0439885,-0.785398,0.523599,-0.523599,1.21884,0.166855,0.65,0.809902,2,30,1.05744,0.0163924,-0.169625
9.898,0.782921,-1.18122,-0.0440779,-0.785398,0.523599,-0.523599,1.21917,0.167531,0.65,0.810429,2,30,1.05796,0.0164403,-0.169054
9.9,0.782916,-1.18169,-0.0441664,-0.785398,0.523599,-0.523599,1.2195,0.168208,0.65,0.810955,2,30,1.05848,0.0164883,-0.168483
9.902,0.782912,-1.18215,-0.0442541,-0.785398,0.523599,-0.523599,1.21983,0.168886,0.65,0.81148,2,30,1.059,0.0165363,-0.167912
9.904,0.782907,-1.18262,-0.0443408,-0.785398,0.523599,-0.523599,1.22016,0.169564,0.65,0.812004,2,30,1.05952,0.0165842,-0.16734
9.906,0.782903,-1.18309,-0.0444266,-0.785398,0.523599,-0.523599,1.22049,0.170244,0.65,0.812528,2,30,1.06003,0.016632,-0.166767
9.908,0.782899,-1.18356,-0.0445116,-0.785398,0.523599,-0.523599,1.22081,0.170924,0.65,0.813051,2,30,1.06055,0.0166799,-0.166194
9.91,0.782894,-1.18402,-0.0445956,-0.785398,0.523599,-0.523599,1.22114,0.171605,0.65,0.813572,2,30,1.06106,0.0167277,-0.165621
9.912,0.78289,-1.18449,-0.0446787,-0.785398,0.523599,-0.523599,1.22146,0.172287,0.65,0.814093,2,30,1.06158,0.0167755,-0.165048
9.914,0.782886,-1.18496,-0.0447609,-0.785398,0.523599,-0.523599,1.22178,0.17297,0.65,0.814614,2,30,1.06209,0.0168232,-0.164473
9.916,0.782881,-1.18543,-0.0448422,-0.785398,0.523599,-0.523599,1.2221,0.173653,0.65,0.815133,2,30,1.0626,0.0168709,-0.163899
9.918,0.782877,-1.1859,-0.0449226,-0.785398,0.523599,-0.523599,1.22241,0.174337,0.65,0.815651,2,30,1.06311,0.0169185,-0.163324
9.92,0.782873,-1.18637,-0.0450021,-0.785398,0.523599,-0.523599,1.22273,0.175022,0.65,0.816169,2,30,1.06362,0.0169662,-0.162749
9.922,0.782869,-1.18684,-0.0450807,-0.785398,0.523599,-0.523599,1.22304,0.175708,0.65,0.816686,2,30,1.06413,0.0170137,-0.162173
9.924,0.782865,-1.18731,-0.0451584,-0.785398,0.523599,-0.523599,1.22335,0.176395,0.65,0.817202,2,30,1.06464,0.0170613,-0.161597
9.926,0.782861,-1.18778,-0.0452352,-0.785398,0.523599,-0.523599,1.22366,0.177082,0.65,0.817717,2,30,1.06515,0.0171088,-0.16102
9.928,0.782857,-1.18825,-0.0453111,-0.785398,0.523599,-0.523599,1.22397,0.17777,0.65,0.818231,2,30,1.06566,0.0171562,-0.160443
9.93,0.782853,-1.18872,-0.0453861,-0.785398,0.523599,-0.523599,1.22428,0.178459,0.65,0.818745,2,30,1.06616,0.0172036,-0.159865
9.932,0.782849,-1.1892,-0.0454601,-0.785398,0.523599,-0.523599,1.22458,0.179149,0.65,0.819257,2,30,1.06667,0.017251,-0.159287
9.934,0.782845,-1.18967,-0.0455333,-0.785398,0.523599,-0.523599,1.22488,0.179839,0.65,0.819769,2,30,1.06717,0.0172983,-0.158709
9.936,0.782842,-1.19014,-0.0456055,-0.785398,0.523599,-0.523599,1.22519,0.180531,0.65,0.82028,2,30,1.06768,0.0173456,-0.15813
9.938,0.782838,-1.19061,-0.0456768,-0.785398,0.523599,-0.523599,1.22548,0.181223,0.65,0.82079,2,30,1.06818,0.0173928,-0.157551
9.94,0.782834,-1.19109,-0.0457472,-0.785398,0.523599,-0.523599,1.22578,0.181915,0.65,0.821299,2,30,1.06868,0.0174399,-0.156971
9.942,0.78283,-1.19156,-0.0458167,-0.785398,0.523599,-0.523599,1.22608,0.182609,0.65,0.821807,2,30,1.06918,0.0174871,-0.156391
9.944,0.782827,-1.19203,-0.0458853,-0.785398,0.523599,-0.523599,1.22637,0.183303,0.65,0.822315,2,30,1.06968,0.0175341,-0.155811
9.946,0.782823,-1.19251,-0.045953,-0.785398,0.523599,-0.523599,1.22667,0.183998,0.65,0.822821,2,30,1.07018,0.0175811,-0.15523
9.948,0.782819,-1.19298,-0.0460198,-0.785398,0.523599,-0.523599,1.22696,0.184694,0.65,0.823327,2,30,1.07068,0.0176281,-0.154648
9.95,0.782816,-1.19346,-0.0460856,-0.785398,0.523599,-0.523599,1.22724,0.18539,0.65,0.823832,2,30,1.07118,0.017675,-0.154067
9.952,0.782812,-1.19393,-0.0461506,-0.785398,0.523599,-0.523599,1.22753,0.186087,0.65,0.824336,2,30,1.07168,0.0177218,-0.153485
9.954,0.782809,-1.19441,-0.0462146,-0.785398,0.523599,-0.523599,1.22782,0.186785,0.65,0.824839,2,30,1.07217,0.0177686,-0.152902
9.956,0.782806,-1.19488,-0.0462777,-0.785398,0.523599,-0.523599,1.2281,0.187484,0.65,0.825342,2,30,1.07267,0.0178156,-0.152319
9.958,0.782803,-1.19536,-0.0463399,-0.785398,0.523599,-0.523599,1.22838,0.188183,0.65,0.825844,2,30,1.07316,0.0178626,-0.151736
9.96,0.7828,-1.19583,-0.0464012,-0.785398,0.523599,-0.523599,1.22866,0.188883,0.65,0.826345,2,30,1.07366,0.0179095,-0.151152
9.962,0.782798,-1.19631,-0.0464615,-0.785398,0.523599,-0.523599,1.22894,0.189584,0.65,0.826845,2,30,1.07415,0.0179563,-0.150568
9.964,0.782796,-1.19679,-0.046521,-0.785398,0.523599,-0.523599,1.22922,0.190285,0.65,0.827344,2,30,1.07464,0.0180031,-0.149984
9.966,0.782794,-1.19726,-0.0465795,-0.785398,0.523599,-0.523599,1.22949,0.190987,0.65,0.827843,2,30,1.07514,0.0180498,-0.149399
9.968,0.782793,-1.19774,-0.0466371,-0.785398,0.523599,-0.523599,1.22977,0.19169,0.65,0.82834,2,30,1.07563,0.0180964,-0.148813
9.97,0.782791,-1.19822,-0.0466938,-0.785398,0.523599,-0.523599,1.23004,0.192394,0.65,0.828837,2,30,1.07612,0.018143,-0.148228
9.972,0.78279,-1.19869,-0.0467496,-0.785398,0.523599,-0.523599,1.23031,0.193098,0.65,0.829333,2,30,1.0766,0.0181895,-0.147641
9.974,0.78279,-1.19917,-0.0468044,-0.785398,0.523599,-0.523599,1.23057,0.193803,0.65,0.829828,2,30,1.07709,0.0182359,-0.147055
9.976,0.782789,-1.19965,-0.0468583,-0.785398,0.523599,-0.523599,1.23084,0.194508,0.65,0.830322,2,30,1.07758,0.0182822,-0.146468
9.978,0.782789,-1.20013,-0.0469114,-0.785398,0.523599,-0.523599,1.2311,0.195214,0.65,0.830816,2,30,1.07807,0.0183285,-0.14588
9.98,0.782789,-1.20061,-0.0469634,-0.785398,0.523599,-0.523599,1.23137,0.195921,0.65,0.831308,2,30,1.07855,0.0183746,-0.145293
9.982,0.782788,-1.20109,-0.0470146,-0.785398,0.523599,-0.523599,1.23163,0.196629,0.65,0.8318,2,30,1.07904,0.0184205,-0.144704
9.984,0.782788,-1.20157,-0.0470648,-0.785398,0.523599,-0.523599,1.23189,0.197337,0.65,0.83229,2,30,1.07952,0.0184663,-0.144115
9.986,0.782788,-1.20205,-0.0471142,-0.785398,0.523599,-0.523599,1.23214,0.198046,0.65,0.83278,2,30,1.08,0.018512,-0.143526
9.988,0.782788,-1.20253,-0.0471625,-0.785398,0.523599,-0.523599,1.2324,0.198755,0.65,0.833269,2,30,1.08048,0.0185577,-0.142937
9.99,0.782787,-1.20301,-0.04721,-0.785398,0.523599,-0.523599,1.23265,0.199465,0.65,0.833756,2,30,1.08097,0.0186033,-0.142347
9.992,0.782787,-1.20349,-0.0472566,-0.785398,0.523599,-0.523599,1.2329,0.200176,0.65,0.834243,2,30,1.08145,0.0186488,-0.141757
9.994,0.782787,-1.20397,-0.0473022,-0.785398,0.523599,-0.523599,1.23315,0.200887,0.65,0.834729,2,30,1.08193,0.0186942,-0.141166
9.996,0.782787,-1.20445,-0.0473469,-0.785398,0.523599,-0.523599,1.2334,0.201599,0.65,0.835215,2,30,1.0824,0.0187396,-0.140575
9.998,0.782786,-1.20493,-0.0473906,-0.785398,0.523599,-0.523599,1.23365,0.202312,0.65,0.835699,2,30,1.08288,0.0187849,-0.139983
10,0.782786,-1.20541,-0.0474335,-0.785398,0.523599,-0.523599,1.23389,0.203025,0.65,0.836182,2,30,1.08336,0.0188301,-0.139392
